municipality_code,year,ev_count,fleet_total,charger_kw_cumulative,income_after_tax_median,median_age,population,detached,total_dwellings,area_km2,municipality_name,ev_share_raw,ev_share_sqrt,charger_access_asinh,pop_density,log_pop_density,share_detached,log_income
1820,2016,36,3680,0,489000,42.31875,7437,2414,2433,584.9517983404467,Alstahaug,0.009782608695652175,0.09890707100936806,0,12.713868084685512,2.542693372865417,0.9921907110563091,13.10011776845701
1820,2017,47,3737,50,495000,42.57,7428,2426,2445,584.9517983404467,Alstahaug,0.012576933369012578,0.11214692759506423,4.605270170991424,12.698482201565682,2.541482474634713,0.9922290388548057,13.112313041550827
1820,2018,72,3756,50,518000,42.689655172413794,7450,2435,2454,584.9517983404467,Alstahaug,0.019169329073482427,0.13845334619821373,4.605270170991424,12.73609213808082,2.544439863535722,0.9922575387123065,13.15773052124162
1820,2019,103,3852,50,544000,43.43292682926829,7415,2445,2464,584.9517983404467,Alstahaug,0.026739356178608516,0.16352172998904005,4.605270170991424,12.676258148170373,2.5397308067341493,0.992288961038961,13.206704525838079
1820,2020,167,3876,61,544000,43.49285714285714,7447,2437,2456,584.9517983404467,Alstahaug,0.043085655314757484,0.20757084408644072,4.8040882242035385,12.73096351037421,2.544037097872762,0.9922638436482085,13.206704525838079
1820,2021,282,3941,61,555000,44.183098591549296,7394,2441,2460,584.9517983404467,Alstahaug,0.07155544278102005,0.2674984911752215,4.8040882242035385,12.640357754224105,2.536894691658694,0.9922764227642277,13.226723392728571
1820,2022,415,3947,61,577000,44.40625,7333,2446,2480,584.9517983404467,Alstahaug,0.10514314669369142,0.32425783983381407,4.8040882242035385,12.53607565752304,2.5286105402559165,0.9862903225806452,13.265597545490236
1820,2023,514,3949,83,610000,44.61971830985915,7300,2453,2487,584.9517983404467,Alstahaug,0.1301595340592555,0.3607762936492024,5.112024076118548,12.479660752750334,2.5241001792985993,0.9863289103337354,13.321214236149494
5403,2016,67,10842,22,541000,35.72826086956522,20097,5509,6153,4564.651839327554,Alta,0.006179671647297547,0.07861088758751898,3.7847057630994327,4.402745424492355,1.4822283064539405,0.8953356086461889,13.201174557828619
5403,2017,105,11155,29.4,550000,35.54708520179372,20446,5573,6274,4564.651839327554,Alta,0.00941281936351412,0.09701968544328578,4.074430960841815,4.479202515259526,1.4994450205945227,0.8882690468600574,13.217673557208654
5403,2018,155,11392,29.4,564000,35.51730769230769,20635,5654,6367,4564.651839327554,Alta,0.013606039325842697,0.1166449284188674,4.074430960841815,4.520607644643467,1.5086464194642455,0.8880163342233391,13.242809530480196
5403,2019,218,11558,33,583000,35.90963855421687,20665,5710,6427,4564.651839327554,Alta,0.018861394704966256,0.13733679297612222,4.1898842314256335,4.527179887402823,1.510099204223396,0.8884393962968725,13.27594246533263
5403,2020,334,11771,33,589000,36.017857142857146,20789,5785,6618,4564.651839327554,Alta,0.028374819471582702,0.16844826942293797,4.1898842314256335,4.554345157474826,1.5160817569246774,0.8741311574493805,13.286181462633724
5403,2021,562,12096,33,610000,36.379629629629626,20847,5837,6744,4564.651839327554,Alta,0.04646164021164021,0.21554962354789722,4.1898842314256335,4.567051493476247,1.5188678092600003,0.8655100830367735,13.321214236149494
5403,2022,828,12186,33,638000,36.42348754448398,21144,5909,6858,4564.651839327554,Alta,0.06794682422451995,0.26066611637211295,4.1898842314256335,4.632116696793868,1.5330139335616886,0.8616214639836687,13.366093562326927
5403,2023,1076,12103,262.4,680000,36.60996563573883,21317,5972,6951,4564.651839327554,Alta,0.08890357762538213,0.29816702974236126,6.263020868493879,4.670016630039485,1.5411626327107577,0.859156955833693,13.42984807715229
3428,2016,6,1407,0,476000,42.1,2426,1078,1083,942.6696396693692,Alvdal,0.0042643923240938165,0.06530231484483393,0,2.573542095670857,0.9452831973387947,0.9953831948291783,13.073173133213556
3428,2017,13,1447,0,486000,41.62,2441,1082,1087,942.6696396693692,Alvdal,0.008984105044920525,0.09478451901508245,0,2.5894543510027046,0.9514471782277594,0.9954001839926403,13.093963902882631
3428,2018,18,1461,0,513000,42.166666666666664,2424,1086,1091,942.6696396693692,Alvdal,0.012320328542094456,0.11099697537363104,0,2.5714204616266105,0.9444584550240044,0.995417048579285,13.148031124152906
3428,2019,29,1508,0,549000,42.42424242424242,2418,1094,1099,942.6696396693692,Alvdal,0.019230769230769232,0.1386750490563073,0,2.5650555594938713,0.9419801390095374,0.9954504094631483,13.215853720491667
3428,2020,41,1513,0,556000,42.92307692307692,2432,1096,1101,942.6696396693692,Alvdal,0.027098479841374753,0.1646161591137843,0,2.579906997803596,0.947753350920857,0.9954586739327884,13.228523573232719
3428,2021,63,1537,0,581000,43.1,2405,1097,1101,942.6696396693692,Alvdal,0.04098893949251789,0.2024572534944547,0,2.55126493820627,0.936589290374661,0.9963669391462306,13.272506035834049
3428,2022,111,1557,0,587000,43.31666666666667,2445,1101,1105,942.6696396693692,Alvdal,0.07129094412331406,0.2670036406555425,0,2.5936976190911976,0.9530845097437718,0.9963800904977376,13.282780098810234
3428,2023,136,1590,62.5,620000,43.06521739130435,2493,1107,1111,942.6696396693692,Alvdal,0.08553459119496855,0.29246297405820204,4.828377731159175,2.644616836153111,0.9725261913583574,0.9963996399639964,13.337474757021274
4631,2016,723,15176,472,561333.3333333334,37.9725,28496,9268,9854,983.3776237371028,Alver,0.04764101212440696,0.21826821143814543,6.850127288306783,28.977677864691938,3.3665258047894273,0.9405317637507611,13.2380701851163
4631,2017,1034,15582,644,578666.6666666666,38.24078624078624,28880,9333,9997,983.3776237371028,Alver,0.06635861891926582,0.2576016671515653,7.160846509456856,29.368168751133602,3.379911392266747,0.9335800740222067,13.268481885534323
4631,2018,1413,15750,644,594000,38.64683544303797,28997,9382,10124,983.3776237371028,Alver,0.08971428571428572,0.29952343099378004,7.160846509456856,29.487146443096297,3.3839544546015916,0.9267088107467404,13.294634598344782
4631,2019,1959,16152,1044,610000,39.2075,29090,9435,10227,983.3776237371028,Alver,0.1212852897473997,0.3482603763671654,7.643962178373716,29.58171845465639,3.3871565507492316,0.9225579348782634,13.321214236149494
4631,2020,2468,16147,1224,612000,39.774025974025975,29224,9487,10385,983.3776237371028,Alver,0.15284572985693937,0.3909548949136452,7.8030268105017555,29.717983503570927,3.3917523677351027,0.9135291285507944,13.324487561494463
4631,2021,3255,16618,1231.4,629000,40.30156657963447,29337,9500,10448,983.3776237371028,Alver,0.1958719460825611,0.44257422663612156,7.8090543579070415,29.832893582133188,3.3956115962403692,0.9092649310872895,13.351886535682578
4631,2022,4125,16829,1231.4,660000,40.55569306930693,29593,9543,10587,983.3776237371028,Alver,0.24511260324439954,0.49508848021782886,7.8090543579070415,30.093220839760967,3.4042999251183113,0.9013884953244545,13.399995114002609
4631,2023,4586,16645,1231.4,705000,40.91563275434243,29920,9562,10686,983.3776237371028,Alver,0.2755181736257134,0.5248982507360006,7.8090543579070415,30.42574823524645,3.4152892313483982,0.8948156466404642,13.465953081794405
1871,2016,8,2678,22,471000,45.776119402985074,4980,2431,2437,2790.93550802984,Andøy,0.002987303958177745,0.05465623439441968,3.7847057630994327,1.7843479312481323,0.5790530438687195,0.9975379565038982,13.062613372998555
1871,2017,19,2767,22,482000,46.43478260869565,4908,2431,2437,2790.93550802984,Andøy,0.0068666425731839535,0.0828652072536113,3.7847057630994327,1.7585501298324966,0.5644896796808229,0.9975379565038982,13.085699393032737
1871,2018,27,2800,22,497000,46.726027397260275,4902,2434,2450,2790.93550802984,Andøy,0.009642857142857142,0.09819805060619657,3.7847057630994327,1.7564003130478603,0.5632664379380787,0.9934693877551021,13.116345305078767
1871,2019,41,2814,22,519000,47.463235294117645,4771,2438,2454,2790.93550802984,Andøy,0.01457000710732054,0.12070628445661204,3.7847057630994327,1.709462646583301,0.5361790793661279,0.993480032599837,13.159659162148026
1871,2020,48,2808,44,532000,48.485074626865675,4663,2438,2459,2790.93550802984,Andøy,0.017094017094017096,0.1307440900921227,4.477465921704087,1.6707659444598475,0.5132821706583417,0.9914599430662872,13.184398768323781
1871,2021,76,2821,55,538000,49.11764705882353,4588,2425,2446,2790.93550802984,Andøy,0.02694080113434952,0.1641365319919655,4.700563000177195,1.6438932346518937,0.49706735209928216,0.991414554374489,13.195613839143922
1871,2022,178,2812,284.4,559000,49,4572,2424,2445,2790.93550802984,Andøy,0.06330014224751067,0.25159519519957185,6.343531969345308,1.6381603898928636,0.49357389876472213,0.9914110429447853,13.233904752137237
1871,2023,245,2773,284.4,603000,48.801886792452834,4577,2416,2437,2790.93550802984,Andøy,0.08835196538045438,0.29724058501566436,6.343531969345308,1.6399519038800605,0.4946669145036629,0.9913828477636438,13.309672475709322
3124,2016,3,829,0,491000,46.94117647058823,1404,651,656,319.2935746676167,Aremark,0.0036188178528347406,0.060156611048452026,0,4.397207182955555,1.480969608250655,0.9923780487804879,13.104199406776658
3124,2017,9,838,0,498000,47.85,1398,652,657,319.2935746676167,Aremark,0.010739856801909307,0.10363328037802001,0,4.378415699267711,1.4766869464586543,0.9923896499238964,13.11835535600679
3124,2018,12,853,0,518000,48.425,1399,648,653,319.2935746676167,Aremark,0.01406799531066823,0.11860858025736684,0,4.381547613215685,1.4774019983303797,0.9923430321592649,13.15773052124162
3124,2019,16,878,0,522000,48.976190476190474,1357,647,652,319.2935746676167,Aremark,0.018223234624145785,0.1349934614125654,0,4.250007227400775,1.4469206834997677,0.9923312883435583,13.165422866864775
3124,2020,30,881,0,518000,49.425,1325,651,656,319.2935746676167,Aremark,0.0340522133938706,0.18453241827351258,0,4.149785981065605,1.423056762085221,0.9923780487804879,13.15773052124162
3124,2021,49,879,0,555000,49.78125,1325,649,654,319.2935746676167,Aremark,0.055745164960182024,0.23610414007420968,0,4.149785981065605,1.423056762085221,0.9923547400611621,13.226723392728571
3124,2022,84,918,0,568000,50.166666666666664,1315,650,655,319.2935746676167,Aremark,0.0915032679738562,0.30249507099101003,0,4.118466841585865,1.4154809682767635,0.9923664122137404,13.249876697703288
3124,2023,106,908,350,612000,50.416666666666664,1329,652,657,319.2935746676167,Aremark,0.11674008810572688,0.3416724866092189,6.5510823758534835,4.162313636857502,1.426071082378144,0.9923896499238964,13.324487561494463
4203,2016,574,23379,3.6,478000,40.99770290964778,44313,14355,16340,920.8829403103484,Arendal,0.024551948329697593,0.1566906134064756,1.992835764939741,48.12012261305003,3.873700439171603,0.8785189718482252,13.077366011473593
4203,2017,803,23589,3.6,488000,41.33796296296296,44576,14378,16491,920.8829403103484,Arendal,0.03404129043198101,0.18450281957731976,1.992835764939741,48.40571808722763,3.879617949042426,0.8718695045782549,13.098070684835283
4203,2018,1003,23506,3.6,500000,41.823089700996675,44645,14376,16579,920.8829403103484,Arendal,0.04266995660682379,0.20656707532136817,1.992835764939741,48.48064617741111,3.8811646704142104,0.86712105675855,13.122363377404328
4203,2019,1372,23984,3.6,510000,42.188538205980066,44785,14403,16649,920.8829403103484,Arendal,0.05720480320213476,0.23917525624975247,1.992835764939741,48.632674186479036,3.8842956133721893,0.8650970028229924,13.142166004700508
4203,2020,1796,23816,66.1,519000,42.57478260869565,44999,14434,16817,920.8829403103484,Arendal,0.07541148807524353,0.2746115221094037,4.884373141089109,48.86505985748287,3.889062618746211,0.8582981506808587,13.159659162148026
4203,2021,2590,24438,73.5,538000,43.00777202072539,45065,14440,16959,920.8829403103484,Arendal,0.10598248629184058,0.3255495143474193,4.9904788605809305,48.93673020461489,3.890528243453404,0.8514652986614777,13.195613839143922
4203,2022,3499,24731,84.5,565000,43.23339160839161,45509,14480,17158,920.8829403103484,Arendal,0.14148235008693544,0.3761413964015865,5.129933725864039,49.41887617623031,3.900332460039462,0.8439212029374052,13.244581010128577
4203,2023,4194,24810,356.5,607000,43.43153153153153,45891,14547,17294,920.8829403103484,Arendal,0.1690447400241838,0.4111505077513389,6.569483387483589,49.833695458115656,3.9086913708542688,0.8411587833930843,13.316284070041636
3203,2016,3993,46943,65.8,588666.6666666666,40.347876447876445,91011,20562,26850,535.2360138009404,Asker,0.08506060541507786,0.29165151365127157,4.879824755411969,170.0390064444503,5.136027860403948,0.7658100558659218,13.285615371477933
3203,2017,5059,47634,65.8,604000,40.51242236024845,92174,20735,27127,535.2360138009404,Asker,0.10620565142545241,0.3258920855520312,4.879824755411969,172.21187966301613,5.1487255772042015,0.764367604231946,13.311329476916953
3203,2018,6209,47815,119.4,622000,40.86548808608762,92828,20907,27617,535.2360138009404,Asker,0.12985464812297395,0.36035350438558794,5.475643917090237,173.43377053570921,5.155795800492024,0.7570337111199623,13.340695371721317
3203,2019,7771,48632,319.4,638000,41.101739788199694,93679,21058,27969,535.2360138009404,Asker,0.15979190656357953,0.39973979857349645,6.459593866919186,175.02372333794443,5.164921526666937,0.7529050019664628,13.366093562326927
3203,2020,9269,48352,398.8,663000,41.380970149253734,94441,21186,28217,535.2360138009404,Asker,0.19169837855724686,0.4378337339187638,6.681608790561279,176.44739435475196,5.173022782966351,0.7508239713647801,13.404530269168
3203,2021,11657,49466,431.8,692000,41.7746020260492,94915,21283,28779,535.2360138009404,Asker,0.23565681478187037,0.48544496576014706,6.761111039471087,177.3329849872543,5.178029236314017,0.7395322978560757,13.447341234599806
3203,2022,14415,50280,431.8,719000,41.989345509893454,96088,21411,29317,535.2360138009404,Asker,0.2866945107398568,0.5354386152864368,6.761111039471087,179.5245415524974,5.190311920323701,0.7303271139611829,13.485616636703183
3203,2023,16109,49969,631.8,773000,41.999272727272725,97784,21515,29840,535.2360138009404,Asker,0.32237987552282416,0.5677850610247016,7.141720695224968,182.69323714896143,5.207808446546474,0.7210120643431636,13.558034327569558
4645,2016,15,1484,0,516000,47.472972972972975,3023,1399,1416,1599.1433915494945,Askvoll,0.010107816711590296,0.10053763828333295,0,1.8903870759649988,0.6367816102003473,0.9879943502824858,13.1538620444637
4645,2017,21,1523,0,522000,47.513888888888886,3065,1410,1427,1599.1433915494945,Askvoll,0.013788575180564675,0.11742476391530313,0,1.9166511372255115,0.650579463791201,0.9880868955851436,13.165422866864775
4645,2018,28,1512,0,526000,47.48571428571429,3052,1413,1430,1599.1433915494945,Askvoll,0.018518518518518517,0.13608276348795434,0,1.9085217849305909,0.6463290078252368,0.9881118881118881,13.173056491719846
4645,2019,40,1544,0,562000,47.07142857142857,3038,1416,1433,1599.1433915494945,Askvoll,0.025906735751295335,0.1609556949949126,0,1.8997670978437533,0.6417312985766074,0.9881367759944173,13.239257128875828
4645,2020,61,1544,7.4,563000,47.40384615384615,3011,1423,1440,1599.1433915494945,Askvoll,0.03950777202072539,0.1987656208219253,2.6991616063975625,1.882883058461995,0.6328041439026231,0.9881944444444445,13.241034907121827
4645,2021,93,1591,207.4,575000,47.9625,2991,1432,1449,1599.1433915494945,Askvoll,0.05845380263984915,0.2417722122987858,6.027802288263205,1.8703763626236558,0.6261396740508373,0.9882677708764666,13.262125319779487
4645,2022,139,1595,214.8,608000,48.4375,2951,1433,1450,1599.1433915494945,Askvoll,0.0871473354231975,0.2952072753561428,6.062859961555508,1.845362970946977,0.6126759903638287,0.9882758620689656,13.317930160948304
4645,2023,185,1579,214.8,651000,48.265625,2949,1434,1451,1599.1433915494945,Askvoll,0.11716276124129196,0.34229046326371987,6.062859961555508,1.844112301363143,0.6119980242361654,0.9882839421088904,13.386264921190707
4627,2016,1958,13699,0,608000,36.08817204301075,28380,7743,8363,221.05417537939965,Askøy,0.14293014088619607,0.3780610279917729,0,128.38481766422572,4.855032141774212,0.9258639244290326,13.317930160948304
4627,2017,2624,14050,222,628000,36.2687074829932,28821,7820,8492,221.05417537939965,Askøy,0.18676156583629894,0.4321591903874068,6.0958296350338355,130.37980373152394,4.870451758138027,0.9208666980687706,13.350295445450335
4627,2018,3259,14169,222,640000,36.58539325842697,29071,7860,8548,221.05417537939965,Askøy,0.23000917495941844,0.4795927177923143,6.0958296350338355,131.5107482141193,4.879088583746245,0.9195133364529715,13.369223455335854
4627,2019,3766,14477,572,653000,37.07222222222222,29275,7963,8683,221.05417537939965,Askøy,0.2601367686675416,0.5100360464394077,7.042286936034912,132.43359891191713,4.886081379526097,0.9170793504549118,13.389332408258568
4627,2020,4351,14560,722,657000,37.512387387387385,29553,8006,8750,221.05417537939965,Askøy,0.2988324175824176,0.546655666377307,7.275172799037451,133.69120917656318,4.895532731583968,0.9149714285714285,13.395439297466748
4627,2021,5237,14894,872,687000,38.10065645514223,29594,8040,8796,221.05417537939965,Askøy,0.35161810124882503,0.5929739465177413,7.46393693325001,133.8766840717088,4.896919108122659,0.9140518417462483,13.440089571204487
4627,2022,6024,15004,872,718000,38.446120689655174,29816,8058,8828,221.05417537939965,Askøy,0.4014929352172754,0.6336347017148567,7.46393693325001,134.8809627722535,4.904392632219273,0.9127775260534663,13.484224848030362
4627,2023,6560,14987,872,772000,38.81639722863741,29989,8080,8888,221.05417537939965,Askøy,0.43771268432641625,0.6615985824700777,7.46393693325001,135.66357635420948,4.910178117799146,0.9090909090909091,13.556739829006913
1547,2016,33,1883,0,556000,38.78947368421053,3518,1230,1230,517.7040952688992,Aukra,0.017525225703664365,0.1323828754169676,0,6.795387620360093,1.9162440909150458,1,13.228523573232719
1547,2017,44,1925,0,549000,39.03947368421053,3547,1240,1240,517.7040952688992,Aukra,0.022857142857142857,0.15118578920369088,0,6.851404175502346,1.9244536203911642,1,13.215853720491667
1547,2018,68,1924,0,557000,39.611111111111114,3557,1253,1253,517.7040952688992,Aukra,0.035343035343035345,0.1879974344054603,0,6.870720228999674,1.9272689375659975,1,13.230320518909421
1547,2019,98,1958,0,592000,39.93859649122807,3539,1257,1257,517.7040952688992,Aukra,0.05005107252298264,0.2237209702352076,0,6.835951332704482,1.9221956459630056,1,13.291261913866142
1547,2020,149,1957,0,593000,40.51754385964912,3509,1277,1277,517.7040952688992,Aukra,0.07613694430250383,0.2759292378536639,0,6.778003172212498,1.9136825412007574,1,13.292949677979863
1547,2021,216,2007,0,601000,40.8448275862069,3522,1287,1287,517.7040952688992,Aukra,0.10762331838565023,0.3280599310882849,0,6.803114041759025,1.9173804546736937,1,13.306350213517344
1547,2022,338,2071,0,618000,41.142857142857146,3518,1294,1294,517.7040952688992,Aukra,0.1632061805890874,0.4039878470809331,0,6.795387620360093,1.9162440909150458,1,13.334243736439827
1547,2023,401,2122,200,670000,40.54347826086956,3654,1303,1303,517.7040952688992,Aukra,0.18897266729500473,0.43470986565179853,5.991470797049389,7.058085947923758,1.9541739025554943,1,13.415032991367148
1576,2016,34,7112,0,468000,42.85057471264368,12736,4890,5062,2118.0767596865403,Aure,0.004780652418447694,0.06914226217334586,0,6.013002098132097,1.7939241409900328,0.9660213354405374,13.056223574899784
1576,2017,44,7298,0,480000,42.870370370370374,12902,4907,5104,2118.0767596865403,Aure,0.006029049054535489,0.07764695135377492,0,6.091375084021696,1.8068738499980554,0.9614028213166145,13.081541382884074
1576,2018,86,7397,0,500000,42.94193548387097,12938,4955,5164,2118.0767596865403,Aure,0.01162633500067595,0.10782548400390304,0,6.108371635178476,1.8096602295097992,0.9595274980635167,13.122363377404328
1576,2019,106,7501,0,526000,43.21153846153846,12936,4980,5207,2118.0767596865403,Aure,0.014131449140114652,0.11887577188020548,0,6.107427382336432,1.8095056341628113,0.9564048396389476,13.173056491719846
1576,2020,142,2115,0,533000,47.47959183673469,3507,1591,1614,2118.0767596865403,Aure,0.06713947990543735,0.2591128709760234,0,1.6557473585230265,0.5042524830460468,0.9857496902106567,13.186276703147982
1576,2021,216,2157,50,551000,48,3468,1596,1626,2118.0767596865403,Aure,0.10013908205841446,0.3164475976499339,4.605270170991424,1.637334428103181,0.49306957080630104,0.981549815498155,13.219490088135052
1576,2022,388,2153,50,569000,49.166666666666664,3384,1606,1636,2118.0767596865403,Aure,0.1802136553646075,0.4245157892995354,4.605270170991424,1.59767580873736,0.46854995363198243,0.9816625916870416,13.251635713108469
1576,2023,472,2137,50,611000,49.37234042553192,3381,1619,1649,2118.0767596865403,Aure,0.22087037903603182,0.46996848727976626,4.605270170991424,1.5962594294742949,0.46766303561375455,0.9818071558520315,13.322852238153732
4641,2016,13,917,22,463000,43.92592592592592,1764,848,872,1521.9081484515448,Aurland,0.014176663031624863,0.11906579286942519,3.7847057630994327,1.159071263134224,0.1476190492095946,0.9724770642201835,13.045482333068371
4641,2017,18,953,22,488000,43.870370370370374,1787,853,877,1521.9081484515448,Aurland,0.01888772298006296,0.13743261250541286,3.7847057630994327,1.174183870306609,0.16057332780228606,0.9726339794754846,13.098070684835283
4641,2018,19,987,22,514000,44.370370370370374,1778,855,879,1521.9081484515448,Aurland,0.019250253292806486,0.138745282056027,3.7847057630994327,1.168270241413067,0.1555242287167079,0.9726962457337884,13.149978544437301
4641,2019,20,970,29.4,515000,44.23529411764706,1764,849,873,1521.9081484515448,Aurland,0.020618556701030927,0.1435916317235476,4.074430960841815,1.159071263134224,0.1476190492095946,0.9725085910652921,13.151922179645874
4641,2020,30,945,36.8,524000,43.54,1781,852,908,1521.9081484515448,Aurland,0.031746031746031744,0.1781741612749496,4.2988295800245915,1.1702414510442476,0.1572100959325196,0.9383259911894273,13.169246963303179
4641,2021,50,970,36.8,557000,43.61363636363637,1777,834,890,1521.9081484515448,Aurland,0.05154639175257732,0.2270383045932499,4.2988295800245915,1.1676131715360067,0.1549616407975093,0.9370786516853933,13.230320518909421
4641,2022,82,985,44.2,594000,43.94117647058823,1766,831,895,1521.9081484515448,Aurland,0.083248730964467,0.28852856178282765,4.481999911345393,1.1603854028883445,0.14875219380676338,0.9284916201117318,13.294634598344782
4641,2023,116,1001,55.2,637000,43.5,1775,832,904,1521.9081484515448,Aurland,0.11588411588411589,0.3404175610689259,4.704192170586209,1.1662990317818864,0.15383551455237424,0.9203539823008849,13.3645249345543
3226,2016,178,9719,0,422000,42.31800766283525,16586,5926,6516,1144.9008396527177,Aurskog-Høland,0.018314641424014816,0.13533159802505407,0,14.486844122702387,2.6732409356964495,0.9094536525475752,12.952760593018148
3226,2017,307,10010,0,440000,42.49007936507937,16847,5952,6636,1144.9008396527177,Aurskog-Høland,0.03066933066933067,0.17512661325261408,0,14.71481146359382,2.688854569071504,0.8969258589511754,12.994530005894443
3226,2018,425,10108,0,468000,42.56944444444444,17072,5986,6714,1144.9008396527177,Aurskog-Høland,0.04204590423426988,0.20505097959841567,0,14.911335033327815,2.702121664226835,0.8915698540363419,13.056223574899784
3226,2019,579,10401,0,486000,42.82954545454545,17173,6026,6796,1144.9008396527177,Aurskog-Høland,0.055667724257282954,0.23594008616020076,0,14.999552280186187,2.7080203526691626,0.8866980576809889,13.093963902882631
3226,2020,765,10438,0,481000,43.1551724137931,17390,6058,6924,1144.9008396527177,Aurskog-Høland,0.0732899022801303,0.2707210783816626,0,15.189088345218527,2.720577298033629,0.8749277874061236,13.083622549087899
3226,2021,1068,10808,0,487000,43.518,17591,6088,7002,1144.9008396527177,Aurskog-Høland,0.09881569207994079,0.3143496334973858,0,15.364649400847563,2.7320693772842057,0.8694658668951728,13.096019402064726
3226,2022,1335,10854,0,501000,43.96103896103896,17754,6122,7053,1144.9008396527177,Aurskog-Høland,0.12299613045881702,0.35070804162268227,0,15.507019809143745,2.741292812313565,0.8679994328654473,13.124361380067002
3226,2023,1549,10768,0,535000,44.04025423728814,17945,6135,7076,1144.9008396527177,Aurskog-Høland,0.1438521545319465,0.3792784656844447,0,15.673846483895714,2.751993494267008,0.8670152628603731,13.190022025878143
4625,2016,172,2290,0,634000,36.19672131147541,5118,2024,2080,953.5856015040584,Austevoll,0.07510917030567686,0.27406052307050144,0,5.367111239858856,1.6802898196165397,0.9730769230769231,13.359804233419363
4625,2017,225,2349,22,628000,36.50632911392405,5156,2042,2110,953.5856015040584,Austevoll,0.09578544061302682,0.30949223029508643,3.7847057630994327,5.4069608348402225,1.6876871669558835,0.9677725118483412,13.350295445450335
4625,2018,287,2357,22,665000,36.95569620253165,5189,2075,2143,953.5856015040584,Austevoll,0.12176495545184557,0.3489483564251959,3.7847057630994327,5.441567062060884,1.6940670822645452,0.9682687820811946,13.407542319637992
4625,2019,407,2390,22,676000,37.41463414634146,5212,2094,2192,953.5856015040584,Austevoll,0.17029288702928871,0.41266558740618137,3.7847057630994327,5.465686553760133,1.6984897411415414,0.9552919708029197,13.423948355025102
4625,2020,539,2383,22,675000,37.94871794871795,5236,2115,2234,953.5856015040584,Austevoll,0.22618548048678136,0.47558961351861057,3.7847057630994327,5.490854719011522,1.703083929926596,0.9467323187108326,13.422467969854667
4625,2021,700,2482,22,699000,38.48717948717949,5276,2132,2251,953.5856015040584,Austevoll,0.28203062046736505,0.5310655519494416,3.7847057630994327,5.532801661097172,1.710694316734011,0.9471346068414038,13.457406021215947
4625,2022,872,2525,22,724000,39.05555555555556,5283,2155,2274,953.5856015040584,Austevoll,0.3453465346534653,0.5876619220720918,3.7847057630994327,5.54014237596216,1.7120202000611215,0.9476693051890941,13.492546671367853
4625,2023,945,2547,22,761000,39.54938271604938,5297,2180,2299,953.5856015040584,Austevoll,0.3710247349823322,0.6091179975853055,3.7847057630994327,5.554823805692138,1.7146667044413324,0.948238364506307,13.542388636843823
4632,2016,38,1579,0,527000,41.5625,2858,1226,1268,163.0205400038512,Austrheim,0.024065864471184292,0.1551317648683992,0,17.531533142587325,2.864001153328367,0.9668769716088328,13.1749558275235
4632,2017,52,1618,0,540000,42.06122448979592,2884,1230,1272,163.0205400038512,Austrheim,0.032138442521631644,0.17927197918702087,0,17.691022247453407,2.8730572932433938,0.96698113207547165,13.199324418540456
4632,2018,75,1666,0,559000,42.702127659574465,2902,1236,1247,163.0205400038512,Austrheim,0.045018007202881155,0.21217447349500165,0,17.801437781591467,2.8792792282826873,0.9911788291900562,13.233904752137237
4632,2019,112,1721,0,578000,42.947916666666664,2887,1241,1252,163.0205400038512,Austrheim,0.06507844276583381,0.2551047682146177,0,17.70942483647642,2.8740969745014895,0.9912140575079872,13.267329147654515
4632,2020,145,1715,0,584000,43.416666666666664,2870,1250,1261,163.0205400038512,Austrheim,0.08454810495626822,0.2907715683423471,0,17.60514349867936,2.868191103592221,0.9912767644726408,13.277656261810364
4632,2021,198,1771,0,614000,44.17391304347826,2860,1254,1265,163.0205400038512,Austrheim,0.11180124223602485,0.3343669275452117,0,17.54380153526933,2.8647006986524524,0.991304347826087,13.327750207129279
4632,2022,274,1780,0,646000,44.776595744680854,2889,1248,1259,163.0205400038512,Austrheim,0.15393258426966291,0.3923424324103409,0,17.721693229158426,2.8747894953047894,0.9912629070691025,13.37855478276474
4632,2023,328,1774,0,708000,45.26086956521739,2856,1253,1264,163.0205400038512,Austrheim,0.18489289740698986,0.429991741091605,0,17.519264749905318,2.863301118298029,0.9912974683544303,13.470199372675857
1554,2016,370,3278,22,530000,42.516129032258064,5826,2399,2456,720.6045588261076,Averøy,0.11287370347773032,0.33596681901302444,3.7847057630994327,8.084878077222793,2.0899954127944973,0.9767915309446255,13.180632285528304
1554,2017,425,3361,22,539000,43.075268817204304,5856,2416,2473,720.6045588261076,Averøy,0.12645046117227016,0.3555987361792364,3.7847057630994327,8.126509787198195,2.095131530916265,0.9769510715729883,13.197470849891134
1554,2018,545,3405,22,551000,43.31875,5859,2435,2492,720.6045588261076,Averøy,0.16005873715124816,0.40007341470191216,3.7847057630994327,8.130672958195735,2.0956436948199064,0.9771268057784912,13.219490088135052
1554,2019,563,3406,22,588000,43.56481481481482,5849,2452,2509,720.6045588261076,Averøy,0.16529653552554316,0.4065667663810498,3.7847057630994327,8.116795721537267,2.0939354607181433,0.977281785571941,13.284482226880764
1554,2020,577,3497,44,591000,44.1578947368421,5788,2460,2517,720.6045588261076,Averøy,0.16499857020303116,0.4062001602695784,4.477465921704087,8.03214457792062,2.0834515630264923,0.9773539928486293,13.289571296388235
1554,2021,654,3598,44,618000,44.87951807228916,5808,2452,2509,720.6045588261076,Averøy,0.18176764869371873,0.42634217325256335,4.477465921704087,8.059899051237553,2.0869010317797496,0.977281785571941,13.334243736439827
1554,2022,846,3609,44,631000,45.04819277108434,5828,2441,2499,720.6045588261076,Averøy,0.2344139650872818,0.4841631595725575,4.477465921704087,8.087653524554486,2.090338642590213,0.9767907162865146,13.35506114152335
1554,2023,984,3640,44,673000,45.015625,5872,2447,2505,720.6045588261076,Averøy,0.2703296703296703,0.5199323709192094,4.477465921704087,8.14871336585174,2.097860045569469,0.9768463073852296,13.419500608626866
5422,2016,37,3492,0,461000,45.54705882352941,5701,2727,2753,1741.5103617964996,Balsfjord,0.010595647193585338,0.10293516014261278,0,3.2735952223212657,1.185888837317014,0.9905557573556121,13.041153321978786
5422,2017,46,3519,50,472000,45.78169014084507,5685,2719,2745,1741.5103617964996,Balsfjord,0.013071895424836602,0.1143323900950059,4.605270170991424,3.2644077949300816,1.1830783664700684,0.990528233151184,13.064734264567692
5422,2018,68,3546,50,488000,46.23717948717949,5653,2734,2766,1741.5103617964996,Balsfjord,0.019176536943034405,0.1384793737097132,4.605270170991424,3.2460329401477135,1.177433616960723,0.9884309472161966,13.098070684835283
5422,2019,91,3609,50,500000,46.41139240506329,5625,2704,2736,1741.5103617964996,Balsfjord,0.025214740925464118,0.15879150142707296,4.605270170991424,3.2299549422131415,1.172468187358053,0.9883040935672515,13.122363377404328
5422,2020,108,3590,50,503000,46.870370370370374,5559,2690,2722,1741.5103617964996,Balsfjord,0.030083565459610027,0.17344614570410616,4.605270170991424,3.1920568042245074,1.1606654752389016,0.988243938280676,13.128345449081877
5422,2021,158,3698,50,511000,47.50609756097561,5559,2684,2716,1741.5103617964996,Balsfjord,0.042725797728501894,0.20670219575152532,4.605270170991424,3.1920568042245074,1.1606654752389016,0.9882179675994109,13.144124869185841
5422,2022,282,3649,50,533000,47.85507246376812,5576,2698,2747,1741.5103617964996,Balsfjord,0.07728144697177308,0.2779954081846912,4.605270170991424,3.2018184458276404,1.1637189127257919,0.9821623589370222,13.186276703147982
5422,2023,342,3619,50,569000,48.40972222222222,5517,2715,2765,1741.5103617964996,Balsfjord,0.09450124343741365,0.3074105454232396,4.605270170991424,3.1679398073226492,1.153081473557863,0.9819168173598554,13.251635713108469
4012,2016,211,7601,0,533000,43.55502392344498,14088,4857,4964,371.40136474400686,Bamble,0.027759505328246285,0.16661184030028084,0,37.93200924210479,3.6357953266707392,0.9784448025785657,13.186276703147982
4012,2017,297,7680,0,545000,43.77777777777778,14138,4881,4988,371.40136474400686,Bamble,0.038671875,0.19665165903190343,0,38.066634487853314,3.6393381632255966,0.9785485164394547,13.208541073645382
4012,2018,396,7677,0,563000,43.855828220858896,14183,4902,5009,371.40136474400686,Bamble,0.05158264947245018,0.22711813990179247,0,38.18779720902699,3.6425160197893045,0.9786384507885806,13.241034907121827
4012,2019,570,7827,0,579000,44.5,14089,4917,5027,371.40136474400686,Bamble,0.07282483710233806,0.26986077355247107,0,37.93470174701976,3.6358663065479737,0.9781181619256017,13.269057756555132
4012,2020,756,7761,0,583000,44.65469613259668,14061,4915,5035,371.40136474400686,Bamble,0.09741012756088133,0.31210595566390803,0,37.859311609400585,3.633876963085513,0.9761668321747765,13.27594246533263
4012,2021,1058,7950,0,604000,44.92817679558011,14014,4936,5062,371.40136474400686,Bamble,0.1330817610062893,0.3648037294303463,0,37.73276387839697,3.6305287854251764,0.9751086527064401,13.311329476916953
4012,2022,1411,8105,372,627000,45.5,14056,4956,5190,371.40136474400686,Bamble,0.17409006785934608,0.4172410189079521,6.6120428413954295,37.84584908482573,3.6335213063616303,0.9549132947976878,13.348701819615057
4012,2023,1646,8047,394,669000,45.70068027210884,14172,4971,5213,371.40136474400686,Bamble,0.20454827886168758,0.45227013925494525,6.669499700305173,38.15817965496231,3.6417401424800597,0.9535775944753501,13.413539339110365
5416,2016,10,2244,0,494000,37.29761904761905,4019,1473,1572,2703.4205834620693,Bardu,0.004456327985739751,0.06675573372931909,0,1.4866351261013062,0.3965152615118843,0.9370229007633588,13.110290796170059
5416,2017,19,2271,50,506000,38.23255813953488,3994,1477,1576,2703.4205834620693,Bardu,0.00836635843240863,0.09146779997577634,4.605270170991424,1.4773875823957743,0.3902753810384437,0.9371827411167513,13.134291948269603
5416,2018,35,2312,50,524000,38.5375,3979,1483,1658,2703.4205834620693,Bardu,0.01513840830449827,0.12303823919618757,4.605270170991424,1.471839056172455,0.38651267748961177,0.8944511459589868,13.169246963303179
5416,2019,50,2374,50,532000,38.16,4030,1481,1694,2703.4205834620693,Bardu,0.02106149957877001,0.14512580604003553,4.605270170991424,1.4907040453317402,0.3992485220034118,0.8742621015348289,13.184398768323781
5416,2020,72,2353,50,556000,38.64893617021277,4005,1485,1698,2703.4205834620693,Bardu,0.03059923501912452,0.17492637027939648,4.605270170991424,1.4814565016262082,0.39302572656514273,0.8745583038869258,13.228523573232719
5416,2021,126,2422,50,569000,38.91025641025641,3959,1491,1703,2703.4205834620693,Bardu,0.05202312138728324,0.22808577638091165,4.605270170991424,1.4644410212080297,0.3814736141688138,0.8755137991779213,13.251635713108469
5416,2022,191,2392,50,590000,38.989583333333336,3993,1495,1707,2703.4205834620693,Bardu,0.0798494983277592,0.28257653534530996,4.605270170991424,1.477017680647553,0.39002497412590453,0.8758055067369654,13.287877815881902
5416,2023,246,2366,250,637000,39.71,3949,1509,1721,2703.4205834620693,Bardu,0.10397295012679628,0.3224483681565101,6.214612098398192,1.4607420037258168,0.3789445283493325,0.8768158047646717,13.3645249345543
1839,2016,0,639,0,429000,51.78260869565217,1034,599,599,1238.156650670411,Beiarn,0,0,0,0.8351124225195022,-0.1801889254462228,1,12.969212197910155
1839,2017,0,666,0,446000,51.86842105263158,1043,605,605,1238.156650670411,Beiarn,0,0,0,0.8423812927348557,-0.17152252551382483,1,13.008074231002201
1839,2018,1,647,0,458000,52.975,1029,612,621,1238.156650670411,Beiarn,0.0015455950540958269,0.03931405669853757,0,0.8310741612887503,-0.1850362446805476,0.9855072463768116,13.034624463096321
1839,2019,4,651,0,477000,53.05555555555556,1022,624,633,1238.156650670411,Beiarn,0.006144393241167435,0.07838618016696206,0,0.8254205955656976,-0.1918622097509475,0.985781990521327,13.075271769870477
1839,2020,4,650,0,483000,53.233333333333334,1017,621,630,1238.156650670411,Beiarn,0.006153846153846154,0.07844645405527362,0,0.8213823343349457,-0.19676658446603726,0.9857142857142858,13.087771932634709
1839,2021,8,644,7.4,501000,54.166666666666664,999,620,629,1238.156650670411,Beiarn,0.012422360248447204,0.11145564251507056,2.6991616063975625,0.8068445939042387,-0.21462420186604367,0.985691573926868,13.124361380067002
1839,2022,21,633,7.4,513000,54.07142857142857,1012,621,630,1238.156650670411,Beiarn,0.03317535545023697,0.18214103175901078,2.6991616063975625,0.8173440731041937,-0.20169513066718645,0.9857142857142858,13.148031124152906
1839,2023,35,631,7.4,514000,54.205882352941174,1027,625,634,1238.156650670411,Beiarn,0.0554675118858954,0.23551541751209285,2.6991616063975625,0.8294588567964496,-0.18698177058603893,0.9858044164037855,13.149978544437301
4601,2016,9400,112991,543,487000,36.73804755944931,277391,35399,95885,573.6759767539986,Bergen,0.08319246665663636,0.288431043157002,6.990257348384435,483.53253620545047,6.181118605711899,0.3691818324033999,13.096019402064726
4601,2017,12782,113645,543,498000,36.909682261696275,278556,35544,97001,573.6759767539986,Bergen,0.11247305204804435,0.33537002258407705,6.990257348384435,485.56329929682454,6.185309658834808,0.36642921206997864,13.11835535600679
4601,2018,17238,113422,1255.4,510000,37.11323155216285,279792,35733,97812,573.6759767539986,Bergen,0.151981097141648,0.38984753063428274,7.828356865069845,487.717825632394,6.1897370124528015,0.36532327321801006,13.142166004700508
4601,2019,21991,114913,1826.9,528000,37.30213631739573,281190,35815,99158,573.6759767539986,Bergen,0.1913708631747496,0.4374595560446127,8.2035230758074,490.1547413420429,6.194721139908002,0.36119123015792975,13.176851562688398
4601,2020,27799,116358,2407.4,532000,37.459691045136374,283929,35901,100224,573.6759767539986,Bergen,0.23890922841575138,0.48878341667424785,8.479449829641938,494.92921353712757,6.204414749387495,0.35820761494252873,13.184398768323781
4601,2021,35814,119795,2757.4,553000,37.61428202479339,285601,36008,101460,573.6759767539986,Bergen,0.29896072457114237,0.5467730100975563,8.615190699178127,497.8437507807134,6.210286274341358,0.35489848216045733,13.223113280504473
4601,2022,43143,120802,2979.6,581000,37.72829705505762,286930,36105,102749,573.6759767539986,Bergen,0.3571381268522044,0.5976103470089892,8.69269155102151,500.1603895347358,6.2149288260530575,0.35139028117061966,13.272506035834049
4601,2023,47016,118157,3517.6,628000,37.85915829746533,289330,36176,103820,573.6759767539986,Bergen,0.3979112536709632,0.6308020717078878,8.858681418630999,504.3439358173949,6.223258447670047,0.34844923906761704,13.350295445450335
5440,2016,1,404,0,428000,46.333333333333336,1000,464,464,2453.3625351992896,Berlevåg,0.0024752475247524753,0.04975185951049946,0,0.40760384397032,-0.8974595469363289,1,12.966878474563934
5440,2017,1,398,0,445000,46.69444444444444,991,465,465,2453.3625351992896,Berlevåg,0.002512562814070352,0.05012547071170855,0,0.40393540937458716,-0.9065002915884779,1,13.005829561148378
5440,2018,1,418,0,453000,47.13157894736842,983,496,496,2453.3625351992896,Berlevåg,0.0023923444976076554,0.048911598804451846,0,0.4006745786228246,-0.9146057057712994,1,13.023647404465171
5440,2019,2,432,0,476000,47.875,981,497,497,2453.3625351992896,Berlevåg,0.004629629629629629,0.06804138174397717,0,0.39985937093488394,-0.9166423663531028,1,13.073173133213556
5440,2020,3,427,0,494000,48.22727272727273,957,504,504,2453.3625351992896,Berlevåg,0.00702576112412178,0.08381981343406689,0,0.3900768786795963,-0.9414114344655116,1,13.110290796170059
5440,2021,5,433,0,506000,48.833333333333336,928,504,504,2453.3625351992896,Berlevåg,0.011547344110854504,0.10745856927604473,0,0.378256367204457,-0.9721830931322654,1,13.134291948269603
5440,2022,15,426,0,518000,50,906,508,508,2453.3625351992896,Berlevåg,0.035211267605633804,0.18764665626020038,0,0.36928908263710997,-0.9961755198754865,1,13.15773052124162
5440,2023,17,416,0,560000,50.166666666666664,908,512,512,2453.3625351992896,Berlevåg,0.040865384615384616,0.20215188501565998,0,0.3701042903250506,-0.9939704473171725,1,13.235692062711331
1811,2016,5,796,0,439000,49.92857142857143,1465,808,808,1904.8169131516593,Bindal,0.00628140703517588,0.07925532811853017,0,0.7691027887693679,-0.2625306529091018,1,12.992254692057308
1811,2017,6,842,0,465000,49.65625,1473,804,804,1904.8169131516593,Bindal,0.007125890736342043,0.08441499118250291,0,0.7733026674793713,-0.25708475789763924,1,13.049792684569493
1811,2018,13,836,0,483000,49.21052631578947,1486,783,783,1904.8169131516593,Bindal,0.01555023923444976,0.12470059837246075,0,0.7801274703831268,-0.24829794908256497,1,13.087771932634709
1811,2019,21,849,0,499000,49.72222222222222,1450,781,785,1904.8169131516593,Bindal,0.024734982332155476,0.15727359070153982,0,0.7612280161881115,-0.27282233894564945,0.9949044585987261,13.120361374733656
1811,2020,24,840,0,493000,50.578947368421055,1426,780,784,1904.8169131516593,Bindal,0.02857142857142857,0.1690308509457033,0,0.7486283800581015,-0.2895125733860282,0.9948979591836735,13.108264453024827
1811,2021,35,860,0,538000,51.44736842105263,1397,783,787,1904.8169131516593,Bindal,0.040697674418604654,0.20173664619648224,0,0.7334038197343392,-0.3100588151033077,0.9949174078780177,13.195613839143922
1811,2022,59,850,22,514000,51.6,1406,780,784,1904.8169131516593,Bindal,0.06941176470588235,0.26346112560657287,3.7847057630994327,0.738128683283093,-0.3036371019896593,0.9948979591836735,13.149978544437301
1811,2023,85,829,22,560000,52.642857142857146,1391,780,784,1904.8169131516593,Bindal,0.10253317249698432,0.3202080144171665,3.7847057630994327,0.7302539107018367,-0.31436298243682664,0.9948979591836735,13.235692062711331
4216,2016,90,2652,0,514000,36.04666666666667,5147,1753,1881,639.3028667254546,Birkenes,0.033936651583710405,0.184219031545903,0,8.050957172088442,2.085790987727051,0.9319510898458266,13.149978544437301
4216,2017,123,2738,0,534000,36.48148148148148,5178,1763,1891,639.3028667254546,Birkenes,0.04492330168005844,0.21195117758592058,0,8.099447491174267,2.0917958483857793,0.9323109465891063,13.188151117942333
4216,2018,161,2762,0,550000,36.68072289156626,5187,1770,1898,639.3028667254546,Birkenes,0.05829109341057205,0.24143548498630446,0,8.113525325747572,2.093532462425697,0.9325605900948367,13.217673557208654
4216,2019,191,2785,0,560000,37.19512195121951,5212,1767,1923,639.3028667254546,Birkenes,0.06858168761220826,0.2618810562301295,0,8.152630421784528,2.0983406263190325,0.9188767550702028,13.235692062711331
4216,2020,234,2807,0,560000,37.83544303797469,5226,1779,1935,639.3028667254546,Birkenes,0.08336302101888136,0.28872655059568275,0,8.174529275565222,2.1010231341548544,0.9193798449612403,13.235692062711331
4216,2021,304,2885,0,590000,38.35365853658536,5274,1764,1920,639.3028667254546,Birkenes,0.10537261698440208,0.32461148621760455,0,8.249611059956177,2.1101660549875283,0.91875,13.287877815881902
4216,2022,385,2936,0,604000,38.63013698630137,5342,1777,1933,639.3028667254546,Birkenes,0.1311307901907357,0.3621198561122211,0,8.355976921176696,2.1229770817442026,0.9192964304190377,13.311329476916953
4216,2023,435,2927,11,646000,38.64383561643836,5390,1787,1949,639.3028667254546,Birkenes,0.14861633071404168,0.38550788670796565,3.093102195050827,8.431058705567652,2.1319223519773396,0.9168804515135968,13.37855478276474
1114,2016,33,1492,0,624000,36.08974358974359,2825,1045,1087,654.1842590512483,Bjerkreim,0.022117962466487937,0.14872108951486315,0,4.318355204842511,1.462874590136498,0.9613615455381784,13.343905647351566
1114,2017,43,1550,0,633000,36.53846153846154,2826,1054,1096,654.1842590512483,Bjerkreim,0.027741935483870966,0.16655910507645916,0,4.31988382615396,1.4632285098004294,0.9616788321167883,13.358225701126313
1114,2018,62,1547,22,647000,36.73529411764706,2826,1060,1114,654.1842590512483,Bjerkreim,0.0400775694893342,0.20019382979835867,3.7847057630994327,4.31988382615396,1.4632285098004294,0.9515260323159784,13.380101573483037
1114,2019,75,1612,22,669000,37.19117647058823,2807,1065,1119,654.1842590512483,Bjerkreim,0.04652605459057072,0.21569899070364404,3.7847057630994327,4.290840021236435,1.456482522917839,0.9517426273458445,13.413539339110365
1114,2020,94,1607,29.4,670000,37.74242424242424,2787,1070,1124,654.1842590512483,Bjerkreim,0.05849408836341008,0.24185551133561145,4.074430960841815,4.260267595007462,1.449331974037905,0.9519572953736655,13.415032991367148
1114,2021,142,1647,36.8,681000,38.01470588235294,2791,1076,1130,654.1842590512483,Bjerkreim,0.0862173649058895,0.2936279361809593,4.2988295800245915,4.266382080253257,1.4507661800922789,0.952212389380531,13.43131758513165
1114,2022,195,1650,36.8,723000,38.875,2789,1078,1132,654.1842590512483,Bjerkreim,0.11818181818181818,0.3437758254761643,4.2988295800245915,4.263324837630359,1.4500493341834455,0.9522968197879859,13.491164501140902
1114,2023,238,1646,36.8,774000,39.08888888888889,2848,1082,1142,654.1842590512483,Bjerkreim,0.1445929526123937,0.38025380026029154,4.2988295800245915,4.353513495005831,1.4709832190878231,0.9474605954465849,13.559327152571864
4624,2016,682,12313,43,575500,37.02760736196319,23618,7123,7738,756.9543598212499,Bjørnafjorden,0.05538861366035897,0.23534785671503144,4.454482477060509,31.20135275471198,3.4404614513983462,0.9205220987335229,13.262994507144075
4624,2017,979,12620,43,581500,37.1765625,24047,7212,7951,756.9543598212499,Bjørnafjorden,0.07757527733755942,0.27852338741577776,4.454482477060509,31.768097624377976,3.4584625668655904,0.9070557162621053,13.273366250940857
4624,2018,1334,12732,43,597500,37.39307228915663,24493,7274,8043,756.9543598212499,Bjørnafjorden,0.10477536914860194,0.3236902364122247,4.454482477060509,32.35730091545265,3.4768396806601207,0.9043889096108417,13.300509562787802
4624,2019,1794,13067,193,620000,37.86675461741424,24665,7414,8233,756.9543598212499,Bjørnafjorden,0.13729241600979566,0.3705299124359539,5.955844080986837,32.58452729676395,3.483837552904958,0.9005222883517552,13.337474757021274
4624,2020,2283,13082,215,625000,38.340369393139845,24908,7455,8324,756.9543598212499,Bjørnafjorden,0.17451460021403456,0.4177494466950669,6.06379061697256,32.90555061454679,3.493641355229462,0.8956030754444978,13.345506928718539
4624,2021,3018,13477,215,648000,38.86878453038674,25049,7519,8436,756.9543598212499,Bjørnafjorden,0.2239370779847147,0.4732199044680123,6.06379061697256,33.09182340387757,3.499286224793619,0.8912991939307728,13.381645975334411
4624,2022,3919,13658,215,675000,39.380494505494504,25213,7575,8533,756.9543598212499,Bjørnafjorden,0.28693805828086105,0.5356659950760931,6.06379061697256,33.30848111629068,3.5058120527357675,0.887729989452713,13.422467969854667
4624,2023,4581,13603,415,726000,39.608695652173914,25596,7624,8717,756.9543598212499,Bjørnafjorden,0.33676394912886864,0.5803136644340443,6.7214271523769735,33.814456139792014,3.52088840749647,0.8746128255133647,13.495305293806933
1804,2016,1167,24513,33,527000,38.268488745980704,50488,9662,15842,4823.225040071447,Bodø,0.04760739199608371,0.21819118221432254,4.1898842314256335,10.467684916325636,2.348292884513484,0.6098977401843202,13.1749558275235
1804,2017,1598,24943,33,537000,38.27596899224806,51022,9704,16009,4823.225040071447,Bodø,0.06406607064106162,0.2531127626988841,4.1898842314256335,10.578399219631725,2.358814112490501,0.6061590355425074,13.193753373491
1804,2018,2113,25274,84.4,550000,38.32673267326733,51558,9771,16269,4823.225040071447,Bodø,0.08360370341061961,0.289143050081823,5.128749676111918,10.689528183249823,2.3692645877906866,0.6005900792919049,13.217673557208654
1804,2019,2607,25712,91.8,566000,38.49109792284867,52024,9843,16564,4823.225040071447,Bodø,0.10139234598630989,0.31842164811191764,5.2127891425695205,10.786144035947649,2.3782623507983964,0.5942405216131369,13.24634935718532
1804,2020,3107,25816,154.3,567000,38.77015558698727,52357,9890,16909,4823.225040071447,Bodø,0.12035171986365045,0.3469174539622509,5.732056440219605,10.855184977896952,2.3846428439862555,0.5848956177183748,13.248114582709889
1804,2021,4011,26543,227.7,586000,39.10679611650485,52560,9933,17104,4823.225040071447,Bodø,0.15111328787250877,0.38873292614918636,6.1211809754475555,10.897272999565747,2.3885125744079008,0.5807413470533208,13.281075068559149
1804,2022,5248,26734,257.1,604000,39.24410029498525,52803,9986,17222,4823.225040071447,Bodø,0.1963043315628039,0.4430624465724938,6.242616076935133,10.947654227474699,2.393125207511488,0.5798397398676112,13.311329476916953
1804,2023,5971,26272,536.5,649000,39.46847507331378,53259,10059,17455,4823.225040071447,Bodø,0.22727618757612666,0.47673492380580496,6.978214611191029,11.042196778612483,2.401724004624316,0.5762818676596964,13.383187995686226
1145,2016,31,439,0,572000,42.17857142857143,865,357,357,189.83940702664907,Bokn,0.07061503416856492,0.2657348945256624,0,4.55648283750999,1.5165510183519744,1,13.256894270361935
1145,2017,33,454,0,570000,42.57692307692308,855,359,359,189.83940702664907,Bokn,0.07268722466960352,0.26960568367451665,0,4.503806735342245,1.5049229803568553,1,13.253391639810733
1145,2018,40,456,0,577000,43.142857142857146,844,360,364,189.83940702664907,Bokn,0.08771929824561403,0.2961744388795462,0,4.445863022957725,1.4919740060160522,0.989010989010989,13.265597545490236
1145,2019,51,470,0,578000,44.15384615384615,840,361,365,189.83940702664907,Bokn,0.10851063829787234,0.3294095297617729,0,4.424792582090626,1.4872234032574545,0.989041095890411,13.267329147654515
1145,2020,60,486,0,606000,44.36363636363637,852,368,372,189.83940702664907,Bokn,0.12345679012345678,0.35136418446315326,0,4.488003904691921,1.501408038249411,0.989247311827957,13.314635265051452
1145,2021,72,486,0,622000,45.13636363636363,859,377,381,189.83940702664907,Bokn,0.14814814814814814,0.3849001794597505,0,4.524877176209343,1.5095904334043506,0.989501312335958,13.340695371721317
1145,2022,90,499,0,677000,46.15,855,384,388,189.83940702664907,Bokn,0.18036072144288579,0.4246889702392632,0,4.503806735342245,1.5049229803568553,0.9896907216494846,13.425426551894413
1145,2023,101,496,62.5,714000,46.333333333333336,868,385,389,189.83940702664907,Bokn,0.20362903225806453,0.4512527365657349,4.828377731159175,4.572285668160315,1.5200132260804455,0.9897172236503856,13.478638241321722
4648,2016,9,1844,0,492000,45.07142857142857,3846,1705,1745,1943.199360974399,Bremanger,0.004880694143167028,0.06986196492489334,0,1.979210202123296,0.6826978773130195,0.9770773638968482,13.106233995474446
4648,2017,11,1833,0,500000,45.127450980392155,3847,1691,1742,1943.199360974399,Bremanger,0.006001091107474086,0.07746670967243985,0,1.9797248173604576,0.6829578539165895,0.970723306544202,13.122363377404328
4648,2018,17,1836,0,503000,45.84920634920635,3767,1687,1744,1943.199360974399,Bremanger,0.009259259259259259,0.09622504486493763,0,1.938555598387534,0.6619431588563354,0.9673165137614679,13.128345449081877
4648,2019,32,1828,0,525000,46.45967741935484,3705,1691,1752,1943.199360974399,Bremanger,0.0175054704595186,0.1323082403311245,0,1.9066494536835183,0.6453474888944816,0.9651826484018264,13.17115354157376
4648,2020,63,1841,22,544000,47.30833333333333,3629,1680,1741,1943.199360974399,Bremanger,0.034220532319391636,0.18498792479346224,3.7847057630994327,1.867538695659241,0.6246213583773647,0.9649626651349799,13.206704525838079
4648,2021,97,1855,29.4,566000,48.10655737704918,3597,1678,1735,1943.199360974399,Bremanger,0.0522911051212938,0.22867248439918125,4.074430960841815,1.8510710080700716,0.6157643948599183,0.9671469740634006,13.24634935718532
4648,2022,152,1838,29.4,590000,48.764150943396224,3521,1684,1742,1943.199360974399,Bremanger,0.08269858541893363,0.2875736173902843,4.074430960841815,1.8119602500457943,0.5944092703193469,0.9667049368541906,13.287877815881902
4648,2023,212,1816,29.4,634000,49.13207547169811,3482,1691,1770,1943.199360974399,Bremanger,0.11674008810572688,0.3416724866092189,4.074430960841815,1.7918902557964942,0.5832710714924287,0.9553672316384181,13.359804233419363
1813,2016,39,4051,0,488000,41.351851851851855,7962,2748,2867,2098.375642886835,Brønnøy,0.009627252530239447,0.09811856363726207,0,3.794363524467096,1.3335166825440685,0.9584931984652947,13.098070684835283
1813,2017,52,4144,7.4,503000,41.4875,7956,2767,2914,2098.375642886835,Brønnøy,0.012548262548262547,0.11201902761701936,2.6991616063975625,3.7915041698895022,1.3327628189576688,0.94955387783116,13.128345449081877
1813,2018,77,4206,86.8,515000,41.53932584269663,7948,2783,2971,2098.375642886835,Brønnøy,0.01830718021873514,0.13530402883408588,5.156786982421959,3.787691697119377,1.3317567826555134,0.9367216425445978,13.151922179645874
1813,2019,101,4319,86.8,529000,41.97560975609756,7916,2786,2974,2098.375642886835,Brønnøy,0.023385042833989348,0.15292168856636834,5.156786982421959,3.7724418060388762,1.3277224857062622,0.9367854741089442,13.178743710840436
1813,2020,136,4403,86.8,536000,42.40361445783133,7917,2790,2978,2098.375642886835,Brønnøy,0.03088803088803089,0.17574991006549873,5.156786982421959,3.772918365135142,1.3278488041552396,0.9368703828072532,13.19188944005294
1813,2021,218,4497,86.8,572000,43.339506172839506,7803,2794,2986,2098.375642886835,Brønnøy,0.04847676228596842,0.22017439062245278,5.156786982421959,3.718590628160858,1.3133447331005672,0.9356999330207636,13.256894270361935
1813,2022,360,4487,86.8,565000,43.76875,7777,2796,3007,2098.375642886835,Brønnøy,0.08023178069979942,0.28325215038865886,5.156786982421959,3.706200091657951,1.3100071176787491,0.9298303957432658,13.244581010128577
1813,2023,442,4446,108.8,603000,43.74742268041237,7787,2800,3011,2098.375642886835,Brønnøy,0.09941520467836257,0.3153017676423058,5.382679633744002,3.7109656826206074,1.311292134560792,0.9299236134174693,13.309672475709322
4220,2016,3,709,22,460000,45.27272727272727,1204,629,646,1316.454000174435,Bygland,0.004231311706629055,0.06504853347024094,3.7847057630994327,0.9145781013544458,-0.08929241145785696,0.9736842105263158,13.038981768465277
4220,2017,10,730,22,482000,45.733333333333334,1200,638,655,1316.454000174435,Bygland,0.0136986301369863,0.11704114719613055,3.7847057630994327,0.911539635901441,-0.09262020155053162,0.9740458015267176,13.085699393032737
4220,2018,14,731,22,504000,45.833333333333336,1207,638,658,1316.454000174435,Bygland,0.019151846785225718,0.13839019757636636,3.7847057630994327,0.9168569504441995,-0.086803816229091793,0.9696048632218845,13.130331547053506
4220,2019,22,744,22,506000,45.77777777777778,1192,639,660,1316.454000174435,Bygland,0.02956989247311828,0.17195898485719868,3.7847057630994327,0.9054627049954315,-0.0993091897013282,0.9681818181818181,13.134291948269603
4220,2020,29,729,22,494000,47.333333333333336,1162,641,662,1316.454000174435,Bygland,0.039780521262002745,0.19945054841238904,3.7847057630994327,0.8826742140978954,-0.12479909991476681,0.9682779456193353,13.110290796170059
4220,2021,35,730,22,515000,48.06666666666667,1142,646,667,1316.454000174435,Bygland,0.04794520547945205,0.21896393648144905,3.7847057630994327,0.8674818868328714,-0.14216064711066775,0.9685157421289355,13.151922179645874
4220,2022,53,750,22,545000,48.375,1134,645,672,1316.454000174435,Bygland,0.07066666666666667,0.26583202716502513,3.7847057630994327,0.8614049559268618,-0.14919055303892587,0.9598214285714286,13.208541073645382
4220,2023,65,765,22,586000,48.294117647058826,1136,654,681,1316.454000174435,Bygland,0.08496732026143791,0.2914915440650687,3.7847057630994327,0.8629241886533642,-0.14742843804552666,0.960352422907489,13.281075068559149
4222,2016,1,458,22,477000,39.7,945,414,418,1472.955951149553,Bykle,0.002183406113537118,0.046726931351599776,3.7847057630994327,0.64156704704067,-0.4438415843462924,0.9904306220095693,13.075271769870477
4222,2017,4,482,22,495000,40,952,420,424,1472.955951149553,Bykle,0.008298755186721992,0.0910975037348554,3.7847057630994327,0.6463193955372676,-0.43646147704866983,0.9905660377358491,13.112313041550827
4222,2018,4,471,22,488000,40.285714285714285,958,424,428,1472.955951149553,Bykle,0.008492569002123142,0.09215513551681828,3.7847057630994327,0.6503928371057798,-0.4301787338691746,0.9906542056074766,13.098070684835283
4222,2019,9,491,22,532000,40.32142857142857,953,428,442,1472.955951149553,Bykle,0.018329938900203666,0.13538810472195725,3.7847057630994327,0.646998302465353,-0.435411608185833,0.9683257918552036,13.184398768323781
4222,2020,19,474,22,517000,40.85,965,426,430,1472.955951149553,Bykle,0.04008438818565401,0.20021085931001348,3.7847057630994327,0.6551451856023773,-0.4228984105010492,0.9906976744186047,13.155798153490567
4222,2021,29,477,22,525000,41.9,930,424,428,1472.955951149553,Bykle,0.06079664570230608,0.24656975828820954,3.7847057630994327,0.6313834431193895,-0.4598419256927335,0.9906542056074766,13.17115354157376
4222,2022,43,499,22,559000,41.75,935,424,428,1472.955951149553,Bykle,0.08617234468937876,0.2935512641590541,3.7847057630994327,0.6347779777598164,-0.45447998255134814,0.9906542056074766,13.233904752137237
4222,2023,58,502,22,609000,43.875,995,452,456,1472.955951149553,Bykle,0.11553784860557768,0.3399085886022559,3.7847057630994327,0.6755123934449382,-0.39228377468144254,0.9912280701754386,13.319573546692034
5443,2016,6,975,0,461000,42.171052631578945,2211,829,920,2835.0224580466815,Båtsfjord,0.006153846153846154,0.07844645405527362,0,0.7798880018479182,-0.24860495698261745,0.9010869565217391,13.041153321978786
5443,2017,9,992,0,469000,41.145833333333336,2267,823,920,2835.0224580466815,Båtsfjord,0.009072580645161291,0.09525009525014287,0,0.7996409317906967,-0.22359248733253478,0.8945652173913043,13.058358047428417
5443,2018,9,999,0,465000,40.983333333333334,2263,823,920,2835.0224580466815,Båtsfjord,0.009009009009009009,0.0949157995752499,0,0.7982300082233554,-0.22535849220652637,0.8945652173913043,13.049792684569493
5443,2019,11,1011,0,506000,40.714285714285715,2270,824,921,2835.0224580466815,Båtsfjord,0.010880316518298714,0.10430875571254176,0,0.8006991244662027,-0.2222700273646154,0.8946796959826275,13.134291948269603
5443,2020,11,1018,0,503000,41.39655172413793,2221,825,922,2835.0224580466815,Båtsfjord,0.010805500982318271,0.10394951169831569,0,0.7834153107662716,-0.2440923139456362,0.8947939262472885,13.128345449081877
5443,2021,19,1048,0,522000,41.25,2200,825,922,2835.0224580466815,Båtsfjord,0.01812977099236641,0.13464683803330255,0,0.7760079620377296,-0.25359249849365645,0.8947939262472885,13.165422866864775
5443,2022,30,1060,0,539000,41.84090909090909,2165,826,923,2835.0224580466815,Båtsfjord,0.02830188679245283,0.16823164622761327,0,0.7636623808234929,-0.26962949740347353,0.894907908992416,13.197470849891134
5443,2023,40,1048,0,585000,42.65909090909091,2117,826,923,2835.0224580466815,Båtsfjord,0.03816793893129771,0.19536616629114087,0,0.7467312980153971,-0.2920498667051985,0.894907908992416,13.279367126213993
3201,2016,6733,90207,86.6,613000,40.048611111111114,122348,15495,32542,216.87801893556428,Bærum,0.07463944039819526,0.2732021969131933,5.1544803297506,564.1327811849402,6.335289651422196,0.4761538934300289,13.32612021491835
3201,2017,10950,95200,162.2,626000,40.17417918753478,124008,15588,33102,216.87801893556428,Bærum,0.11502100840336134,0.3391474729426144,5.781986824615236,571.7868533133526,6.348766287866906,0.47090810222947255,13.347105650082236
3201,2018,16198,102285,195,642000,40.26682549136391,125454,15650,33994,216.87801893556428,Bærum,0.15836144107151587,0.39794653041773825,5.966153313680814,578.4541956613552,6.360359365731254,0.4603753603577102,13.372343582672098
3201,2019,20249,104776,252.4,660000,40.439320388349515,126841,15708,34511,216.87801893556428,Bærum,0.19325990684889668,0.4396133606351116,6.224166235495836,584.8494956867214,6.371354541801263,0.45515922459505664,13.399995114002609
3201,2020,23707,105089,477.4,674000,40.7281802624073,127731,15715,34893,216.87801893556428,Bærum,0.2255897382218881,0.4749628808884839,6.8615029913834364,588.9531849603884,6.378346698252279,0.4503768664201989,13.420985389894444
3201,2021,29957,104258,481,704000,41.062781531531535,128233,15771,35475,216.87801893556428,Bærum,0.2873352644401389,0.5360366260248817,6.869015531226366,591.2678501462094,6.382269129872548,0.44456659619450317,13.46453363514018
3201,2022,36286,100511,678.6,724000,41.29611908559277,128982,15837,35929,216.87801893556428,Bærum,0.3610152122653242,0.6008454146162091,7.213179575800203,594.7214043776437,6.388093067955967,0.44078599460046203,13.492546671367853
3201,2023,42898,96386,963.6,784000,41.48693834900732,129874,15896,36106,216.87801893556428,Bærum,0.4450646359429793,0.6671316481347436,7.563823720544796,598.8343154249593,6.394984957892401,0.44025923669196254,13.572164299332545
1867,2016,6,1477,0,403000,50.42553191489362,2632,1314,1361,1824.3381486413991,Bø,0.004062288422477996,0.06373608414766313,0,1.4427149933580428,0.36652675048371836,0.9654665686994857,12.90669184092882
1867,2017,6,1499,0,428000,50.80555555555556,2624,1313,1360,1824.3381486413991,Bø,0.004002668445630421,0.0632666456012204,0,1.4383298414025472,0.36348260810249017,0.9654411764705882,12.966878474563934
1867,2018,10,1546,50,444000,50.871428571428574,2623,1315,1362,1824.3381486413991,Bø,0.00646830530401035,0.08042577512222279,4.605270170991424,1.4377816974081101,0.36310143790538413,0.9654919236417033,13.003579841414362
1867,2019,17,1549,50,461000,51.11764705882353,2616,1312,1359,1824.3381486413991,Bø,0.010974822466107165,0.10476078687231767,4.605270170991424,1.4339446894470516,0.3604291706155998,0.9654157468727005,13.041153321978786
1867,2020,41,1594,50,462000,51.712765957446805,2569,1316,1363,1824.3381486413991,Bø,0.025721455457967377,0.1603790991930288,4.605270170991424,1.408181921708515,0.342299455148394,0.9655172413793104,13.043320170063875
1867,2021,47,1604,50,483000,52.333333333333336,2576,1304,1359,1824.3381486413991,Bø,0.029301745635910224,0.17117752666722996,4.605270170991424,1.4120189296695738,0.3450205452627548,0.9595290654893304,13.087771932634709
1867,2022,104,1616,50,500000,52.73255813953488,2565,1309,1368,1824.3381486413991,Bø,0.06435643564356436,0.2536857024815635,4.605270170991424,1.4059893457307673,0.3407412156433804,0.9568713450292398,13.122363377404328
1867,2023,134,1594,50,536000,53.30952380952381,2584,1317,1386,1824.3381486413991,Bø,0.08406524466750313,0.2899400708206838,4.605270170991424,1.4164040816250691,0.34812132294100284,0.9502164502164502,13.19188944005294
4613,2016,397,5879,0,551000,37.62686567164179,11778,4569,4608,1668.8993872587412,Bømlo,0.0675284912400068,0.2598624467675289,0,7.057345751289424,1.9540690249079968,0.9915364583333334,13.219490088135052
4613,2017,507,5961,0,564000,37.98837209302326,11806,4607,4668,1668.8993872587412,Bømlo,0.08505284348263714,0.29163820648645666,0,7.07412327557505,1.9564435172041155,0.9869323050556984,13.242809530480196
4613,2018,665,6062,0,584000,38.36206896551724,11902,4645,4718,1668.8993872587412,Bømlo,0.10969976905311778,0.331209554592131,0,7.131646215982911,1.964542093608278,0.9845273420941076,13.277656261810364
4613,2019,803,6160,7.2,604000,38.74829931972789,11960,4682,4755,1668.8993872587412,Bømlo,0.13035714285714287,0.36105005588857464,2.6720162214278513,7.166399659145993,1.9694033889081035,0.9846477392218718,13.311329476916953
4613,2020,987,6185,218.2,619000,39.00337837837838,11957,4696,4775,1668.8993872587412,Bømlo,0.1595796281325788,0.3994741895699631,6.07856450477849,7.164602067258247,1.9691525213230607,0.983455497382199,13.335860551666734
4613,2021,1319,6426,218.2,645000,39.63851351351352,11953,4711,4790,1668.8993872587412,Bømlo,0.20525988173046997,0.4530561573695583,6.07856450477849,7.162205278074587,1.9688179332814617,0.9835073068893528,13.37700559577791
4613,2022,1681,6514,218.2,663000,39.8905325443787,12061,4730,4821,1668.8993872587412,Bømlo,0.25805956401596564,0.507995633855219,6.07856450477849,7.22691858603343,1.9778127469867237,0.9811242480813109,13.404530269168
4613,2023,1923,6551,218.2,714000,40.44117647058823,12132,4765,4864,1668.8993872587412,Bømlo,0.29354297053884904,0.5417960599144747,6.07856450477849,7.269461594043411,1.9836822302119526,0.9796463815789473,13.478638241321722
5441,2016,5,1687,0,473000,44.67567567567568,2922,1404,1404,4386.643446072915,Deatnu-Tana,0.002963841138114997,0.05444117135142297,0,0.6661129485269386,-0.4062960304381197,1,13.06685066747407
5441,2017,6,1749,0,473000,44.98863636363637,2911,1420,1420,4386.643446072915,Deatnu-Tana,0.003430531732418525,0.05857074126574227,0,0.6636053364688289,-0.41006767900314134,1,13.06685066747407
5441,2018,11,1758,0,497000,45.29545454545455,2922,1430,1432,4386.643446072915,Deatnu-Tana,0.006257110352673493,0.0791018985402594,0,0.6661129485269386,-0.4062960304381197,0.9986033519553073,13.116345305078767
5441,2019,20,1813,0,513000,45.857142857142854,2900,1437,1440,4386.643446072915,Deatnu-Tana,0.011031439602868174,0.1050306602991154,0,0.6610977244107192,-0.41385360677419925,0.9979166666666667,13.148031124152906
5441,2020,27,1776,0,516000,46.49230769230769,2918,1439,1442,4386.643446072915,Deatnu-Tana,0.015202702702702704,0.12329924047901797,0,0.6652010895967169,-0.40766589366603356,0.9979195561719834,13.1538620444637
5441,2021,54,1809,0,537000,47.553030303030305,2829,1448,1451,4386.643446072915,Deatnu-Tana,0.029850746268656716,0.17277368511627203,0,0.6449122283992844,-0.4386410514471974,0.9979324603721571,13.193753373491
5441,2022,95,1764,0,565000,48.13709677419355,2821,1457,1460,4386.643446072915,Deatnu-Tana,0.053854875283446714,0.23206653201926106,0,0.6430885105388411,-0.4414729117467682,0.9979452054794521,13.244581010128577
5441,2023,115,1748,0,602000,48.473684210526315,2804,1463,1466,4386.643446072915,Deatnu-Tana,0.06578947368421052,0.2564945880212885,0,0.6392131100853989,-0.4475173745942838,0.9979536152796725,13.308012724290958
3431,2016,2,1519,425,453000,46.82432432432432,2701,1268,1268,1366.0981460908904,Dovre,0.0013166556945358788,0.036285750571483,6.745237733564534,1.9771639451593948,0.681663466981648,1,13.023647404465171
3431,2017,2,1558,425,466000,46.98571428571429,2675,1236,1236,1366.0981460908904,Dovre,0.0012836970474967907,0.03582871819500093,6.745237733564534,1.9581316376532325,0.6719907725191394,1,13.051940913107783
3431,2018,10,1582,432.4,472000,48.027027027027025,2642,1201,1201,1366.0981460908904,Dovre,0.006321112515802781,0.0795054244426302,6.762499603436939,1.9339752473569496,0.659577598271303,1,13.064734264567692
3431,2019,14,1568,432.4,491000,48.67142857142857,2615,1202,1202,1366.0981460908904,Dovre,0.008928571428571428,0.0944911182523068,6.762499603436939,1.9142109280236272,0.6493054896880557,1,13.104199406776658
3431,2020,27,1561,432.4,481000,49.22058823529411,2553,1205,1205,1366.0981460908904,Dovre,0.01729660474055093,0.13151655690653907,6.762499603436939,1.8688261947397018,0.6253105304305162,1,13.083622549087899
3431,2021,49,1596,462,503000,50.21212121212121,2512,1203,1203,1366.0981460908904,Dovre,0.03070175438596491,0.1752191610126156,6.828713242907031,1.8388137098261383,0.6091206407771217,1,13.128345449081877
3431,2022,76,1584,462,512000,50.333333333333336,2498,1206,1206,1366.0981460908904,Dovre,0.047979797979797977,0.2190429135575903,6.828713242907031,1.828565544245897,0.6035318038745554,1,13.146079904021645
3431,2023,98,1560,662,547000,50.666666666666664,2466,1210,1210,1366.0981460908904,Dovre,0.06282051282051282,0.2506402059138015,7.188413306954931,1.8051411657767742,0.590638796913322,1,13.212204081404119
3301,2016,1465,60365,83,498666.6666666667,39.5839469808542,98930,17189,29992,345.50391545994717,Drammen,0.024269030067091857,0.15578520490435493,5.112024076118548,286.33539468952426,5.657163832438745,0.5731194985329421,13.11969314884845
3301,2017,2081,62336,83,512333.3333333333,39.741888968997834,99734,17273,30329,345.50391545994717,Drammen,0.03338359856262834,0.18271179097865672,5.112024076118548,288.66243054649766,5.665257945005464,0.5695209205710706,13.146730733852623
3301,2018,2879,65402,93.8,528000,39.93615494978479,100302,17350,30675,345.50391545994717,Drammen,0.044020060548607076,0.20980958164156155,5.234340449489116,290.30640612704605,5.670936938052162,0.5656071719641402,13.176851562688398
3301,2019,3804,67873,143.8,541666.6666666666,40.29481641468683,100581,17448,31235,345.50391545994717,Drammen,0.05604585033813151,0.23674004802342064,5.661582715514507,291.1139223012943,5.673714676132468,0.5586041299823915,13.202406085077865
3301,2020,5125,68879,648.8,532000,40.49010989010989,101386,17515,31474,345.50391545994717,Drammen,0.07440584212895077,0.2727743428714489,7.168272277267458,293.44385248147285,5.681686317667419,0.5564910719959332,13.184398768323781
3301,2021,7562,72370,817.2,551000,40.71037668798863,101859,17637,31767,345.50391545994717,Drammen,0.1044908111095758,0.3232503845466789,7.399031417857905,294.8128673575281,5.686340807115455,0.5551987911984134,13.219490088135052
3301,2022,10248,74479,817.2,578000,40.86011687363039,102273,17717,32060,345.50391545994717,Drammen,0.13759583238228226,0.3709391222050894,7.399031417857905,296.01111716447707,5.690397011606875,0.5526200873362446,13.267329147654515
3301,2023,14027,74521,817.2,619000,40.99544817927171,103291,17858,32503,345.50391545994717,Drammen,0.18822882140604663,0.4338534561416408,7.399031417857905,298.9575381873613,5.700301550554621,0.549426206811679,13.335860551666734
4016,2016,15,2303,0,453000,44.32258064516129,4136,1755,1777,1065.0286645392216,Drangedal,0.006513243595310464,0.08070466898086172,0,3.883463551461703,1.3567274233466413,0.9876195835678109,13.023647404465171
4016,2017,29,2319,0,463000,44.74626865671642,4148,1775,1801,1065.0286645392216,Drangedal,0.01250539025442001,0.11182750222740383,0,3.894730853835383,1.3596245765077943,0.9855635757912271,13.045482333068371
4016,2018,38,2344,0,480000,45.09154929577465,4105,1773,1799,1065.0286645392216,Drangedal,0.016211604095563138,0.12732479764587548,0,3.8543563536630296,1.349204029044905,0.9855475264035576,13.081541382884074
4016,2019,56,2408,0,498000,45.411764705882355,4080,1782,1808,1065.0286645392216,Drangedal,0.023255813953488372,0.15249857033260467,0,3.830882807051196,1.3430952745565836,0.9856194690265486,13.11835535600679
4016,2020,87,2406,0,500000,45.967213114754095,4060,1782,1810,1065.0286645392216,Drangedal,0.03615960099750624,0.19015678004611417,0,3.8121039697617296,1.3381812597541547,0.9845303867403314,13.122363377404328
4016,2021,136,2463,0,526000,46.104838709677416,4071,1794,1825,1065.0286645392216,Drangedal,0.055217214778725134,0.2349834351155952,0,3.822432330270936,1.340886955661355,0.983013698630137,13.173056491719846
4016,2022,198,2507,0,548000,46.15,4093,1800,1831,1065.0286645392216,Drangedal,0.07897885919425608,0.28103177612906355,0,3.8430890512893496,1.3462764836507792,0.9830693610049154,13.214030565930152
4016,2023,240,2478,0,583000,46.46610169491525,4091,1817,1848,1065.0286645392216,Drangedal,0.09685230024213075,0.31121102204473855,0,3.841211167560403,1.3457877250877748,0.9832251082251082,13.27594246533263
5420,2016,3,677,0,425000,48.18181818181818,1158,584,589,469.5001808750321,Dyrøy,0.004431314623338257,0.06656812017278434,0,2.4664527239196685,0.9027809742343625,0.9915110356536503,12.959844447906553
5420,2017,5,688,0,449000,48.75,1138,586,591,469.5001808750321,Dyrøy,0.007267441860465116,0.08524929243380919,0,2.423854231278569,0.8853589307876983,0.9915397631133672,13.01477816672439
5420,2018,7,688,0,449000,48.63333333333333,1165,588,593,469.5001808750321,Dyrøy,0.010174418604651164,0.10086832309824112,0,2.4813621963440537,0.9088076821012231,0.9915682967959528,13.01477816672439
5420,2019,9,686,0,466000,49.85294117647059,1129,589,594,469.5001808750321,Dyrøy,0.013119533527696793,0.11454053224818188,0,2.4046849095900744,0.8774188802510842,0.9915824915824916,13.051940913107783
5420,2020,12,689,0,487000,51.25,1083,588,593,469.5001808750321,Dyrøy,0.01741654571843251,0.13197176106437508,0,2.306708376515545,0.8358215631024126,0.9915682967959528,13.096019402064726
5420,2021,14,698,0,501000,51.67857142857143,1063,588,593,469.5001808750321,Dyrøy,0.02005730659025788,0.1416238207020905,0,2.2641098838744456,0.8171816944433701,0.9915682967959528,13.124361380067002
5420,2022,39,697,0,535000,52,1068,591,596,469.5001808750321,Dyrøy,0.05595408895265423,0.23654616664121664,0,2.2747595070347204,0.8218743356215622,0.9916107382550335,13.190022025878143
5420,2023,47,691,62.5,559000,52.266666666666666,1056,591,601,469.5001808750321,Dyrøy,0.06801736613603473,0.26080139212825293,4.828377731159175,2.2492004114500608,0.810574780367629,0.9833610648918469,13.233904752137237
1827,2016,9,717,0,433000,46.375,1402,914,915,758.9636019967026,Dønna,0.012552301255230125,0.11203705304599067,0,1.8472559109706703,0.6137012465573538,0.9989071038251366,12.978493006984626
1827,2017,14,709,0,450000,46.42857142857143,1410,918,919,758.9636019967026,Dønna,0.019746121297602257,0.1405208927441121,0,1.8577966009048823,0.6193911623350323,0.998911860718172,13.017002861746503
1827,2018,17,727,0,475000,46.68518518518518,1403,901,901,758.9636019967026,Dønna,0.023383768913342505,0.1529175232383212,0,1.8485734972124468,0.6144142590652794,1,13.071070083016778
1827,2019,21,730,0,480000,47.72222222222222,1391,900,900,758.9636019967026,Dønna,0.028767123287671233,0.16960873588253417,0,1.8327624623111287,0.6058243708862613,1,13.081541382884074
1827,2020,25,754,0,509000,48.42592592592592,1371,901,901,758.9636019967026,Dønna,0.033156498673740056,0.18208926018230745,0,1.8064107374755984,0.5913418585251328,1,13.14020329553266
1827,2021,37,791,0,528000,49.55357142857143,1371,903,911,758.9636019967026,Dønna,0.04677623261694058,0.21627813716818578,0,1.8064107374755984,0.5913418585251328,0.991218441273326,13.176851562688398
1827,2022,54,787,0,553000,50.125,1369,904,912,758.9636019967026,Dønna,0.06861499364675985,0.26194463851501115,0,1.8037755649920453,0.5898820042512672,0.9912280701754386,13.223113280504473
1827,2023,67,789,0,595000,50.47727272727273,1391,902,910,758.9636019967026,Dønna,0.08491761723700887,0.29140627521899537,0,1.8327624623111287,0.6058243708862613,0.9912087912087912,13.296316684527767
4619,2016,30,485,0,506000,46.47727272727273,925,520,533,1534.0849443470984,Eidfjord,0.061855670103092786,0.2487080016869035,0,0.6029653073700407,-0.5058956172930772,0.975609756097561,13.134291948269603
4619,2017,38,486,0,538000,47.06818181818182,921,518,528,1534.0849443470984,Eidfjord,0.07818930041152264,0.27962349760262034,0,0.6003578898246568,-0.5102293185501956,0.9810606060606061,13.195613839143922
4619,2018,54,484,0,550000,46.15,931,517,527,1534.0849443470984,Eidfjord,0.1115702479338843,0.3340213285613425,0,0.6068764336881167,-0.49943007752843527,0.9810246679316889,13.217673557208654
4619,2019,62,495,0,559000,47.4,906,516,526,1534.0849443470984,Eidfjord,0.12525252525252525,0.35391033504621655,0,0.5905800740294669,-0.5266500487625231,0.9809885931558935,13.233904752137237
4619,2020,62,481,412.5,548000,46.642857142857146,906,519,529,1534.0849443470984,Eidfjord,0.1288981288981289,0.35902385561147454,6.715384855569276,0.5905800740294669,-0.5266500487625231,0.9810964083175804,13.214030565930152
4619,2021,77,506,412.5,591000,47.67857142857143,903,519,529,1534.0849443470984,Eidfjord,0.15217391304347827,0.39009474880274697,6.715384855569276,0.588624510870429,-0.5299668013885169,0.9810964083175804,13.289571296388235
4619,2022,105,534,412.5,624000,47.357142857142854,937,531,541,1534.0849443470984,Eidfjord,0.19662921348314608,0.4434289272060925,6.715384855569276,0.6107875600061926,-0.49300607256708023,0.9815157116451017,13.343905647351566
4619,2023,110,540,412.5,663000,47.166666666666664,962,537,547,1534.0849443470984,Eidfjord,0.2037037037037037,0.45133546692422,6.715384855569276,0.6270839196648423,-0.46667490413979595,0.9817184643510055,13.404530269168
3416,2016,18,3851,7.4,424000,47.72380952380952,6142,2764,2810,640.3014748123953,Eidskog,0.004674110620618021,0.06836746756036836,2.6991616063975625,9.592356478328542,2.260966581163975,0.9836298932384342,12.957488734214095
3416,2017,33,4037,7.4,438000,48.34090909090909,6127,2766,2812,640.3014748123953,Eidskog,0.008174386920980926,0.09041231620183683,2.6991616063975625,9.568930013467758,2.258521392888862,0.9836415362731152,12.989974189358584
3416,2018,49,4059,7.4,446000,48.921052631578945,6142,2776,2853,640.3014748123953,Eidskog,0.012071938901207195,0.10987237551453594,2.6991616063975625,9.592356478328542,2.260966581163975,0.9730108657553452,13.008074231002201
3416,2019,69,4172,7.4,465000,49.88461538461539,6114,2794,2871,640.3014748123953,Eidskog,0.01653883029721956,0.1286033836927301,2.6991616063975625,9.54862707725508,2.256397382613987,0.9731800766283525,13.049792684569493
3416,2020,86,4140,7.4,465000,50.30864197530864,6106,2798,2875,640.3014748123953,Eidskog,0.02077294685990338,0.14412823061393415,2.6991616063975625,9.536132962662663,2.25508805345803,0.9732173913043478,13.049792684569493
3416,2021,128,4239,51.8,482000,50.817708333333336,6099,2807,2886,640.3014748123953,Eidskog,0.03019580089643784,0.1737693899869532,4.640630487749433,9.525200612394297,2.2539409824596635,0.9726264726264726,13.085699393032737
3416,2022,174,4164,51.8,508000,51.26315789473684,6032,2812,2891,640.3014748123953,Eidskog,0.04178674351585014,0.20441806064007687,4.640630487749433,9.420562402682801,2.242894789850999,0.9726738152888273,13.138236726560619
3416,2023,223,4097,143.7,547000,51.7029702970297,6028,2821,2906,640.3014748123953,Eidskog,0.05443007078350012,0.23330253059814873,5.660887080144349,9.414315345386592,2.242231439909593,0.9707501720578114,13.212204081404119
3240,2016,314,13669,0,463000,39.300898203592816,23811,7038,8150,456.61531898543257,Eidsvoll,0.022971687760626233,0.1515641374488907,0,52.14673930105189,3.95406165410468,0.863558282208589,13.045482333068371
3240,2017,510,13991,0,482000,39.10058309037901,24415,7092,8320,456.61531898543257,Eidsvoll,0.03645200486026731,0.1909240814048016,0,53.4695157714998,3.9791116928414554,0.8524038461538461,13.085699393032737
3240,2018,720,14138,0,499000,39.361559139784944,24647,7123,8412,456.61531898543257,Eidsvoll,0.050926580845947096,0.22566918452891857,0,53.97760209789702,3.9885691845560607,0.8467665240133143,13.120361374733656
3240,2019,999,14573,200,510000,39.57748538011696,24919,7151,8579,456.61531898543257,Eidsvoll,0.06855143072805873,0.26182328148592654,5.991470797049389,54.573289515052366,3.999544560031003,0.8335470334537824,13.142166004700508
3240,2020,1289,14663,200,512000,39.646310432569976,25436,7195,8740,456.61531898543257,Eidsvoll,0.08790834072154402,0.29649340755157444,5.991470797049389,55.70553361310133,4.020079488732993,0.8232265446224256,13.146079904021645
3240,2021,1832,15073,200,530000,39.761213720316626,26031,7209,8943,456.61531898543257,Eidsvoll,0.12154182976182579,0.3486284982066523,5.991470797049389,57.00859983812867,4.043202130807294,0.8061053337806106,13.180632285528304
3240,2022,2335,15167,200,555000,39.803030303030305,26716,7245,9165,456.61531898543257,Eidsvoll,0.15395266038109054,0.39236801651140035,5.991470797049389,58.508768517361815,4.069176632191221,0.79050736497545,13.226723392728571
3240,2023,2730,15184,200,590000,39.87410926365796,27338,7280,9393,456.61531898543257,Eidsvoll,0.1797945205479452,0.4240218397063354,5.991470797049389,59.870965478650895,4.092191671058293,0.7750452464601298,13.287877815881902
1101,2016,84,7483,0,530000,38.86702127659574,14942,4860,5130,1068.0542269522496,Eigersund,0.011225444340505144,0.10595019745382801,0,13.989926375403059,2.6383375260047184,0.9473684210526315,13.180632285528304
1101,2017,119,7568,0,540000,39.16935483870968,14899,4904,5187,1068.0542269522496,Eigersund,0.015724101479915435,0.12539577935447202,0,13.94966624729823,2.635455583056311,0.9454405243878928,13.199324418540456
1101,2018,199,7604,29.4,553000,39.582352941176474,14898,4927,5217,1068.0542269522496,Eigersund,0.02617043661230931,0.16177279317706458,4.074430960841815,13.948729965249282,2.6353884622051935,0.9444124976039869,13.223113280504473
1101,2019,287,7671,29.4,580000,39.94708994708995,14830,4938,5228,1068.0542269522496,Eigersund,0.03741363577108591,0.19342604729220392,4.074430960841815,13.885062785920717,2.6308136426009496,0.9445294567712318,13.270783382522602
1101,2020,393,7591,79.4,580000,40.36243386243386,14811,4974,5281,1068.0542269522496,Eigersund,0.0517718350678435,0.22753425031815208,5.067685201550292,13.867273426990677,2.6295316343959443,0.9418670706305624,13.270783382522602
1101,2021,633,7681,99.4,604000,40.69034090909091,14787,5005,5312,1068.0542269522496,Eigersund,0.0824111443822419,0.2870734128794269,5.292324595983949,13.84480265781589,2.6279099028424593,0.94220632530120485,13.311329476916953
1101,2022,888,7740,99.4,615000,40.85326086956522,14860,5024,5338,1068.0542269522496,Eigersund,0.11472868217054263,0.33871622661239986,5.292324595983949,13.913151247389202,2.632834525740722,0.9411764705882353,13.329377546788654
1101,2023,1099,7679,99.4,660000,41.097883597883595,15011,5050,5370,1068.0542269522496,Eigersund,0.1431175934366454,0.37830885984423546,5.292324595983949,14.054529836780572,2.642944752129148,0.9404096834264432,13.399995114002609
3420,2016,157,11528,11,474000,41.34397163120568,21030,6603,8001,1229.238990673966,Elverum,0.013619014573213047,0.11670053373148319,3.093102195050827,17.1081459012862,2.839554718577432,0.8252718410198725,13.068962600677214
3420,2017,238,11728,11,487000,41.56716417910448,21086,6613,8254,1229.238990673966,Elverum,0.02029331514324693,0.14245460730789627,3.093102195050827,17.15370254277322,2.842214042017581,0.8011873031257573,13.096019402064726
3420,2018,354,11804,11,499000,41.79887218045113,21123,6664,8356,1229.238990673966,Elverum,0.029989833954591663,0.1731757314250229,3.093102195050827,17.18380246661286,2.843967223067929,0.7975107707036859,13.120361374733656
3420,2019,512,11974,161,514000,42.09315589353612,21191,6703,8465,1229.238990673966,Elverum,0.04275931184232504,0.20678324845674767,5.774561190094515,17.239121245561382,2.847181292101252,0.7918487891317189,13.149978544437301
3420,2020,738,11946,168.4,518000,42.42446043165468,21254,6719,8552,1229.238990673966,Elverum,0.06177800100452034,0.24855180748592504,5.819498097931945,17.29037246723428,2.850149841813327,0.7856641721234799,13.15773052124162
3420,2021,1081,12325,168.4,536000,42.68354430379747,21292,6747,8588,1229.238990673966,Elverum,0.0877079107505071,0.296155213951244,5.819498097931945,17.321285902529045,2.8519361441733344,0.7856311131811831,13.19188944005294
3420,2022,1405,12410,518.4,558000,42.74909747292419,21435,6777,8627,1229.238990673966,Elverum,0.11321514907332796,0.33647458904548494,6.94389525586887,17.43761804061197,2.858629828912764,0.7855569722962791,13.232114241363448
3420,2023,1691,12409,518.4,604000,42.91743119266055,21568,6814,8690,1229.238990673966,Elverum,0.13627206060117655,0.36915045794523477,6.94389525586887,17.545815064143643,2.86481546359272,0.7841196777905639,13.311329476916953
3220,2016,249,5818,3.6,486500,39.17283950617284,10870,3103,3248,232.6700198474028,Enebakk,0.04279821244413888,0.20687728837196914,1.992835764939741,46.71852440262443,3.8441407541732553,0.9553571428571429,13.094992180608196
3220,2017,399,5919,3.6,506500,39.61419753086419,10927,3104,3249,232.6700198474028,Enebakk,0.06741003547896604,0.25963442660588376,1.992835764939741,46.96350654530609,3.8493708436287455,0.9553708833487227,13.135279602670876
3220,2018,498,5932,3.6,506500,39.938235294117646,10945,3109,3254,232.6700198474028,Enebakk,0.08395144976399191,0.2897437657034089,1.992835764939741,47.04086932720556,3.8510167840149636,0.955439459127228,13.135279602670876
3220,2019,652,6029,3.6,522500,40.16184971098266,11026,3119,3292,232.6700198474028,Enebakk,0.10814397080776249,0.3288525061600755,1.992835764939741,47.38900184575318,3.858390173207629,0.9474483596597812,13.166380262821104
3220,2020,768,5966,25.6,542000,40.60588235294118,11110,3130,3315,232.6700198474028,Enebakk,0.1287294669795508,0.3587888891528705,3.9361207836781484,47.750028161284035,3.865979656691676,0.9441930618401206,13.203021280421783
3220,2021,966,6100,25.6,562000,41.08579881656805,11065,3136,3327,232.6700198474028,Enebakk,0.15836065573770491,0.3979455436836866,3.9361207836781484,47.55662120653536,3.8619210265431505,0.9425909227532311,13.239257128875828
3220,2022,1185,6156,25.6,595000,41.0030487804878,11249,3147,3342,232.6700198474028,Enebakk,0.19249512670565302,0.4387426657001266,3.9361207836781484,48.34744075484105,3.878413288850826,0.9416517055655296,13.296316684527767
3220,2023,1369,6148,25.6,637000,41.43396226415094,11392,3184,3417,232.6700198474028,Enebakk,0.22267404033832142,0.47188350293088377,3.9361207836781484,48.96204507770907,3.8910454077097576,0.9318115305823822,13.3645249345543
3425,2016,1,844,0,447000,49.78,1305,759,759,2196.1657769994804,Engerdal,0.001184834123222749,0.034421419541075714,0,0.5942174373479953,-0.5205099704602897,1,13.010313873595706
3425,2017,2,859,0,457000,50.57692307692308,1274,762,762,2196.1657769994804,Engerdal,0.002328288707799767,0.04825234406533808,0,0.5801019273420275,-0.5445514540849749,1,13.032438669876342
3425,2018,2,868,0,479000,50.2,1294,764,764,2196.1657769994804,Engerdal,0.002304147465437788,0.048001536073731935,0,0.589208707991039,-0.5289748151562376,1,13.079455876393052
3425,2019,2,864,0,488000,50.869565217391305,1286,768,768,2196.1657769994804,Engerdal,0.0023148148148148147,0.048112522432468816,0,0.5855659957314344,-0.5351763854195187,1,13.098070684835283
3425,2020,5,865,0,486000,51.77272727272727,1268,773,773,2196.1657769994804,Engerdal,0.005780346820809248,0.07602859212697055,0,0.5773698931473241,-0.5492721552199122,1,13.093963902882631
3425,2021,16,870,0,524000,52.76190476190476,1250,772,772,2196.1657769994804,Engerdal,0.01839080459770115,0.13561270072416207,0,0.5691737905632138,-0.5635694599207367,1,13.169246963303179
3425,2022,20,856,7.4,544000,53.75,1253,782,782,2196.1657769994804,Engerdal,0.02336448598130841,0.15285446012893575,2.6991616063975625,0.5705398076605656,-0.5611723353210151,1,13.206704525838079
3425,2023,30,861,29.6,596000,52.285714285714285,1328,789,789,2196.1657769994804,Engerdal,0.03484320557491289,0.18666334823663935,4.081206755854067,0.6046902350943584,-0.5030389601807043,1,13.297995946047488
4611,2016,36,2175,18.4,523000,40.74509803921568,4106,1814,1869,817.8671625607531,Etne,0.016551724137931035,0.1286535041805354,3.606235450164927,5.020375175773116,1.6135046671208104,0.9705724986623863,13.16733674304706
4611,2017,57,2181,18.4,547000,40.6375,4135,1764,1823,817.8671625607531,Etne,0.026134800550206328,0.16166261333470497,3.606235450164927,5.055833256654124,1.6205426769997233,0.9676357652221613,13.212204081404119
4611,2018,75,2194,18.4,554000,40.92391304347826,4083,1775,1834,817.8671625607531,Etne,0.034184138559708296,0.18488953069254163,3.606235450164927,4.992253249557144,1.6078873608615074,0.9678298800436205,13.224919965729422
4611,2019,107,2267,168.4,574000,41.44565217391305,4077,1779,1838,817.8671625607531,Etne,0.04719894133215704,0.21725317335347955,5.819498097931945,4.984917094892107,1.6064167723611849,0.9678998911860718,13.260384675301703
4611,2020,135,2278,218.4,562000,42.19565217391305,4062,1795,1854,817.8671625607531,Etne,0.05926251097453907,0.24343892658023916,6.079480665637863,4.966576708229517,1.6027308116822616,0.9681769147788565,13.239257128875828
4611,2021,207,2333,225.8,586000,42.83695652173913,4053,1815,1874,817.8671625607531,Etne,0.08872696099442777,0.29787071187753217,6.112801735580855,4.955572476231962,1.60051269617024,0.9685165421558164,13.281075068559149
4611,2022,267,2321,225.8,632000,42.8875,4043,1830,1889,817.8671625607531,Etne,0.11503662214562689,0.33917049126601045,6.112801735580855,4.943345551790236,1.5980423391827026,0.9687665431445209,13.356644673128994
4611,2023,321,2337,275.8,668000,42.99193548387097,4073,1838,1897,817.8671625607531,Etne,0.13735558408215662,0.37061514281280605,6.312826432538014,4.980026325115417,1.6054351771903441,0.9688982604111755,13.412043452518782
3450,2016,1,804,0,414000,47.60526315789474,1321,757,757,459.72176050459456,Etnedal,0.0012437810945273632,0.035267280792929914,0,2.873477206191108,1.0555228665141898,1,12.933621252807452
3450,2017,3,873,0,410000,47.38,1351,758,758,459.72176050459456,Etnedal,0.003436426116838488,0.058621038176054914,0,2.9387340693142976,1.0779788999520632,1,12.92391243868049
3450,2018,5,847,0,443000,47.73913043478261,1352,759,759,459.72176050459456,Etnedal,0.0059031877213695395,0.07683220497531969,0,2.9409092980850704,1.0787188185947738,1,13.001325049027272
3450,2019,13,876,0,456000,48.61363636363637,1305,756,756,459.72176050459456,Etnedal,0.014840182648401826,0.12182028832834794,0,2.8386735458587404,1.0433368817486581,1,13.030248088496522
3450,2020,16,863,0,452000,48.825,1279,758,758,459.72176050459456,Etnedal,0.01853997682502897,0.13616158351395952,0,2.7821175978186425,1.0232123635707069,1,13.021437458814368
3450,2021,26,866,0,457000,49.891304347826086,1257,770,770,459.72176050459456,Etnedal,0.03002309468822171,0.1732717365533736,0,2.734262564861637,1.0058617705821118,1,13.032438669876342
3450,2022,42,868,0,483000,50.476190476190474,1256,775,775,459.72176050459456,Etnedal,0.04838709677419355,0.21997067253202993,0,2.7320873360908644,1.0050659090200085,1,13.087771932634709
3450,2023,59,865,62.5,527000,51.225,1239,781,781,459.72176050459456,Etnedal,0.06820809248554913,0.2611667905487777,4.828377731159175,2.6951084469877236,0.9914384436210069,1,13.1749558275235
1853,2016,4,757,0,460000,47.04761904761905,1400,643,654,390.0851798501457,Evenes,0.005284015852047556,0.0726912364184814,0,3.5889597255087233,1.2778623904554531,0.9831804281345565,13.038981768465277
1853,2017,9,783,0,475000,47.857142857142854,1402,649,660,390.0851798501457,Evenes,0.011494252873563218,0.10721125348377948,0,3.5940868108308788,1.2792899424466386,0.9833333333333333,13.071070083016778
1853,2018,25,845,0,483000,48.520833333333336,1387,651,662,390.0851798501457,Evenes,0.029585798816568046,0.17200522903844537,0,3.555633670914714,1.2685332951669348,0.9833836858006042,13.087771932634709
1853,2019,41,866,0,524000,49.145833333333336,1387,646,667,390.0851798501457,Evenes,0.04734411085450346,0.21758701903951777,0,3.555633670914714,1.2685332951669348,0.9685157421289355,13.169246963303179
1853,2020,41,839,0,531000,50.541666666666664,1348,648,669,390.0851798501457,Evenes,0.04886769964243146,0.22106039817758283,0,3.4556555071326853,1.2400121663243555,0.968609865470852,13.182517300224076
1853,2021,63,852,11,549000,51.19230769230769,1324,649,670,390.0851798501457,Evenes,0.07394366197183098,0.27192583910292706,3.093102195050827,3.3941304832668213,1.2220476113490566,0.9686567164179104,13.215853720491667
1853,2022,102,867,11,570000,50.55555555555556,1334,652,673,390.0851798501457,Evenes,0.11764705882352941,0.3429971702850177,3.093102195050827,3.419765909877598,1.2295721013276721,0.9687964338781575,13.253391639810733
1853,2023,119,877,18.4,600000,51.27777777777778,1310,657,690,390.0851798501457,Evenes,0.13568985176738882,0.36836103454001323,3.606235450164927,3.358240886011734,1.2114172910473004,0.9521739130434783,13.304684934198283
4219,2016,18,1894,0,472000,39.81481481481482,3582,1320,1391,589.1569005937016,Evje og Hornnes,0.009503695881731784,0.09748690107769241,0,6.079874472131904,1.8049840497340064,0.9489575844716032,13.064734264567692
4219,2017,25,1962,0,489000,39.74074074074074,3614,1327,1398,589.1569005937016,Evje og Hornnes,0.0127420998980632,0.11288091024643272,0,6.1341893752888605,1.8138779382655232,0.9492131616595136,13.10011776845701
4219,2018,40,1947,0,504000,39.99038461538461,3625,1338,1417,589.1569005937016,Evje og Hornnes,0.02054442732408834,0.14333327361114842,0,6.152860123249065,1.8169170344021246,0.9442484121383204,13.130331547053506
4219,2019,65,2025,0,517000,40.35294117647059,3638,1354,1433,589.1569005937016,Evje og Hornnes,0.03209876543209877,0.17916128329552333,0,6.174925552656579,1.820496826191417,0.944870900209351,13.155798153490567
4219,2020,89,2016,0,514000,40.895833333333336,3634,1365,1444,589.1569005937016,Evje og Hornnes,0.0441468253968254,0.2101114594609856,0,6.1681361897619595,1.819396716069466,0.9452908587257618,13.149978544437301
4219,2021,130,2068,0,524000,41.724489795918366,3619,1372,1451,589.1569005937016,Evje og Hornnes,0.06286266924564797,0.25072428930131196,0,6.142676078907136,1.815260490677092,0.9455547898001379,13.169246963303179
4219,2022,192,2059,0,540000,41.88297872340426,3653,1375,1454,589.1569005937016,Evje og Hornnes,0.0932491500728509,0.30536723804765126,0,6.200385663511403,1.824611493908632,0.9456671251719395,13.199324418540456
4219,2023,235,2075,247,597000,41.3134328358209,3904,1385,1464,589.1569005937016,Evje og Hornnes,0.11325301204819277,0.33653084858329524,6.202539614918805,6.626418185148786,1.8910644146463325,0.9460382513661202,13.29967239237474
4206,2016,62,5488,0,505000,41.17521367521368,9705,3701,3953,1259.2262643534018,Farsund,0.01129737609329446,0.10628911559183499,0,7.7071137052429615,2.0421437601894197,0.9362509486465975,13.132313708257497
4206,2017,119,5629,0,506000,41.296992481203006,9769,3719,4003,1259.2262643534018,Farsund,0.021140522295256706,0.14539780705105806,0,7.757938566359454,2.048716650239252,0.9290532100924307,13.134291948269603
4206,2018,181,5670,72,525000,41.63865546218487,9726,3712,4009,1259.2262643534018,Farsund,0.03192239858906525,0.17866840400324074,4.969861521396496,7.723790612796811,2.0443052555500403,0.9259166874532302,13.17115354157376
4206,2019,249,5801,75.6,547000,42.03813559322034,9695,3780,4084,1259.2262643534018,Farsund,0.042923633856231685,0.2071801965831476,5.018647202652243,7.69917232069351,2.041112832263061,0.9255631733594515,13.212204081404119
4206,2020,314,5745,75.6,545000,42.38636363636363,9691,3801,4133,1259.2262643534018,Farsund,0.0546562228024369,0.23378670364765594,5.018647202652243,7.69599576687373,2.0407001633208592,0.9196709412049359,13.208541073645382
4206,2021,446,5845,75.6,562000,42.917391304347824,9645,3820,4151,1259.2262643534018,Farsund,0.07630453378956373,0.2762327529268818,5.018647202652243,7.659465397946251,2.0359421899261387,0.9202601782702963,13.239257128875828
4206,2022,594,5842,75.6,590000,43.43103448275862,9622,3837,4169,1259.2262643534018,Farsund,0.1016775077028415,0.31886910747647146,5.018647202652243,7.641200213482512,2.0335546868457084,0.9203645958263372,13.287877815881902
4206,2023,731,5784,83,624000,43.398305084745765,9860,3875,4213,1259.2262643534018,Farsund,0.12638312586445366,0.35550404479338016,5.112024076118548,7.830205165759464,2.0579887121829903,0.9197721338713506,13.343905647351566
1841,2016,58,5610,7.4,484000,44.04255319148936,9604,3221,3440,1292.9832510135504,Fauske - Fuossko,0.01033868092691622,0.1016793043195921,2.6991616063975625,7.42778376477156,2.0052275322389925,0.9363372093023256,13.089840185698769
1841,2017,83,5766,57.4,505000,44.034351145038165,9729,3248,3488,1292.9832510135504,Fauske - Fuossko,0.01439472771418661,0.11997803013129783,4.743267353311623,7.524459417686641,2.0181589698732765,0.9311926605504587,13.132313708257497
1841,2018,113,5794,79.4,510000,44.31021897810219,9775,3262,3515,1292.9832510135504,Fauske - Fuossko,0.019502934069727303,0.13965290569740146,5.067685201550292,7.560036057959391,2.022875959751415,0.928022759601707,13.142166004700508
1841,2019,162,5886,79.4,525000,44.41525423728814,9760,3275,3552,1292.9832510135504,Fauske - Fuossko,0.027522935779816515,0.1659003790827993,5.067685201550292,7.548434979609581,2.0213402543049868,0.9220157657657657,13.17115354157376
1841,2020,213,5912,79.4,530000,44.6858407079646,9739,3283,3605,1292.9832510135504,Fauske - Fuossko,0.036028416779431666,0.18981152962723752,5.067685201550292,7.532193469919847,2.019186296859048,0.9106796116504854,13.180632285528304
1841,2021,308,6049,123.4,548000,45.35398230088496,9640,3294,3634,1292.9832510135504,Fauske - Fuossko,0.050917507025954704,0.22564907938202342,5.50859470922766,7.455626352811103,2.00896896250244,0.9064391854705559,13.214030565930152
1841,2022,484,6038,123.4,577000,45.71848739495798,9603,3304,3644,1292.9832510135504,Fauske - Fuossko,0.08015899304405433,0.2831236356153515,5.50859470922766,7.427010359548238,2.0051234035358214,0.9066959385290889,13.265597545490236
1841,2023,632,6007,198.4,617000,46.11206896551724,9572,3314,3661,1292.9832510135504,Fauske - Fuossko,0.1052105876477443,0.32436181595210045,5.983438726563141,7.403034797625298,2.0018900239261126,0.9052171537831194,13.332624302887524
4633,2016,2,229,0,519000,45.714285714285715,576,282,282,469.2550043780359,Fedje,0.008733624454148471,0.09345386270319955,0,1.227477586016258,0.20496132065526954,1,13.159659162148026
4633,2017,2,217,0,538000,47.07142857142857,587,284,284,469.2550043780359,Fedje,0.009216589861751152,0.09600307214746387,0,1.2509189982492073,0.22387847978747477,1,13.195613839143922
4633,2018,4,222,0,548000,48.214285714285715,561,283,283,469.2550043780359,Fedje,0.018018018018018018,0.13423121104280486,0,1.1955120238804178,0.17857456548207457,1,13.214030565930152
4633,2019,10,234,0,560000,48.5,562,286,286,469.2550043780359,Fedje,0.042735042735042736,0.20672455764868075,0,1.1976430613561404,0.18035550985306928,1,13.235692062711331
4633,2020,14,215,0,539000,49.666666666666664,548,288,288,469.2550043780359,Fedje,0.06511627906976744,0.2551789158017712,0,1.1678085366960231,0.15512894690739384,1,13.197470849891134
4633,2021,21,218,0,545000,51.083333333333336,525,290,290,469.2550043780359,Fedje,0.0963302752293578,0.3103711894318766,0,1.1187946747544018,0.11225192255100208,1,13.208541073645382
4633,2022,30,213,0,593000,53.25,502,292,292,469.2550043780359,Fedje,0.14084507042253522,0.37529331252040077,0,1.0697808128127804,0.06745377965110755,1,13.292949677979863
4633,2023,36,215,0,631000,50.611111111111114,513,294,294,469.2550043780359,Fedje,0.16744186046511628,0.4091966036822841,0,1.0932222250457297,0.08912950513014789,1,13.35506114152335
4615,2016,40,1649,0,581000,38.972972972972975,3140,1210,1241,242.14206168220133,Fitjar,0.02425712553062462,0.1557469920435853,0,12.967594222110343,2.5624534932367116,0.9750201450443191,13.272506035834049
4615,2017,63,1697,0,573000,38.98888888888889,3189,1229,1260,242.14206168220133,Fitjar,0.037124337065409546,0.19267676835936798,0,13.169954768888497,2.5779380813444703,0.9753968253968254,13.258640995696876
4615,2018,86,1681,0,604000,39.2,3194,1238,1269,242.14206168220133,Fitjar,0.0511600237953599,0.22618581696330983,0,13.190603804274023,2.5795047431093705,0.9755713159968479,13.311329476916953
4615,2019,112,1715,75,633000,39.726190476190474,3201,1245,1284,242.14206168220133,Fitjar,0.0653061224489796,0.25555062599997597,5.01067973557803,13.21951245381376,2.5816939543042756,0.969626168224299,13.358225701126313
4615,2020,152,1694,75,628000,40.31521739130435,3189,1261,1300,242.14206168220133,Fitjar,0.089728453364817,0.29954708038105965,5.01067973557803,13.169954768888497,2.5779380813444703,0.97,13.350295445450335
4615,2021,241,1704,125,645000,40.84375,3147,1270,1309,242.14206168220133,Fitjar,0.1414319248826291,0.37607436084188073,5.52147691747826,12.996502871650078,2.5646803113988197,0.9702062643239114,13.37700559577791
4615,2022,335,1780,125,660000,42.072916666666664,3117,1277,1316,242.14206168220133,Fitjar,0.18820224719101122,0.43382282926444893,5.52147691747826,12.872608659336922,2.55510169410175,0.9703647416413373,13.399995114002609
4615,2023,381,1777,125,719000,42.40625,3181,1284,1323,242.14206168220133,Fitjar,0.2144063027574564,0.4630402820030417,5.52147691747826,13.136916312271655,2.575426306083557,0.9705215419501134,13.485616636703183
4646,2016,16,1398,0,430000,41.45,2830,1248,1271,490.9443480231517,Fjaler,0.011444921316165951,0.10698093903198809,0,5.7644008152764075,1.7517012134150634,0.981904012588513,12.971540487669746
4646,2017,26,1445,0,456000,40.86666666666667,2862,1269,1287,490.9443480231517,Fjaler,0.017993079584775088,0.13413828530578095,0,5.829581319194728,1.7629451828941762,0.986013986013986,13.030248088496522
4646,2018,41,1428,0,466000,41.206896551724135,2846,1266,1289,490.9443480231517,Fjaler,0.028711484593837534,0.16944463577770036,0,5.796991067235568,1.7573390014275778,0.9821567106283942,13.051940913107783
4646,2019,63,1467,0,486000,41.67857142857143,2770,1271,1300,490.9443480231517,Fjaler,0.04294478527607362,0.20723123624606793,0,5.642187370429558,1.7302718219591642,0.9776923076923076,13.093963902882631
4646,2020,87,1479,62.5,471000,41.52,2802,1275,1305,490.9443480231517,Fjaler,0.058823529411764705,0.24253562503633297,4.828377731159175,5.707367874347878,1.7417579496747324,0.9770114942528736,13.062613372998555
4646,2021,119,1503,62.5,495000,40.375,2885,1285,1315,490.9443480231517,Fjaler,0.07917498336660013,0.28138049571105694,4.828377731159175,5.87642980638602,1.77094940171998,0.9771863117870723,13.112313041550827
4646,2022,208,1537,84.5,506000,39.614285714285714,2901,1287,1317,490.9443480231517,Fjaler,0.13532856213402733,0.367870306132511,5.129933725864039,5.909020058345179,1.776480006899184,0.9772209567198178,13.134291948269603
4646,2023,247,1506,84.5,562000,39.5,2913,1293,1323,490.9443480231517,Fjaler,0.1640106241699867,0.40498225167281926,5.129933725864039,5.933462747314549,1.7806079797372145,0.9773242630385488,13.239257128875828
1578,2016,17,1453,62.5,493500,45.06896551724138,2672,1086,1116,1264.045796869503,Fjord,0.01169993117687543,0.10816622012844597,4.828377731159175,2.1138474623446344,0.7485097289055297,0.9731182795698925,13.109278137855673
1578,2017,26,1451,62.5,522500,45.44117647058823,2668,1092,1130,1264.045796869503,Fjord,0.01791867677463818,0.13386066178918354,4.828377731159175,2.110683020035735,0.7470116012845076,0.9663716814159292,13.166380262821104
1578,2018,32,1458,62.5,520500,45.95348837209303,2642,1096,1134,1264.045796869503,Fjord,0.02194787379972565,0.14814814814814814,4.828377731159175,2.090114145027891,0.7372186793312641,0.9664902998236331,13.16254516703716
1578,2019,49,1504,62.5,534500,46.88095238095238,2592,1101,1139,1264.045796869503,Fjord,0.032579787234042555,0.18049871809528886,4.828377731159175,2.050558616166651,0.7181122517211586,0.9666374012291484,13.189087009447237
1578,2020,77,1483,62.5,548000,47.43023255813954,2549,1100,1138,1264.045796869503,Fjord,0.051921780175320294,0.22786351216313747,4.828377731159175,2.016540861345985,0.7013835986251087,0.9666080843585237,13.214030565930152
1578,2021,119,1521,62.5,547000,48.421052631578945,2502,1093,1131,1264.045796869503,Fjord,0.0782380013149244,0.2797105670419414,4.828377731159175,1.9793586642164203,0.6827728852758498,0.9664014146772767,13.212204081404119
1578,2022,177,1535,84.5,580000,49.243589743589745,2491,1099,1137,1264.045796869503,Fjord,0.11530944625407166,0.33957244625274247,5.129933725864039,1.9706564478669477,0.6783667095111737,0.9665787159190853,13.270783382522602
1578,2023,212,1527,84.5,626000,49.52941176470589,2494,1102,1140,1264.045796869503,Fjord,0.13883431565160445,0.37260477137525283,5.129933725864039,1.973029779598622,0.679570320488975,0.9666666666666667,13.347105650082236
1859,2016,6,720,0,497000,46.44444444444444,1336,621,621,1171.658318684618,Flakstad,0.008333333333333333,0.09128709291752768,0,1.1402641697622928,0.1312599634233106,1,13.116345305078767
1859,2017,8,725,0,527000,46.84090909090909,1349,627,627,1171.658318684618,Flakstad,0.011034482758620689,0.10504514628777804,0,1.1513595546477045,0.1409434655344755,1,13.1749558275235
1859,2018,8,741,0,510000,47.976190476190474,1301,629,633,1171.658318684618,Flakstad,0.010796221322537112,0.10390486669322622,0,1.110391979686185,0.10471308783922491,0.9936808846761453,13.142166004700508
1859,2019,9,740,0,537000,48.76190476190476,1292,632,636,1171.658318684618,Flakstad,0.012162162162162163,0.11028219331407116,0,1.1027105593809001,0.09777129366926685,0.9937106918238994,13.193753373491
1859,2020,14,717,0,545000,49.36363636363637,1272,631,635,1171.658318684618,Flakstad,0.019525801952580194,0.13973475570730495,0,1.085640736480267,0.08217035322678709,0.9937007874015747,13.208541073645382
1859,2021,27,736,0,537000,50.69565217391305,1238,636,640,1171.658318684618,Flakstad,0.036684782608695655,0.19153271942071845,0,1.0566220375491906,0.05507706257126103,0.99375,13.193753373491
1859,2022,49,763,0,567000,51.08695652173913,1216,638,642,1171.658318684618,Flakstad,0.06422018348623854,0.2534170149895988,0,1.0378452323584941,0.03714667185283191,0.9937694704049844,13.248114582709889
1859,2023,66,745,0,595000,50.75,1220,641,645,1171.658318684618,Flakstad,0.08859060402684564,0.29764173770969293,0,1.0412591969386207,0.04043074705402176,0.993798449612403,13.296316684527767
5049,2016,0,632,0,497066.9740874301,48.025,1103,502,502,1284.0140898645543,Flatanger,0,0,0,0.8590248414768963,-0.15195743835095843,1,13.116480052715046
5049,2017,0,569,0,506014.1796210038,48.57142857142857,1090,499,499,1284.0140898645543,Flatanger,0,0,0,0.8489003419853282,-0.16381348238127152,1,13.134319970843377
5049,2018,1,654,0,523000,48.916666666666664,1105,496,502,1284.0140898645543,Flatanger,0.0015290519877675841,0.039103094350288754,0,0.8605824567832914,-0.15014584365260772,0.9880478087649402,13.16733674304706
5049,2019,3,701,0,534000,49.61764705882353,1103,499,515,1284.0140898645543,Flatanger,0.0042796005706134095,0.06541865613579516,0,0.8590248414768963,-0.15195743835095843,0.9689320388349515,13.188151117942333
5049,2020,10,716,0,541000,49.96153846153846,1103,499,515,1284.0140898645543,Flatanger,0.013966480446927373,0.11817986481176636,0,0.8590248414768963,-0.15195743835095843,0.9689320388349515,13.201174557828619
5049,2021,18,712,0,588000,50.833333333333336,1100,504,532,1284.0140898645543,Flatanger,0.025280898876404494,0.158999682000954,0,0.8566884185173036,-0.15468099881799904,0.9473684210526315,13.284482226880764
5049,2022,51,730,138,591000,50.95454545454545,1101,507,535,1284.0140898645543,Flatanger,0.06986301369863014,0.26431612455283565,5.6204139929528845,0.8574672261705012,-0.15377232088178094,0.9476635514018692,13.289571296388235
5049,2023,74,730,138,627000,50.84615384615385,1108,513,541,1284.0140898645543,Flatanger,0.10136986301369863,0.31838634237934677,5.6204139929528845,0.8629188797428841,-0.14743459029723174,0.9482439926062847,13.348701819615057
4207,2016,59,4538,0,504000,42.44444444444444,9096,3432,3705,864.2424224450409,Flekkefjord,0.013001322168356104,0.11402334045429517,0,10.524824706320679,2.3537367244483414,0.9263157894736842,13.130331547053506
4207,2017,78,4602,0,512000,42.633663366336634,9090,3238,3527,864.2424224450409,Flekkefjord,0.01694915254237288,0.13018891098082386,0,10.517882209812552,2.3530768761894936,0.9180606747944429,13.146079904021645
4207,2018,113,4648,0,525000,42.68316831683168,9066,3256,3551,864.2424224450409,Flekkefjord,0.024311531841652325,0.15592155669326907,0,10.490112223780043,2.3504331205187636,0.9169248099127006,13.17115354157376
4207,2019,161,4737,0,553000,42.63636363636363,9066,3260,3578,864.2424224450409,Flekkefjord,0.0339877559636901,0.1843576848511884,0,10.490112223780043,2.3504331205187636,0.9111235326998323,13.223113280504473
4207,2020,223,4743,0,552000,42.98039215686274,9028,3263,3581,864.2424224450409,Flekkefjord,0.047016656124815516,0.21683324497137313,0,10.446143079228571,2.3462328269553954,0.911197989388439,13.221303325259232
4207,2021,347,4815,0,568000,43.06372549019608,9027,3270,3587,864.2424224450409,Flekkefjord,0.07206645898234683,0.26845196773789315,0,10.444985996477218,2.3461220543161243,0.911625313632562,13.249876697703288
4207,2022,482,4895,0,580000,43.303030303030305,9048,3286,3621,864.2424224450409,Flekkefjord,0.09846782431052094,0.3137958322070593,0,10.469284734255663,2.3484457068139255,0.9074841204087268,13.270783382522602
4207,2023,602,4893,7.4,626000,42.96610169491525,9216,3354,3701,864.2424224450409,Flekkefjord,0.12303290414878398,0.35076046548718115,2.6991616063975625,10.66367463648322,2.3668430719536415,0.9062415563361254,13.347105650082236
3334,2016,9,1620,0,457000,42.3125,2699,1104,1126,562.780683118649,Flesberg,0.005555555555555556,0.07453559924999299,0,4.795829140835987,1.5677466111837115,0.9804618117229129,13.032438669876342
3334,2017,18,1678,0,491000,42.926829268292686,2696,1107,1141,562.780683118649,Flesberg,0.010727056019070322,0.1035715019639588,0,4.790498467467144,1.5666344701979045,0.9702015775635408,13.104199406776658
3334,2018,41,1722,0,516000,43.68292682926829,2688,1112,1146,562.780683118649,Flesberg,0.023809523809523808,0.1543033499620919,0,4.7762833384835615,1.563662699808747,0.9703315881326352,13.1538620444637
3334,2019,63,1759,0,517000,43.82051282051282,2694,1124,1158,562.780683118649,Flesberg,0.03581580443433769,0.18925063919135832,0,4.786944685221248,1.5658923551360162,0.9706390328151986,13.155798153490567
3334,2020,73,1783,0,509000,44.5,2688,1130,1164,562.780683118649,Flesberg,0.04094223219293326,0.20234186959928305,0,4.7762833384835615,1.563662699808747,0.9707903780068728,13.14020329553266
3334,2021,105,1844,62.5,517000,44.06521739130435,2713,1139,1173,562.780683118649,Flesberg,0.056941431670282,0.2386240383328595,4.828377731159175,4.820705616557255,1.5729203108246386,0.9710144927536232,13.155798153490567
3334,2022,145,1809,62.5,519000,44.34782608695652,2720,1147,1181,562.780683118649,Flesberg,0.08015478164731896,0.28311619813659367,4.828377731159175,4.833143854417889,1.5754971574557497,0.9712108382726503,13.159659162148026
3334,2023,178,1790,62.5,566000,44.675,2737,1157,1191,562.780683118649,Flesberg,0.09944134078212291,0.3153432110924903,4.828377731159175,4.863351003508001,1.5817277072063858,0.9714525608732157,13.24634935718532
3320,2016,5,616,0,479000,45.875,1074,592,626,705.2610124722011,Flå,0.008116883116883116,0.0900937462695559,0,1.5228404534021132,0.4205773103179031,0.9456869009584664,13.079455876393052
3320,2017,7,632,0,490000,46.34375,1081,600,634,705.2610124722011,Flå,0.011075949367088608,0.10524233638174614,0,1.5327658567296873,0.42707385288830124,0.9463722397476341,13.102160670086809
3320,2018,9,622,0,487000,46.56666666666667,1069,602,636,705.2610124722011,Flå,0.014469453376205787,0.12028904096469381,0,1.515750879596703,0.41591094627413827,0.9465408805031447,13.096019402064726
3320,2019,17,638,0,492000,47.06666666666667,1052,600,634,705.2610124722011,Flå,0.02664576802507837,0.16323531488338658,0,1.4916463286583082,0.39988042854674816,0.9463722397476341,13.106233995474446
3320,2020,31,626,0,496000,47.4,1050,602,636,705.2610124722011,Flå,0.04952076677316294,0.22253261957107084,0,1.4888104991361442,0.3979774784006621,0.9465408805031447,13.114331205707064
3320,2021,41,633,22,509000,47.65,1049,601,651,705.2610124722011,Flå,0.06477093206951026,0.25450134001515645,3.7847057630994327,1.487392584375062,0.39702464364539014,0.9231950844854071,13.14020329553266
3320,2022,63,626,172,528000,47.916666666666664,1057,599,649,705.2610124722011,Flå,0.10063897763578275,0.31723646958662044,5.840650107780075,1.4987359024637184,0.40462202111933065,0.9229583975346687,13.176851562688398
3320,2023,86,610,172,559000,47.80769230769231,1097,609,659,705.2610124722011,Flå,0.14098360655737704,0.37547783763809156,5.840650107780075,1.5554524929070002,0.44176649552432334,0.9241274658573596,13.233904752137237
3429,2016,4,950,7.4,437000,48,1592,856,856,1278.1558662276575,Folldal,0.004210526315789474,0.06488856845230502,2.6991616063975625,1.2455444927062147,0.21957277784898793,1,12.987688474077727
3429,2017,7,944,7.4,445000,48.38636363636363,1577,859,859,1278.1558662276575,Folldal,0.007415254237288136,0.08611187047839651,2.6991616063975625,1.2338088347975507,0.21010599840769803,1,13.005829561148378
3429,2018,12,974,7.4,471000,49.54347826086956,1569,861,861,1278.1558662276575,Folldal,0.012320328542094456,0.11099697537363104,2.6991616063975625,1.227549817246263,0.2050201641776922,1,13.062613372998555
3429,2019,14,981,7.4,491000,49.916666666666664,1577,866,866,1278.1558662276575,Folldal,0.014271151885830785,0.1194619265114655,2.6991616063975625,1.2338088347975507,0.21010599840769803,1,13.104199406776658
3429,2020,20,980,7.4,499000,50.583333333333336,1545,870,870,1278.1558662276575,Folldal,0.02040816326530612,0.14285714285714285,2.6991616063975625,1.2087727645924005,0.18960560077650535,1,13.120361374733656
3429,2021,31,1007,7.4,514000,51.89473684210526,1518,870,870,1278.1558662276575,Folldal,0.030784508440913606,0.17545514652159283,2.6991616063975625,1.187648580356805,0.17197536940023475,1,13.149978544437301
3429,2022,42,999,7.4,527000,51.294117647058826,1530,868,868,1278.1558662276575,Folldal,0.042042042042042045,0.20504156174308186,2.6991616063975625,1.1970371066837364,0.1798494258311407,1,13.1749558275235
3429,2023,63,1016,7.4,582000,51.870370370370374,1519,806,806,1278.1558662276575,Folldal,0.06200787401574803,0.2490138028619057,2.6991616063975625,1.1884309575507161,0.17263391404043246,1,13.274225726713574
3107,2016,1028,38247,44,476000,41.80779569892473,78967,18531,23910,559.4695204888488,Fredrikstad,0.02687792506601825,0.16394488423253178,4.477465921704087,141.14620566103554,4.949796272730215,0.7750313676286072,13.073173133213556
3107,2017,1490,39121,55,489000,41.925762045231075,80121,18633,24172,559.4695204888488,Fredrikstad,0.03808696096725544,0.19515880960708754,4.700563000177195,143.2088738810874,4.964304221049929,0.7708505709084892,13.10011776845701
3107,2018,2268,39350,119.8,500000,42.14070107108082,80977,18700,24597,559.4695204888488,Fredrikstad,0.05763659466327827,0.24007622677657667,5.478988284912653,144.738894675164,4.974931392785663,0.7602553156889051,13.122363377404328
3107,2019,3519,40307,149.2,514000,42.360917248255234,81772,18755,24753,559.4695204888488,Fredrikstad,0.08730493462673977,0.2954740845264433,5.698446098724987,146.15988361358794,4.98470111577488,0.7576859370581344,13.149978544437301
3107,2020,5549,40601,461.7,519000,42.57149950347567,82385,18829,25134,559.4695204888488,Fredrikstad,0.13667151055392723,0.36969110153468293,6.82806368286084,147.25556439252364,4.992169610561513,0.74914458502427,13.159659162148026
3107,2021,7958,41728,461.7,541000,42.825943396226414,83193,18896,25811,559.4695204888488,Fredrikstad,0.19071127300613497,0.4367050182974029,6.82806368286084,148.69978962805388,5.001929438724382,0.7320909689667197,13.201174557828619
3107,2022,10237,42630,461.7,566000,43.01885014137606,83892,18933,26192,559.4695204888488,Fredrikstad,0.24013605442176872,0.4900367888452547,6.82806368286084,149.9491874493851,5.010296486369967,0.7228543066585217,13.24634935718532
3107,2023,11550,42571,661.7,610000,43.20512820512821,84444,18971,26337,559.4695204888488,Fredrikstad,0.2713114561555989,0.5208756628559247,7.1879600325533195,150.93583637266815,5.016854821824531,0.7203174241561302,13.321214236149494
3214,2016,562,7887,0,576000,44.159274193548384,15695,4089,5283,115.45010106789933,Frogn,0.07125649803474071,0.2669391279575565,0,135.94617808753017,4.912259058050213,0.7739920499716071,13.263862939678027
3214,2017,766,8024,0,583000,44.8125,15743,4132,5326,115.45010106789933,Frogn,0.09546360917248255,0.3089718582209107,0,136.3619421237329,4.915312689788788,0.7758167480285393,13.27594246533263
3214,2018,956,7936,22,591000,45.46401515151515,15735,4173,5368,115.45010106789933,Frogn,0.12046370967741936,0.34707882343556967,3.7847057630994327,136.2926481176991,4.914804398272667,0.7773845007451565,13.289571296388235
3214,2019,1228,8139,22,609000,45.96875,15761,4215,5454,115.45010106789933,Frogn,0.15087848630052833,0.38843079988657997,3.7847057630994327,136.5178536373089,4.9164554019497,0.7728272827282728,13.319573546692034
3214,2020,1496,8123,22,619000,46.47570850202429,15877,4247,5530,115.45010106789933,Frogn,0.18416841068570725,0.42914847161059216,3.7847057630994327,137.52261672479878,4.923788388851671,0.7679927667269439,13.335860551666734
3214,2021,1922,8360,22,650000,46.82635983263598,15953,4278,5627,115.45010106789933,Frogn,0.2299043062200957,0.4794833742895531,3.7847057630994327,138.18090978211973,4.928563767075157,0.7602630175937445,13.38472764187182
3214,2022,2349,8485,22,671000,47.22821576763486,16084,4323,5689,115.45010106789933,Frogn,0.2768414849734826,0.5261572815931398,3.7847057630994327,139.31559913092292,4.936741856791324,0.7598875021972227,13.41652441595382
3214,2023,2612,8434,22,717000,47.5771144278607,16106,4353,5747,115.45010106789933,Frogn,0.3096988380365189,0.5565059191387984,3.7847057630994327,139.50615764751583,4.93810874112965,0.7574386636506003,13.482831119581757
4214,2016,58,3158,0,519000,37.41463414634146,5618,2150,2254,646.3427520628471,Froland,0.01836605446485117,0.13552141699691297,0,8.691982670293383,2.162401068638558,0.9538598047914818,13.159659162148026
4214,2017,88,3290,0,527000,37.58783783783784,5713,2174,2309,646.3427520628471,Froland,0.026747720364741642,0.1635473031411452,0,8.838963509324689,2.1791696196988317,0.9415331312256388,13.1749558275235
4214,2018,104,3349,22,537000,37.84,5790,2187,2327,646.3427520628471,Froland,0.031054045983875785,0.17622158206041558,3.7847057630994327,8.958095347276377,2.19255763154141,0.9398366996132359,13.193753373491
4214,2019,130,3488,44,554000,38.14,5845,2200,2340,646.3427520628471,Froland,0.03727064220183486,0.1930560597387061,4.477465921704087,9.04318951724187,2.202011934880538,0.9401709401709402,13.224919965729422
4214,2020,190,3500,44,553000,38.516304347826086,5951,2212,2378,646.3427520628471,Froland,0.054285714285714284,0.232992949004287,4.477465921704087,9.207189190266273,2.2199846126192213,0.9301934398654331,13.223113280504473
4214,2021,258,3592,44,577000,39,6004,2219,2385,646.3427520628471,Froland,0.07182628062360802,0.26800425486101526,4.477465921704087,9.289189026778475,2.2288512537277216,0.9303983228511531,13.265597545490236
4214,2022,341,3665,44,600000,39.298850574712645,6098,2232,2406,646.3427520628471,Froland,0.09304229195088677,0.3050283461432507,4.477465921704087,9.434622699083135,2.2443861885225695,0.9276807980049875,13.304684934198283
4214,2023,414,3734,44,656000,39.38235294117647,6174,2247,2423,646.3427520628471,Froland,0.11087305838243171,0.33297606277693853,4.477465921704087,9.552207370308178,2.256772266036474,0.9273627734213784,13.393916067926225
5036,2016,27,1529,0,493391.80237513856,42.72058823529411,2631,1156,1177,247.44010916280183,Frosta,0.01765860039241334,0.1328856666176354,0,10.632876007458226,2.3639507114948004,0.9821580288870009,13.10905886837743
5036,2017,35,1521,0,502272.854817891,43.14705882352941,2630,1164,1185,247.44010916280183,Frosta,0.023011176857330704,0.15169435341281068,0,10.628834625471354,2.3635705556263176,0.9822784810126582,13.12689878650576
5036,2018,49,1593,0,500000,43.42424242424242,2616,1156,1177,247.44010916280183,Frosta,0.030759573132454487,0.17538407320066007,0,10.572255277655158,2.358233143031597,0.9821580288870009,13.122363377404328
5036,2019,80,1611,0,521000,43.95454545454545,2632,1163,1184,247.44010916280183,Frosta,0.04965859714463067,0.22284209015495854,0,10.636917389445097,2.3643307228997155,0.9822635135135135,13.163505320735505
5036,2020,108,1646,0,537000,44.7,2627,1168,1189,247.44010916280183,Frosta,0.06561360874848117,0.25615153473770397,0,10.616710479510742,2.3624292201400476,0.9823380992430614,13.193753373491
5036,2021,166,1687,0,574000,45.32692307692308,2609,1178,1209,247.44010916280183,Frosta,0.0983995257854179,0.31368698695581537,0,10.54396560374706,2.355553715591236,0.9743589743589743,13.260384675301703
5036,2022,231,1689,0,595000,45.64705882352941,2608,1197,1238,247.44010916280183,Frosta,0.13676731793960922,0.3698206564533804,0,10.539924221760188,2.3551703535010513,0.9668820678513732,13.296316684527767
5036,2023,297,1697,62.5,638000,46.140625,2645,1205,1246,247.44010916280183,Frosta,0.17501473187978786,0.41834762086067595,4.828377731159175,10.689455355274424,2.3692577747469072,0.9670947030497592,13.366093562326927
5014,2016,25,2547,7.4,486960.2518786284,39.425,4799,1901,1990,5299.294291971391,Frøya,0.009815469179426776,0.09907304971296067,2.6991616063975625,0.9055922799514354,-0.09916609635816406,0.9552763819095478,13.095937780414733
5014,2017,33,2652,7.4,495725.5364124436,38.79333333333334,4937,1939,2028,5299.294291971391,Frøya,0.012443438914027148,0.11155016321829005,2.6991616063975625,0.9316334832507265,-0.07081579995754678,0.9561143984220908,13.113777698543064
5014,2018,62,2764,14.8,505000,39.078947368421055,4962,1965,2054,5299.294291971391,Frøya,0.02243125904486252,0.1497706882032079,3.388913756318583,0.9363510925440763,-0.06576477396466333,0.9566699123661149,13.132313708257497
5014,2019,102,2912,14.8,514000,39,5068,1987,2076,5299.294291971391,Frøya,0.03502747252747253,0.18715627835440768,3.388913756318583,0.9563537559478797,-0.044627396775379885,0.9571290944123314,13.149978544437301
5014,2020,137,2884,14.8,530000,38.90845070422535,5151,1990,2073,5299.294291971391,Frøya,0.04750346740638003,0.21795290180766125,3.388913756318583,0.9720162188018011,-0.028382788650824445,0.9599614085865895,13.180632285528304
5014,2021,201,3006,214.8,549000,39.35616438356164,5204,2018,2101,5299.294291971391,Frøya,0.06686626746506986,0.2585851261481794,6.062859961555508,0.9820175505037029,-0.018146098584013674,0.9604950023798191,13.215853720491667
5014,2022,337,2998,214.8,573000,39.304054054054056,5265,2045,2128,5299.294291971391,Frøya,0.1124082721814543,0.33527342898215823,6.062859961555508,0.9935285171794764,-0.006492513648333742,0.9609962406015038,13.258640995696876
5014,2023,409,3036,214.8,601000,38.61940298507463,5391,2050,2147,5299.294291971391,Frøya,0.1347167325428195,0.36703778081121224,6.062859961555508,1.0173052680179597,0.01715723723525921,0.9548206800186306,13.306350213517344
4032,2016,8,763,0,466000,44.02272727272727,1323,647,670,1283.945778410653,Fyresdal,0.010484927916120577,0.10239593700982758,0,1.0304173449113176,0.02996390940884328,0.9656716417910448,13.051940913107783
4032,2017,10,789,7.4,474000,44.3235294117647,1319,653,676,1283.945778410653,Fyresdal,0.012674271229404309,0.11258006586160939,2.6991616063975625,1.0273019485548207,0.026935898011202063,0.9659763313609467,13.068962600677214
4032,2018,9,789,7.4,483000,44.857142857142854,1320,659,682,1283.945778410653,Fyresdal,0.011406844106463879,0.10680282817633566,2.6991616063975625,1.028080797643945,0.02769376087430409,0.966275659824047,13.087771932634709
4032,2019,15,790,7.4,497000,45.857142857142854,1286,662,685,1283.945778410653,Fyresdal,0.0189873417721519,0.1377945636523876,2.6991616063975625,1.0015999286137223,0.0015986500914523432,0.9664233576642336,13.116345305078767
4032,2020,23,785,7.4,509000,46.625,1287,662,685,1283.945778410653,Fyresdal,0.02929936305732484,0.17117056714670556,2.6991616063975625,1.0023787777028463,0.0023759528900141763,0.9664233576642336,13.14020329553266
4032,2021,25,792,57.4,519000,48.05882352941177,1228,659,682,1283.945778410653,Fyresdal,0.03156565656565657,0.17766726362967536,4.743267353311623,0.9564266814445185,-0.04455114599902473,0.966275659824047,13.159659162148026
4032,2022,38,799,57.4,530000,48.5,1198,661,684,1283.945778410653,Fyresdal,0.04755944931163955,0.2180812906043055,4.743267353311623,0.9330612087707925,-0.06928447603071784,0.966374269005848,13.180632285528304
4032,2023,49,822,107.4,581000,47.583333333333336,1224,660,683,1283.945778410653,Fyresdal,0.05961070559610705,0.24415303724530452,5.369729035549689,0.9533112850880218,-0.047813791633841016,0.9663250366032211,13.272506035834049
3911,2016,581,13727,11,477000,43.72994652406417,26592,8275,9113,855.8028998843973,Færder,0.04232534421213666,0.20573124267387455,3.093102195050827,31.07257524319218,3.4363256051710747,0.9080434544057939,13.075271769870477
3911,2017,774,14383,22,490000,44.15873015873016,26676,8331,9205,855.8028998843973,Færder,0.053813529861642215,0.23197743394917147,3.7847057630994327,31.170728684844864,3.439479471268097,0.9050516023900055,13.102160670086809
3911,2018,935,13797,22,506000,44.41358024691358,26734,8391,9281,855.8028998843973,Færder,0.06776835543958831,0.2603235591328382,3.7847057630994327,31.238501299319335,3.441651350047318,0.90410516108178,13.134291948269603
3911,2019,1225,13887,29.4,522000,44.80503144654088,26700,8427,9321,855.8028998843973,Færder,0.08821199683156909,0.297005045128141,4.074430960841815,31.198772525317057,3.4403787519042406,0.9040875442549082,13.165422866864775
3911,2020,1628,14066,29.4,526000,44.9903536977492,26730,8448,9359,855.8028998843973,Færder,0.11574008246836343,0.34020594125964854,4.074430960841815,31.233827325907303,3.4415017166488644,0.902660540656053,13.173056491719846
3911,2021,2282,14540,429.4,545000,45.3203125,26957,8480,9483,855.8028998843973,Færder,0.15694635488308115,0.3961645553088781,6.75553742186524,31.49907531704015,3.449958190386122,0.8942317831909733,13.208541073645382
3911,2022,2945,14571,429.4,574000,45.70980926430518,27165,8526,9569,855.8028998843973,Færder,0.20211378766042137,0.44957067037388165,6.75553742186524,31.74212193446584,3.457644566501523,0.8910021945866862,13.260384675301703
3911,2023,3443,14516,429.4,621000,45.955621301775146,27286,8570,9723,855.8028998843973,Færder,0.23718655276935796,0.487018020990351,6.75553742186524,31.883509630179823,3.462088936638719,0.8814152010696287,13.339086360915616
5439,2016,1,450,0,422000,44.6875,1139,537,643,3119.948073605491,Gamvik,0.0022222222222222222,0.04714045207910317,0,0.3650701784545224,-1.0076656741426853,0.8351477449455676,12.952760593018148
5439,2017,1,460,0,416000,45.020833333333336,1137,537,643,3119.948073605491,Gamvik,0.002173913043478261,0.04662524041201569,0,0.36442914214468125,-1.0094231438393315,0.8351477449455676,12.9384405392434
5439,2018,0,496,0,416000,45.44736842105263,1153,532,638,3119.948073605491,Gamvik,0,0,0,0.3695574326234103,-0.9954491173208084,0.8338557993730408,12.9384405392434
5439,2019,0,487,0,425000,45.86842105263158,1169,526,632,3119.948073605491,Gamvik,0,0,0,0.3746857231021393,-0.9816676761177989,0.8322784810126582,12.959844447906553
5439,2020,0,474,0,412000,46.52941176470589,1132,526,632,3119.948073605491,Gamvik,0,0,0,0.36282655137007847,-1.013830378826739,0.8322784810126582,12.928778628331663
5439,2021,3,474,0,419000,47.19444444444444,1097,526,632,3119.948073605491,Gamvik,0.006329113924050633,0.07955572841757301,0,0.3516084159478587,-1.0452371773146372,0.8322784810126582,12.945626198904275
5439,2022,6,465,0,440000,47.833333333333336,1057,526,632,3119.948073605491,Gamvik,0.012903225806451613,0.11359236684941296,0,0.3387876897510361,-1.0823816517196299,0.8322784810126582,12.994530005894443
5439,2023,6,465,0,511000,48.411764705882355,1054,527,633,3119.948073605491,Gamvik,0.012903225806451613,0.11359236684941296,0,0.3378261352862745,-1.0852239084885598,0.8325434439178515,13.144124869185841
3441,2016,23,3921,0,482000,44.455882352941174,6227,2624,2672,1192.4204693443085,Gausdal,0.005865850548329507,0.07658884088644707,0,5.222151212670913,1.6529094267077364,0.9820359281437125,13.085699393032737
3441,2017,44,4010,0,488000,45.1,6204,2633,2681,1192.4204693443085,Gausdal,0.010972568578553617,0.10475002901457171,0,5.2028627145351445,1.6492089961317138,0.9820962327489743,13.098070684835283
3441,2018,64,4014,0,508000,45.6063829787234,6148,2639,2686,1192.4204693443085,Gausdal,0.015944195316392625,0.12627032634943422,0,5.155899414726317,1.640141576493771,0.9825018615040954,13.138236726560619
3441,2019,81,4115,0,513000,46.21052631578947,6112,2644,2697,1192.4204693443085,Gausdal,0.01968408262454435,0.14029997371540862,0,5.12570872199207,1.6342688026816408,0.98034853540971445,13.148031124152906
3441,2020,103,4120,0,521000,46.45679012345679,6106,2652,2705,1192.4204693443085,Gausdal,0.025,0.15811388300841897,0,5.120676939869696,1.6332866451301078,0.9804066543438078,13.163505320735505
3441,2021,152,4181,0,542000,47.08125,6023,2658,2711,1192.4204693443085,Gausdal,0.03635493900980627,0.19066971183123518,0,5.051070620510183,1.6196002248790056,0.9804500184433789,13.203021280421783
3441,2022,242,4123,0,563000,47.5,6079,2673,2741,1192.4204693443085,Gausdal,0.05869512490904681,0.242270767755928,0,5.098033920319011,1.628854959584007,0.9751915359357899,13.241034907121827
3441,2023,300,4128,200,611000,47.46875,6129,2694,2781,1192.4204693443085,Gausdal,0.07267441860465117,0.26958193300859606,5.991470797049389,5.139965438005465,1.6370463553210164,0.9687162891046386,13.322852238153732
1838,2016,11,988,0,446000,45.78846153846154,2043,961,975,1501.1374298233482,Gildeskål,0.011133603238866396,0.10551589093054371,0,1.360967996274943,0.30819620853241175,0.9856410256410256,13.008074231002201
1838,2017,21,1055,0,463000,46.166666666666664,2024,974,988,1501.1374298233482,Gildeskål,0.01990521327014218,0.14108583653273699,0,1.3483109272934335,0.2988526441221458,0.9858299595141701,13.045482333068371
1838,2018,30,1048,7.4,475000,46.285714285714285,1998,982,996,1501.1374298233482,Gildeskål,0.02862595419847328,0.16919206304810305,2.6991616063975625,1.3309907276345259,0.28592357292328857,0.9859437751004017,13.071070083016778
1838,2019,41,1088,7.4,497000,47.32,1978,996,1018,1501.1374298233482,Gildeskål,0.03768382352941176,0.1941232173888836,2.6991616063975625,1.3176674971276736,0.27586312589744705,0.9783889980353635,13.116345305078767
1838,2020,50,1096,22,521000,48.541666666666664,1950,1001,1027,1501.1374298233482,Gildeskål,0.04562043795620438,0.21358941442919024,3.7847057630994327,1.2990149744180808,0.2616062652725822,0.9746835443037974,13.163505320735505
1838,2021,74,1105,29.4,533000,50.68181818181818,1920,957,987,1501.1374298233482,Gildeskål,0.0669683257918552,0.258782390807132,4.074430960841815,1.2790301286578025,0.24610207873661688,0.9696048632218845,13.186276703147982
1838,2022,110,1120,36.8,557000,51.17391304347826,1894,954,984,1501.1374298233482,Gildeskål,0.09821428571428571,0.31339158526400435,4.2988295800245915,1.261709928998895,0.2324678874608133,0.9695121951219512,13.230320518909421
1838,2023,136,1097,36.8,574000,50.96666666666667,1928,963,993,1501.1374298233482,Gildeskål,0.12397447584320875,0.35210009350071003,4.2988295800245915,1.2843594208605433,0.25026008888528056,0.9697885196374623,13.260384675301703
1532,2016,95,3970,0,589000,36.6198347107438,8094,2382,2442,911.9957118844028,Giske,0.023929471032745592,0.1546915351037205,0,8.8750417293913,2.183243037253671,0.9754299754299754,13.286181462633724
1532,2017,131,4074,0,612000,36.85106382978723,8176,2399,2464,911.9957118844028,Giske,0.03215513009327442,0.1793185157569469,0,8.964954432851899,2.1933230242613453,0.9736201298701299,13.324487561494463
1532,2018,174,4137,0,628000,36.84848484848485,8292,2419,2506,911.9957118844028,Giske,0.04205946337926034,0.20508403979651937,0,9.092148013357136,2.20741118537353,0.9652833200319234,13.350295445450335
1532,2019,257,4224,50,654000,37.067961165048544,8398,2440,2527,911.9957118844028,Giske,0.06084280303030303,0.24666333945339958,4.605270170991424,9.208376630025715,2.2201135730619983,0.965571824297586,13.390862630439337
1532,2020,386,4347,72,648000,37.48461538461538,8462,2459,2566,911.9957118844028,Giske,0.08879687140556705,0.2979880390310441,4.969861521396496,9.278552398580329,2.2277055430978727,0.9583008573655495,13.381645975334411
1532,2021,598,4474,72,679000,38.02307692307692,8506,2472,2579,911.9957118844028,Giske,0.13366115333035314,0.3655969821133007,4.969861521396496,9.326798239461626,2.2328917876314387,0.9585110507948817,13.428376406540833
1532,2022,976,4635,72,713000,38.3639705882353,8597,2496,2603,911.9957118844028,Giske,0.210571736785329,0.45888096145441576,4.969861521396496,9.426579410375217,2.2435332959923038,0.958893584325778,13.477236699396434
1532,2023,1190,4596,94,749000,38.62184873949579,8692,2504,2611,911.9957118844028,Giske,0.2589208006962576,0.5088426089629854,5.23647025497466,9.530746566823472,2.25452305319418,0.9590195327460743,13.526494262499357
1557,2016,20,1469,0,511000,43.34848484848485,2593,1073,1089,471.7563469550952,Gjemnes,0.013614703880190605,0.11668206323248918,0,5.496481428890704,1.7041081473156552,0.9853076216712581,13.144124869185841
1557,2017,26,1516,0,537000,43.28378378378378,2611,1068,1084,471.7563469550952,Gjemnes,0.017150395778364115,0.13095951961718597,0,5.534636718408649,1.7110259304761197,0.985239852398524,13.193753373491
1557,2018,45,1553,0,554000,43.345238095238095,2623,1078,1094,471.7563469550952,Gjemnes,0.028976175144880875,0.1702238971028477,0,5.560073578087279,1.7156113416438645,0.9853747714808044,13.224919965729422
1557,2019,65,1583,0,556000,43.40384615384615,2641,1074,1090,471.7563469550952,Gjemnes,0.0410612760581175,0.20263582126099397,0,5.598228867605225,1.722450274074123,0.9853211009174312,13.228523573232719
1557,2020,83,1601,0,556000,43.979166666666664,2629,1081,1097,471.7563469550952,Gjemnes,0.051842598376014994,0.22768969756230736,0,5.572792007926594,1.717896186506872,0.9854147675478578,13.228523573232719
1557,2021,130,1607,0,582000,43.5945945945946,2658,1086,1102,471.7563469550952,Gjemnes,0.08089607965152458,0.2844223613774497,0,5.634264418816618,1.7288666010501814,0.985480943738657,13.274225726713574
1557,2022,192,1632,0,588000,43.75,2669,1092,1108,471.7563469550952,Gjemnes,0.11764705882352941,0.3429971702850177,0,5.657581540188695,1.7329965111815149,0.9855595667870036,13.284482226880764
1557,2023,234,1631,0,632000,43.74242424242424,2669,1091,1107,471.7563469550952,Gjemnes,0.14347026364193746,0.37877468717159213,0,5.657581540188695,1.7329965111815149,0.985546522131888,13.356644673128994
3230,2016,177,3444,0,577333.3333333334,40.605555555555554,6323,1731,1861,83.22491109754554,Gjerdrum,0.05139372822299652,0.22670184874190266,0,75.97484835506754,4.330402342816233,0.9301450832885545,13.266175079436408
3230,2017,269,3531,0,590666.6666666666,40.729166666666664,6546,1749,1897,83.22491109754554,Gjerdrum,0.07618238459359955,0.2760115660504095,0,78.65433454567011,4.365062739818745,0.9219820769636268,13.289007121479054
3230,2018,398,3641,0,606666.6666666666,40.81318681318681,6704,1780,1928,83.22491109754554,Gjerdrum,0.10931062894809118,0.3306215796769642,0,80.55280458206117,4.388912926919538,0.9232365145228216,13.315734770384868
3230,2019,519,3709,0,624666.6666666666,41.06111111111111,6823,1793,1941,83.22491109754554,Gjerdrum,0.139929900242653,0.37407205220739626,0,81.98266492592532,4.406507821573043,0.9237506439979392,13.344973453112395
3230,2020,686,3794,0,598000,41.27272727272727,6890,1797,1978,83.22491109754554,Gjerdrum,0.18081180811808117,0.4252197174615509,0,82.78771234642026,4.4162796487653235,0.9084934277047523,13.301346032932768
3230,2021,882,3876,0,615000,41.87765957446808,7043,1803,2078,83.22491109754554,Gjerdrum,0.22755417956656346,0.4770263929454674,0,84.62610421710275,4.438242779503029,0.8676612127045236,13.329377546788654
3230,2022,1126,4058,0,643000,42.359375,6989,1806,2172,83.22491109754554,Gjerdrum,0.27747658945293247,0.5267604668660438,0,83.9772600274501,4.430546048234748,0.8314917127071824,13.373900003219756
3230,2023,1260,4101,0,688000,42.444954128440365,7285,1807,2269,83.22491109754554,Gjerdrum,0.30724213606437456,0.5542942684751255,0,87.53388743739791,4.472026003386924,0.7963860731599823,13.44154411691548
4211,2016,17,1443,150,443000,43.927083333333336,2473,1063,1063,322.83253783400016,Gjerstad,0.01178101178101178,0.1085403693609515,5.703793585582131,7.660318308037499,2.0360535374632187,1,13.001325049027272
4211,2017,29,1482,150,463000,44.07446808510638,2511,1066,1066,322.83253783400016,Gjerstad,0.019568151147098516,0.13988620785159098,5.703793585582131,7.778026393644222,2.0513026290993874,1,13.045482333068371
4211,2018,41,1505,150,479000,44.80232558139535,2467,1067,1067,322.83253783400016,Gjerstad,0.02724252491694352,0.16505309726552703,5.703793585582131,7.641732820836437,2.033624386471159,1,13.079455876393052
4211,2019,49,1507,150,503000,45.36585365853659,2454,1068,1068,322.83253783400016,Gjerstad,0.0325149303251493,0.18031896828994254,5.703793585582131,7.601464265234138,2.028340895212659,1,13.128345449081877
4211,2020,66,1495,150,498000,45.8780487804878,2428,1068,1068,322.83253783400016,Gjerstad,0.04414715719063545,0.21011224902569448,5.703793585582131,7.520927154029538,2.017689422121191,1,13.11835535600679
4211,2021,92,1541,150,504000,46.51162790697674,2430,1071,1071,322.83253783400016,Gjerstad,0.05970149253731343,0.24433888871261045,5.703793585582131,7.5271223164298915,2.0185128062763966,1,13.130331547053506
4211,2022,125,1538,150,536000,47.44318181818182,2427,1072,1072,322.83253783400016,Gjerstad,0.0812743823146944,0.28508662247586153,5.703793585582131,7.517829572829361,2.0172774756684038,1,13.19188944005294
4211,2023,166,1575,150,585000,47.86363636363637,2421,1075,1079,322.83253783400016,Gjerstad,0.10539682539682539,0.3246487723630345,5.703793585582131,7.4992440856283,2.014802226879861,0.9962928637627433,13.279367126213993
1122,2016,231,5941,36.6,619000,32.98148148148148,11853,3264,3731,629.9118398439988,Gjesdal,0.03888234303989228,0.19718606198180508,4.29338199718882,18.81691889286517,2.934756406241541,0.8748324845885822,13.335860551666734
1122,2017,337,6038,55,631000,33.61052631578947,11902,3286,3753,629.9118398439988,Gjesdal,0.05581318317323617,0.2362481389836461,4.700563000177195,18.894707556136105,2.9388818593668375,0.8755662136957101,13.35506114152335
1122,2018,491,6090,55,636000,34.25,11866,3301,3806,629.9118398439988,Gjesdal,0.080623973727422,0.2839436101190199,4.700563000177195,18.837556701488072,2.935852573980629,0.8673147661586968,13.36295384232226
1122,2019,618,6246,55,651000,34.80833333333333,11899,3322,3827,629.9118398439988,Gjesdal,0.0989433237271854,0.31455257704743955,4.700563000177195,18.889944984915434,2.9386297691171936,0.8680428534099817,13.386264921190707
1122,2020,733,6260,55,658000,35.31491712707182,12002,3339,3851,629.9118398439988,Gjesdal,0.1170926517571885,0.3421880356721849,4.700563000177195,19.05345993015842,2.9472487087114985,0.8670475201246429,13.396960210307455
1122,2021,1008,6534,105,685000,35.82539682539682,12064,3355,3867,629.9118398439988,Gjesdal,0.15426997245179064,0.3927721635398703,5.347130205683185,19.15188640205226,2.952401217409778,0.8675976208947505,13.437174117244362
1122,2022,1273,6547,105,719000,36.248717948717946,12131,3372,3884,629.9118398439988,Gjesdal,0.19444020161906217,0.4409537409060753,5.347130205683185,19.25825049264721,2.9579395659329597,0.8681771369721936,13.485616636703183
1122,2023,1473,6567,105,761000,36.71739130434783,12302,3381,3893,629.9118398439988,Gjesdal,0.22430333485609869,0.47360673016343285,5.347130205683185,19.529717052225372,2.971937256930354,0.868481890572823,13.542388636843823
3407,2016,146,16467,11,464000,41.55620608899297,30137,8441,10619,671.5676996219063,Gjøvik,0.00886621728305095,0.09416059304746838,3.093102195050827,44.87559484615949,3.803894102345312,0.7948959412374047,13.047639831208393
3407,2017,240,16750,11,474000,41.67227979274612,30319,8486,10668,671.5676996219063,Gjøvik,0.014328358208955224,0.11970112033291595,3.093102195050827,45.14660251984967,3.80991502830187,0.7954630671166104,13.068962600677214
3407,2018,381,16765,11,490000,41.58949880668258,30642,8517,10868,671.5676996219063,Gjøvik,0.022725917089173875,0.15075117607890784,3.093102195050827,45.627566687992136,3.8205120664955063,0.7836768494663231,13.102160670086809
3407,2019,584,16933,18.4,504000,41.73669467787115,30676,8543,11054,671.5676996219063,Gjøvik,0.03448886789110022,0.1857117871625283,3.606235450164927,45.67819449516503,3.8216210395045573,0.7728424099873349,13.130331547053506
3407,2020,872,16938,18.4,504000,42.16573033707865,30560,8583,11096,671.5676996219063,Gjøvik,0.05148187507379856,0.22689617686025157,3.606235450164927,45.505464329516336,3.8178324139002644,0.7735219899062725,13.130331547053506
3407,2021,1380,17267,175.8,520000,42.62947658402203,30395,8607,11191,671.5676996219063,Gjøvik,0.07992123704175595,0.28270344363264477,5.862502254851295,45.2597705594126,3.81241857080263,0.769100169779287,13.16158409055761
3407,2022,1955,17382,175.8,546000,42.90680473372781,30267,8647,11346,671.5676996219063,Gjøvik,0.1124726728799908,0.3353694572855298,5.862502254851295,45.069171755938186,3.8081984596962966,0.7621188083906223,13.210374254727043
3407,2023,2289,17414,620,587000,42.864672364672366,30563,8676,11403,671.5676996219063,Gjøvik,0.13144596301826117,0.36255477243895323,7.122867308962652,45.50993148897277,3.8179305766214138,0.760852407261247,13.282780098810234
4650,2016,41,3061,0,525000,42.67605633802817,5784,2144,2168,1100.2520980323,Gloppen,0.013394315583142764,0.11573381348224365,0,5.256977024033087,1.6595561512805064,0.988929889298893,13.17115354157376
4650,2017,54,3176,50,545000,42.77160493827161,5783,2163,2188,1100.2520980323,Gloppen,0.01700251889168766,0.13039370725494256,4.605270170991424,5.256068141421739,1.6593832456001238,0.9885740402193784,13.208541073645382
4650,2018,94,3202,50,556000,42.88333333333333,5874,2172,2221,1100.2520980323,Gloppen,0.029356652092442224,0.17133783030154848,4.605270170991424,5.3387764590543485,1.6749964992004711,0.9779378658262045,13.228523573232719
4650,2019,139,3297,50,573000,43.08474576271186,5836,2186,2247,1100.2520980323,Gloppen,0.0421595389748256,0.20532788163039523,4.605270170991424,5.304238919823149,1.6685062970845819,0.9728526924788607,13.258640995696876
4650,2020,169,3314,57.4,585000,43.24657534246575,5854,2201,2262,1100.2520980323,Gloppen,0.05099577549788775,0.2258224424141404,4.743267353311623,5.320598806827401,1.6715858546937368,0.9730327144120248,13.279367126213993
4650,2021,255,3384,57.4,595000,43.4609375,5885,2221,2286,1100.2520980323,Gloppen,0.07535460992907801,0.27450794146814406,4.743267353311623,5.348774167779169,1.6768674071362828,0.9715660542432196,13.296316684527767
4650,2022,402,3401,214.8,616000,43.641666666666666,5875,2238,2303,1100.2520980323,Gloppen,0.11820052925610115,0.34380303846257837,6.062859961555508,5.339685341665696,1.6751667264542653,0.9717759444203213,13.331002242515657
4650,2023,481,3351,214.8,667000,43.47457627118644,5892,2242,2314,1100.2520980323,Gloppen,0.14353924201730828,0.3788657308563395,6.062859961555508,5.3551363460586,1.6780561650244266,0.9688850475367329,13.410545324897761
3324,2016,18,2637,50,466000,43.83098591549296,4578,1858,1934,533.4735000972008,Gol,0.006825938566552901,0.08261923847720276,4.605270170991424,8.581494674366903,2.149608102799701,0.9607032057911065,13.051940913107783
3324,2017,28,2655,50,482000,44.10144927536232,4612,1855,1931,533.4735000972008,Gol,0.010546139359698682,0.10269439789832102,4.605270170991424,8.645227924460496,2.1570074836761384,0.9606421543241843,13.085699393032737
3324,2018,46,2667,50,504000,44.60606060606061,4566,1862,2002,533.4735000972008,Gol,0.01724784401949756,0.1313310474316624,4.605270170991424,8.559000586098575,2.1469834293769297,0.9300699300699301,13.130331547053506
3324,2019,71,2724,50,516000,44.91549295774648,4576,1858,2013,533.4735000972008,Gol,0.026064610866372982,0.16144538044296275,4.605270170991424,8.577745659655514,2.1491711353468226,0.9230004967709886,13.1538620444637
3324,2020,116,2760,550,518000,45.53521126760563,4608,1872,2035,533.4735000972008,Gol,0.042028985507246375,0.20500972051892166,7.003066285231719,8.63772989503772,2.156139804662916,0.9199017199017199,13.15773052124162
3324,2021,168,2868,550,535000,45.78181818181818,4636,1870,2035,533.4735000972008,Gol,0.058577405857740586,0.24202769646827735,7.003066285231719,8.690216100997151,2.162197806746831,0.918918918918919,13.190022025878143
3324,2022,259,2904,550,550000,45.686440677966104,4667,1873,2061,533.4735000972008,Gol,0.08918732782369146,0.29864247491556095,7.003066285231719,8.748325829023663,2.1688623482370044,0.9087821445900048,13.217673557208654
3324,2023,317,2849,561,599000,45.483050847457626,4767,1884,2103,533.4735000972008,Gol,0.11126711126711127,0.333567251490777,7.02286888043606,8.93577656459306,2.1900630574920146,0.8958630527817404,13.303016877097587
3446,2016,122,8007,0,489000,43.71243523316062,13695,5163,5416,757.1790231977961,Gran,0.015236667915573873,0.1234368985173148,0,18.086871902713142,2.895186365865406,0.9532865583456426,13.10011776845701
3446,2017,235,8341,0,502000,43.98756218905473,13707,5174,5465,757.1790231977961,Gran,0.028174079846541182,0.1678513623612903,0,18.102720202299306,2.8960622143996084,0.9467520585544373,13.126355398673866
3446,2018,351,8426,0,516000,44.46733668341709,13770,5194,5485,757.1790231977961,Gran,0.04165677664372181,0.20409991828445648,0,18.185923775126685,2.9006478758909275,0.9469462169553328,13.1538620444637
3446,2019,493,8594,0,530000,45.173469387755105,13642,5214,5517,757.1790231977961,Gran,0.057365603909704445,0.23951117700371405,0,18.01687524620757,2.891308832382892,0.945078847199565,13.180632285528304
3446,2020,661,8475,22,537000,45.604878048780485,13630,5229,5542,757.1790231977961,Gran,0.07799410029498526,0.2792742385093642,3.7847057630994327,18.0010269466214,2.8904288088588053,0.9435221941537351,13.193753373491
3446,2021,913,8590,172,559000,46.16028708133971,13611,5248,5578,757.1790231977961,Gran,0.10628637951105938,0.326015919106812,5.840650107780075,17.97593380560997,2.8890338525003005,0.9408390103979921,13.233904752137237
3446,2022,1147,8534,172,580000,46.6151832460733,13633,5265,5602,757.1790231977961,Gran,0.13440356222170144,0.3666109139424268,5.840650107780075,18.004989021517943,2.8906488873543568,0.9398429132452696,13.270783382522602
3446,2023,1296,8399,247,626000,47.12041884816754,13568,5285,5649,757.1790231977961,Gran,0.1543040838195023,0.39281558500077657,6.202539614918805,17.919144065426206,2.8858696421999115,0.9355638166047088,13.347105650082236
1825,2016,3,834,0,469000,46.63157894736842,1462,687,700,2002.774490204631,Grane,0.0035971223021582736,0.059976014390406715,0,0.729987328653573,-0.3147281029991564,0.9814285714285714,13.058358047428417
1825,2017,6,865,72,487000,46.79545454545455,1469,686,699,2002.774490204631,Grane,0.006936416184971098,0.0832851498466029,4.969861521396496,0.7334824800219553,-0.309951567135003,0.9814020028612304,13.096019402064726
1825,2018,13,876,72,496000,47.28260869565217,1463,685,700,2002.774490204631,Grane,0.014840182648401826,0.12182028832834794,4.969861521396496,0.7304866359919132,-0.314044342288756,0.9785714285714285,13.114331205707064
1825,2019,18,879,72,515000,47.03333333333333,1493,686,701,2002.774490204631,Grane,0.020477815699658702,0.1431007187251647,4.969861521396496,0.7454658561421234,-0.2937459457696899,0.978601997146933,13.151922179645874
1825,2020,25,863,72,503000,46.77777777777778,1482,682,697,2002.774490204631,Grane,0.028968713789107765,0.17020197939244938,4.969861521396496,0.7399734754203796,-0.30114093745284815,0.9784791965566715,13.128345449081877
1825,2021,47,894,72,525000,47.47222222222222,1453,684,714,2002.774490204631,Grane,0.052572706935123045,0.22928738939401583,4.969861521396496,0.7254935626085098,-0.32090307973859744,0.957983193277311,13.17115354157376
1825,2022,75,900,72,534000,47.31818181818182,1461,682,712,2002.774490204631,Grane,0.08333333333333333,0.28867513459481287,4.969861521396496,0.7294880213152326,-0.3154123315581807,0.9578651685393258,13.188151117942333
1825,2023,99,865,72,574000,49.15,1454,682,712,2002.774490204631,Grane,0.11445086705202312,0.33830587794483136,4.969861521396496,0.7259928699468502,-0.32021508521541564,0.9578651685393258,13.260384675301703
5414,2016,4,656,0,438000,47.28125,1137,658,658,374.46162834927185,Gratangen,0.006097560975609756,0.07808688094430304,0,3.0363591725331207,1.1106591570593811,1,12.989974189358584
5414,2017,4,655,0,451000,47.291666666666664,1121,655,655,374.46162834927185,Gratangen,0.0061068702290076335,0.07814646651645635,0,2.993631163069154,1.0964870863810048,1,13.019222618484815
5414,2018,9,650,0,458000,48.11538461538461,1117,660,660,374.46162834927185,Gratangen,0.013846153846153847,0.11766968108291043,0,2.9829491607031624,1.0929124623780457,1,13.034624463096321
5414,2019,19,638,0,456000,49.03125,1105,662,662,374.46162834927185,Gratangen,0.029780564263322883,0.17257046173468646,0,2.9509031536051875,1.0821112772606982,1,13.030248088496522
5414,2020,29,622,0,462000,48.916666666666664,1091,661,661,374.46162834927185,Gratangen,0.04662379421221865,0.21592543669567663,0,2.9135161453242167,1.0693606491419156,1,13.043320170063875
5414,2021,37,631,0,474000,49.526315789473685,1092,664,664,374.46162834927185,Gratangen,0.058637083993660855,0.2421509529067785,0,2.916186645915715,1.0702768196136954,1,13.068962600677214
5414,2022,58,647,0,482000,50.1578947368421,1070,664,664,374.46162834927185,Gratangen,0.08964451313755796,0.2994069356871313,0,2.8574356329027606,1.0499245907647967,1,13.085699393032737
5414,2023,79,639,0,536000,50.25,1079,664,664,374.46162834927185,Gratangen,0.12363067292644757,0.3516115369643715,0,2.8814701382262418,1.0583006285669796,1,13.19188944005294
4202,2016,460,11558,66,505000,37.61648745519713,22550,7377,8449,944.25027580661,Grimstad,0.03979927323066274,0.1994975519415282,4.882859309749067,23.881380368925008,3.1730990912476362,0.8731210794176826,13.132313708257497
4202,2017,602,11802,77,516000,37.81684981684982,22692,7451,8573,944.25027580661,Grimstad,0.051008303677342826,0.22585017971509969,5.03699476537355,24.03176422756746,3.1793764647632696,0.8691239939344454,13.1538620444637
4202,2018,775,11992,77,531000,37.89446366782007,23017,7487,8784,944.25027580661,Grimstad,0.06462641761174116,0.25421726458236693,5.03699476537355,24.375952636432235,3.193597098640506,0.8523451730418944,13.182517300224076
4202,2019,998,12322,77,543000,38.10033444816054,23246,7532,8883,944.25027580661,Grimstad,0.08099334523616296,0.28459329794667154,5.03699476537355,24.618473084524645,3.2034970995204652,0.8479117415287628,13.204864598916073
4202,2020,1304,12490,80.6,544000,38.38965517241379,23544,7573,8988,944.25027580661,Grimstad,0.1044035228182546,0.3231153398064762,5.082684310940287,24.93406737942219,3.2162350362301204,0.8425678682688028,13.206704525838079
4202,2021,1790,12887,180.6,566000,38.36832740213523,23891,7632,9059,944.25027580661,Grimstad,0.13889966633041048,0.3726924554245906,5.889439486319824,25.30155469596396,3.2308658442788323,0.8424770946020532,13.24634935718532
4202,2022,2257,13151,180.6,592000,38.74689440993789,24017,7700,9146,944.25027580661,Grimstad,0.17162192989126301,0.41427277232671594,5.889439486319824,25.43499389447769,3.236125938230575,0.8418980975289744,13.291261913866142
4202,2023,2708,13490,191.6,642000,38.64385964912281,24587,7768,9302,944.25027580661,Grimstad,0.20074128984432912,0.44804161619689875,5.948563856056736,26.0386474115636,3.259581873271007,0.8350892281229843,13.372343582672098
5045,2016,7,1425,0,470421.9791733165,44.03846153846154,2466,979,1020,1135.625560870484,Grong,0.004912280701754386,0.07008766440504624,0,2.1714903969841544,0.7754137506869235,0.9598039215686275,13.061385398908072
5045,2017,12,1444,0,478889.57479843614,44.05357142857143,2467,989,1031,1135.625560870484,Grong,0.008310249307479225,0.0911605688194146,0,2.172370968921293,0.7758191834919905,0.9592628516003879,13.079225317036403
5045,2018,18,1421,0,472000,45.88,2400,989,1037,1135.625560870484,Grong,0.012667135819845179,0.11254837102261933,0,2.1133726491329967,0.7482850832986708,0.9537126325940212,13.064734264567692
5045,2019,19,1430,0,511000,46.758620689655174,2374,990,1039,1135.625560870484,Grong,0.013286713286713287,0.11526800634483658,0,2.0904777787673896,0.7373926421322473,0.9528392685274302,13.144124869185841
5045,2020,25,1434,0,512000,46.274193548387096,2359,994,1042,1135.625560870484,Grong,0.017433751743375175,0.13203693325496157,0,2.077269199710308,0.7310541463703089,0.9539347408829175,13.146079904021645
5045,2021,53,1421,7.4,533000,46.803030303030305,2347,995,1052,1135.625560870484,Grong,0.03729767769176636,0.19312606683657793,2.6991616063975625,2.066702336464643,0.7259542628136574,0.9458174904942965,13.186276703147982
5045,2022,111,1398,7.4,542000,47.166666666666664,2287,991,1048,1135.625560870484,Grong,0.07939914163090128,0.28177853294901883,2.6991616063975625,2.0138680202363184,0.7000572609854151,0.9456106870229007,13.203021280421783
5045,2023,145,1358,57.4,581000,46.76,2296,993,1050,1135.625560870484,Grong,0.10677466863033873,0.3267639341027996,4.743267353311623,2.021793167670567,0.7039848244020909,0.9457142857142857,13.272506035834049
3417,2016,23,3097,3.6,416000,50.201388888888886,4763,2594,2619,836.990090883811,Grue,0.007426541814659348,0.08617738574973917,1.992835764939741,5.690628899764583,1.7388207692299582,0.9904543718976708,12.9384405392434
3417,2017,33,3204,3.6,429000,50.445205479452056,4777,2588,2614,836.990090883811,Grue,0.010299625468164793,0.10148707044823391,1.992835764939741,5.707355501611466,1.7417557818190597,0.990053557765876,12.969212197910155
3417,2018,40,3224,3.6,439000,50.9875,4740,2596,2629,836.990090883811,Grue,0.01240694789081886,0.11138647983852824,1.992835764939741,5.6631494824447035,1.73398018311822,0.9874476987447699,12.992254692057308
3417,2019,57,3263,3.6,452000,51.87341772151899,4646,2590,2624,836.990090883811,Grue,0.017468587189702726,0.13216878296217577,1.992835764939741,5.550842298615631,1.7139496817594522,0.9870426829268293,13.021437458814368
3417,2020,68,3230,11,461000,52.292682926829265,4612,2587,2622,836.990090883811,Grue,0.021052631578947368,0.14509525002200233,3.093102195050827,5.510220551273201,1.7066046498180474,0.986651411136537,13.041153321978786
3417,2021,111,3327,33,477000,52.66129032258065,4545,2590,2629,836.990090883811,Grue,0.033363390441839495,0.1826564820690454,4.1898842314256335,5.430171813863118,1.691970775040677,0.9851654621529099,13.075271769870477
3417,2022,146,3341,33,503000,53.11224489795919,4548,2586,2624,836.990090883811,Grue,0.04369949117030829,0.20904423256887114,4.1898842314256335,5.43375608568745,1.6926306232995245,0.9855182926829268,13.128345449081877
3417,2023,170,3343,95.5,537000,53.06578947368421,4572,2568,2606,836.990090883811,Grue,0.0508525276697577,0.2255050502089869,5.2523008384489,5.462430260282106,1.697893793343799,0.985418265541059,13.193753373491
4635,2016,6,1254,46.6,519000,43.82857142857143,2370,992,998,991.3091188206978,Gulen,0.004784688995215311,0.06917144638660747,4.534862826426995,2.390777967239371,0.8716188222819354,0.9939879759519038,13.159659162148026
4635,2017,11,1278,46.6,530000,44.10294117647059,2371,1012,1018,991.3091188206978,Gulen,0.008607198748043818,0.09277498988436386,4.534862826426995,2.3917867343141554,0.8720406742181639,0.9941060903732809,13.180632285528304
4635,2018,16,1272,46.6,547000,44.56896551724138,2345,1027,1037,991.3091188206978,Gulen,0.012578616352201259,0.11215443081840885,4.534862826426995,2.3655587903697572,0.8610142690331382,0.9903567984570878,13.212204081404119
4635,2019,26,1301,46.6,568000,45.03448275862069,2322,1044,1059,991.3091188206978,Gulen,0.019984627209838585,0.14136699476836376,4.534862826426995,2.3423571476497127,0.8511577504105953,0.9858356940509915,13.249876697703288
4635,2020,40,1305,46.6,562000,45.517857142857146,2297,1044,1059,991.3091188206978,Gulen,0.03065134099616858,0.1750752438129634,4.534862826426995,2.317137970780099,0.8403327908418567,0.9858356940509915,13.239257128875828
4635,2021,69,1344,46.6,568000,46.607142857142854,2272,1055,1074,991.3091188206978,Gulen,0.05133928571428571,0.22658174179374144,4.534862826426995,2.2919187939104857,0.8293893679938005,0.9823091247672253,13.249876697703288
4635,2022,115,1343,46.6,599000,47.148148148148145,2230,1067,1086,991.3091188206978,Gulen,0.08562918838421445,0.29262465443672797,4.534862826426995,2.249550576769535,0.810730452606923,0.9825046040515654,13.303016877097587
4635,2023,148,1360,46.6,648000,47.04545454545455,2228,1072,1091,991.3091188206978,Gulen,0.10882352941176471,0.32988411512494004,4.534862826426995,2.2475330426199656,0.8098331891999331,0.9825847846012832,13.381645975334411
5430,2016,0,1515,0,503000,39.31578947368421,2956,1050,1058,9727.13456972414,Guovdageaidnu-Kautokeino,0,0,0,0.3038921666819124,-1.1910823553642433,0.9924385633270322,13.128345449081877
5430,2017,2,1558,0,529000,39.77142857142857,2938,1051,1059,9727.13456972414,Guovdageaidnu-Kautokeino,0.0012836970474967907,0.03582871819500093,0,0.30204167310942437,-1.1971902806985133,0.9924457034938622,13.178743710840436
5430,2018,2,1547,0,540000,39.93181818181818,2946,1052,1060,9727.13456972414,Guovdageaidnu-Kautokeino,0.001292824822236587,0.035955873264830976,0,0.3028641146971968,-1.1944710404097603,0.9924528301886792,13.199324418540456
5430,2019,4,1556,0,554000,40.608695652173914,2924,1061,1069,9727.13456972414,Guovdageaidnu-Kautokeino,0.002570694087403599,0.05070201265633938,0,0.30060240033082264,-1.2019668165626667,0.9925163704396632,13.224919965729422
5430,2020,8,1530,0,561000,41.16279069767442,2910,1065,1073,9727.13456972414,Guovdageaidnu-Kautokeino,0.00522875816993464,0.07231015260621872,0,0.2991631275522209,-1.2067662772667975,0.9925442684063374,13.237476184504834
5430,2021,12,1545,0,579000,41.56521739130435,2920,1065,1073,9727.13456972414,Guovdageaidnu-Kautokeino,0.007766990291262136,0.08813052984784635,0,0.3001911795369364,-1.2033357421700084,0.9925442684063374,13.269057756555132
5430,2022,38,1543,0,604000,41.68518518518518,2877,1077,1085,9727.13456972414,Guovdageaidnu-Kautokeino,0.02462734931950745,0.15693103364060101,0,0.2957705560026596,-1.218171273880788,0.992626728110599,13.311329476916953
5430,2023,54,1578,0,657000,42.089285714285715,2847,1084,1092,9727.13456972414,Guovdageaidnu-Kautokeino,0.034220532319391636,0.18498792479346224,0,0.29268640004851304,-1.2286535501542983,0.9926739926739927,13.395439297466748
5426,2016,1,1209,0,458000,46.91304347826087,2150,1182,1182,1115.8804340434297,Gáivuotna - Kåfjord - Kaivuono,8.271298593879239e-4,0.028759865427152538,0,1.9267297233713507,0.6558241218740488,1,13.034624463096321
5426,2017,2,1272,0,457000,47.541666666666664,2132,1181,1181,1115.8804340434297,Gáivuotna - Kåfjord - Kaivuono,0.0015723270440251573,0.03965257928590721,0,1.9105989628966138,0.6474167860380755,1,13.032438669876342
5426,2018,4,1256,0,465000,47.758620689655174,2132,1188,1188,1115.8804340434297,Gáivuotna - Kåfjord - Kaivuono,0.0031847133757961785,0.05643326479831003,0,1.9105989628966138,0.6474167860380755,1,13.049792684569493
5426,2019,9,1274,0,476000,48.435483870967744,2097,1188,1188,1115.8804340434297,Gáivuotna - Kåfjord - Kaivuono,0.00706436420722135,0.08404977220207888,0,1.8792335953068477,0.6308640316542604,1,13.073173133213556
5426,2020,9,1270,0,488000,49.17741935483871,2071,1186,1186,1115.8804340434297,Gáivuotna - Kåfjord - Kaivuono,0.007086614173228346,0.08418202998994706,0,1.85593360795445,0.6183878621479245,1,13.098070684835283
5426,2021,20,1276,0,513000,49.92857142857143,2072,1186,1186,1115.8804340434297,Gáivuotna - Kåfjord - Kaivuono,0.01567398119122257,0.1251957714590336,0,1.8568297613141576,0.618870604131714,1,13.148031124152906
5426,2022,43,1268,0,534000,50.875,2012,1191,1191,1115.8804340434297,Gáivuotna - Kåfjord - Kaivuono,0.03391167192429022,0.1841512202628324,0,1.8030605597317013,0.5894855319719703,1,13.188151117942333
5426,2023,51,1241,0,586000,51.390243902439025,2000,1193,1193,1115.8804340434297,Gáivuotna - Kåfjord - Kaivuono,0.0410958904109589,0.2027212135198458,0,1.79230671941521,0.5835034602944228,1,13.281075068559149
1866,2016,28,4075,0,473000,44.073170731707314,8082,3467,3667,1183.4706509326445,Hadsel,0.0068711656441717795,0.08289249449842717,0,6.829066689259179,1.9211880155278687,0.9454595036814835,13.06685066747407
1866,2017,53,4226,0,494000,44.45909090909091,8009,3480,3678,1183.4706509326445,Hadsel,0.012541410317084714,0.11198843831880465,0,6.767383706295071,1.912114558213132,0.9461663947797716,13.110290796170059
1866,2018,77,4290,0,507000,44.39080459770115,8042,3476,3682,1183.4706509326445,Hadsel,0.017948717948717947,0.13397282541141672,0,6.795267794484325,1.916226457346669,0.9440521455730582,13.13626628257332
1866,2019,102,4338,0,513000,44.48529411764706,8091,3482,3688,1183.4706509326445,Hadsel,0.02351313969571231,0.1533399481404383,0,6.836671440583521,1.9223009816972894,0.9441431670281996,13.148031124152906
1866,2020,158,4432,0,520000,44.8013698630137,8061,3489,3720,1183.4706509326445,Hadsel,0.03564981949458484,0.18881159788155186,0,6.811322269502381,1.9185862671730507,0.9379032258064516,13.16158409055761
1866,2021,274,4554,0,539000,44.565934065934066,8065,3467,3698,1183.4706509326445,Hadsel,0.060166886253842776,0.2452893928685926,0,6.814702158979866,1.919082360448759,0.9375338020551649,13.197470849891134
1866,2022,428,4585,200,556000,44.68681318681319,8107,3461,3704,1183.4706509326445,Hadsel,0.09334787350054526,0.30552884233824024,5.991470797049389,6.850190998493463,1.9242765348771569,0.9343952483801296,13.228523573232719
1866,2023,542,4589,251.4,601000,44.80434782608695,8184,3459,3702,1183.4706509326445,Hadsel,0.11810852037480933,0.34366920195852485,6.220196432266152,6.9152538709350555,1.933729677520912,0.9343598055105349,13.306350213517344
3101,2016,244,15801,82.8,453000,41.837150127226465,30544,7750,9959,661.5581809165471,Halden,0.01544206062907411,0.12426608800905463,5.109611705218481,46.16978654497661,3.8323256132675043,0.778190581383673,13.023647404465171
3101,2017,361,16234,82.8,470000,42.055,30790,7808,10029,661.5581809165471,Halden,0.022237279783171124,0.14912169454231375,5.109611705218481,46.54163592587185,3.8403473082205215,0.7785422275401336,13.060487973686241
3101,2018,512,16441,82.8,480000,42.315989847715734,31037,7864,10111,661.5581809165471,Halden,0.031141658049996957,0.17646999192496426,5.109611705218481,46.91499688961626,3.848337387443732,0.7777667886460291,13.081541382884074
3101,2019,757,16842,112.2,496000,42.72332506203474,31177,7917,10166,661.5581809165471,Halden,0.0449471559197245,0.21200744307623848,5.413450031916122,47.12661848849973,3.852837989761962,0.7787723785166241,13.114331205707064
3101,2020,1070,17009,342.2,498000,42.99142156862745,31373,7981,10235,661.5581809165471,Halden,0.06290787230289846,0.2508144180522692,6.5285446769233,47.42288872693659,3.8591049966843403,0.7797752808988764,13.11835535600679
3101,2021,1693,17188,342.2,517000,43.3992628992629,31387,8010,10293,661.5581809165471,Halden,0.09849895275773796,0.31384542812941846,6.5285446769233,47.44405088682494,3.8595511407325307,0.7781987758670942,13.155798153490567
3101,2022,2342,17344,342.2,544000,43.70528967254408,31444,8041,10369,661.5581809165471,Halden,0.13503228782287824,0.36746739695227143,6.5285446769233,47.530211109227494,3.861365532215623,0.7754846176101842,13.206704525838079
3101,2023,2759,17407,342.2,588000,43.96700507614213,31730,8085,10426,661.5581809165471,Halden,0.1584994542425461,0.39811989933002107,6.5285446769233,47.962523804089436,3.870419951879217,0.7754651831958566,13.284482226880764
3403,2016,358,17684,29.2,468000,43.32380952380952,30120,7021,11001,351.031083980596,Hamar,0.020244288622483602,0.14228242555735265,4.067608967943312,85.80436711885307,4.452069904019747,0.6382147077538406,13.056223574899784
3403,2017,549,18025,29.2,480000,43.091644204851754,30598,7047,11189,351.031083980596,Hamar,0.03045769764216366,0.17452133864420036,4.067608967943312,87.16606989052676,4.467815148433242,0.6298149968719278,13.081541382884074
3403,2018,827,18129,329.2,499000,43.057441253263704,30930,7068,11283,351.031083980596,Hamar,0.04561751889238237,0.21358258096666585,6.4898149562101874,88.11185507922062,4.478607087785032,0.6264291411858548,13.120361374733656
3403,2019,1265,18312,329.2,514000,43.25,31144,7085,11401,351.031083980596,Hamar,0.06908038444735692,0.2628314753741586,6.4898149562101874,88.7214877008486,4.485502111396209,0.621436716077537,13.149978544437301
3403,2020,1841,18977,336.6,521000,43.28661616161616,31369,7105,11518,351.031083980596,Hamar,0.09701217263002582,0.3114677714146775,6.51204466884925,89.36245657872847,4.492700645192485,0.6168605660704983,13.163505320735505
3403,2021,2596,19432,344,539000,43.704314720812185,31509,7135,11666,351.031083980596,Hamar,0.13359407163441744,0.3655052279166708,6.533790950555097,89.76128165829817,4.497153720396802,0.6116063775072861,13.197470849891134
3403,2022,3484,19673,494,560000,43.59153005464481,31999,7163,11694,351.031083980596,Hamar,0.17709551161490367,0.42082717547100457,6.895683722185311,91.15716943679213,4.512585153399489,0.6125363434239781,13.235692062711331
3403,2023,3992,19665,494,603000,43.574766355140184,32382,7199,11826,351.031083980596,Hamar,0.2030002542588355,0.4505554952043483,6.895683722185311,92.24824090447211,4.524483213952615,0.6087434466429901,13.309672475709322
1875,2016,0,0,22,430000,47.90909090909091,NA,NA,NA,2814.4063758798216,Hamarøy,NA,NA,3.7847057630994327,NA,NA,NA,12.971540487669746
1875,2017,0,0,44,455000,47.90909090909091,NA,NA,NA,2814.4063758798216,Hamarøy,NA,NA,4.477465921704087,NA,NA,NA,13.028052697933088
1875,2018,0,0,44,450000,47.90909090909091,NA,NA,NA,2814.4063758798216,Hamarøy,NA,NA,4.477465921704087,NA,NA,NA,13.017002861746503
1875,2019,0,0,44,466000,47.90909090909091,NA,NA,NA,2814.4063758798216,Hamarøy,NA,NA,4.477465921704087,NA,NA,NA,13.051940913107783
1875,2020,24,1495,44,475000,47.90909090909091,2766,1441,1470,2814.4063758798216,Hamarøy,0.016053511705685617,0.12670245343199008,4.477465921704087,0.9828005023387253,-0.017349127205079515,0.9802721088435374,13.071070083016778
1875,2021,43,1517,55,487000,48.86363636363637,2701,1443,1472,2814.4063758798216,Hamarøy,0.028345418589321027,0.16836097703838923,4.700563000177195,0.9597050458484805,-0.04112928563716745,0.9802989130434783,13.096019402064726
1875,2022,87,1504,55,537000,48.71875,2708,1437,1466,2814.4063758798216,Hamarøy,0.05784574468085106,0.24051142318162574,4.700563000177195,0.9621922488551222,-0.03854100539761743,0.980218281036835,13.193753373491
1875,2023,134,1510,55,576000,49.32258064516129,2682,1439,1468,2814.4063758798216,Hamarøy,0.08874172185430464,0.29789548814022787,4.700563000177195,0.9529540662590243,-0.04818857558815916,0.9802452316076294,13.263862939678027
5406,2016,24,5309,22,490500,38.684615384615384,11490,2836,3840,5380.968725518204,Hammerfest,0.004520625353173856,0.06723559587877433,3.7847057630994327,2.1353032485602257,0.7586086733906758,0.7385416666666667,13.103180557987555
5406,2017,26,5317,22,503000,38.507246376811594,11554,2846,3835,5380.968725518204,Hammerfest,0.004889975550122249,0.06992836012750656,3.7847057630994327,2.1471970177428066,0.7641632788890853,0.7421121251629726,13.128345449081877
5406,2018,37,5328,22,518000,38.7,11560,2857,3851,5380.968725518204,Hammerfest,0.006944444444444444,0.08333333333333333,3.7847057630994327,2.1483120586036737,0.764682444774243,0.7418852246169826,13.15773052124162
5406,2019,42,5355,22,529000,39.04761904761905,11524,2869,3887,5380.968725518204,Hammerfest,0.00784313725490196,0.08856148855400953,3.7847057630994327,2.141621813438472,0.7615633987522936,0.7381013635194237,13.178743710840436
5406,2020,64,5352,22,555000,39.33606557377049,11448,2881,3813,5380.968725518204,Hammerfest,0.01195814648729447,0.10935331036276162,3.7847057630994327,2.1274979625341572,0.7549466237841614,0.7555730396013638,13.226723392728571
5406,2021,132,5526,22,578000,39.88095238095238,11331,2871,3812,5380.968725518204,Hammerfest,0.023887079261672096,0.15455445403375503,3.7847057630994327,2.1057546657472512,0.744673913928441,0.7531479538300105,13.267329147654515
5406,2022,296,5536,22,593000,39.921875,11274,2864,3766,5380.968725518204,Hammerfest,0.05346820809248555,0.23123193571063136,3.7847057630994327,2.0951617775690154,0.7396307711893949,0.7604885820499203,13.292949677979863
5406,2023,428,5470,44,635000,40.09375,11310,2873,3765,5380.968725518204,Hammerfest,0.07824497257769653,0.2797230283292681,4.477465921704087,2.1018520227342172,0.7428188716580407,0.7630810092961487,13.36138027787483
1517,2016,28,2787,0,507000,38.64666666666667,5189,1738,1853,135.6786830645498,Hareid,0.010046645138141371,0.10023295435205615,0,38.244769795792514,3.6440068135582373,0.937938478143551,13.13626628257332
1517,2017,37,2841,7.4,513000,38.99333333333333,5185,1741,1861,135.6786830645498,Hareid,0.013023583245336149,0.11412091502146374,2.6991616063975625,38.21528837756489,3.643235654854126,0.9355185384202042,13.148031124152906
1517,2018,52,2830,14.8,523000,39.63636363636363,5150,1744,1864,135.6786830645498,Hareid,0.018374558303886925,0.13555278788681155,3.388913756318583,37.95732596807313,3.6364625278482796,0.9356223175965666,13.16733674304706
1517,2019,94,2897,14.8,562000,39.75,5155,1747,1872,135.6786830645498,Hareid,0.03244735933724543,0.18013150567639585,3.388913756318583,37.994177740857666,3.637432930641558,0.9332264957264957,13.239257128875828
1517,2020,142,2851,14.8,551000,39.88805970149254,5175,1752,1877,135.6786830645498,Hareid,0.04980708523325149,0.22317501032430018,3.388913756318583,38.141584831995814,3.6413051523240676,0.933404368673415,13.219490088135052
1517,2021,226,2980,36.8,579000,40.52857142857143,5140,1757,1882,135.6786830645498,Hareid,0.07583892617449664,0.2753886820014516,4.2988295800245915,37.883622422504054,3.6345188926397087,0.9335812964930924,13.269057756555132
1517,2022,358,3017,102.8,600000,40.63793103448276,5126,1760,1885,135.6786830645498,Hareid,0.11866092144514419,0.34447194580276663,5.325956189420729,37.780437458707354,3.6317914411145145,0.9336870026525199,13.304684934198283
1517,2023,471,2982,102.8,640000,40.895161290322584,5159,1766,1891,135.6786830645498,Hareid,0.1579476861167002,0.39742632791084714,5.325956189420729,38.0236591590853,3.638208575435148,0.9338974087784241,13.369223455335854
5402,2016,277,13072,0,495000,41.12357954545455,24695,7671,9089,1519.301025296655,Harstad,0.021190330477356183,0.14556898872134882,0,16.254185042215788,2.788350416677174,0.8439872373198372,13.112313041550827
5402,2017,351,13315,0,501000,41.34902597402598,24845,7704,9150,1519.301025296655,Harstad,0.02636124671423207,0.16236146930300943,0,16.35291465372955,2.7944061477388695,0.8419672131147541,13.124361380067002
5402,2018,493,13335,0,513000,41.60197368421053,24820,7748,9247,1519.301025296655,Harstad,0.03697037870266217,0.19227682830404233,0,16.336459718477254,2.7933994024610467,0.8378933708229697,13.148031124152906
5402,2019,647,13417,0,530000,41.76297577854671,24827,7779,9313,1519.301025296655,Harstad,0.048222404412312736,0.21959600272389462,0,16.3410671003479,2.793681393318355,0.8352840115966927,13.180632285528304
5402,2020,832,13561,7.4,534000,42.0191637630662,24703,7794,9411,1519.301025296655,Harstad,0.06135240763955461,0.24769418168288615,2.6991616063975625,16.25945062149652,2.7886743164330317,0.8281797896079056,13.188151117942333
5402,2021,1202,13796,7.4,554000,42.34782608695652,24738,7805,9467,1519.301025296655,Harstad,0.08712670339228762,0.29517232829702655,2.6991616063975625,16.282487530849732,2.7900901456374037,0.8244428013098131,13.224919965729422
5402,2022,1812,13879,200.4,580000,42.554054054054056,24804,7777,9388,1519.301025296655,Harstad,0.1305569565530658,0.36132666183533396,5.9934687747873285,16.325928559915788,2.7927545531722173,0.8283979548359608,13.270783382522602
5402,2023,2222,13595,400.4,623000,42.7370820668693,24903,7786,9509,1519.301025296655,Harstad,0.163442442074292,0.4042801529562044,6.685612787377044,16.39109010351487,2.796737900825594,0.818803239036702,13.34230179776959
5433,2016,0,419,0,405000,43.388888888888886,1054,488,507,2770.108979102236,Hasvik,0,0,0,0.38049044566527873,-0.9662942119423615,0.9625246548323472,12.911642346088676
5433,2017,0,420,0,417000,43.40625,1037,489,508,2770.108979102236,Hasvik,0,0,0,0.3743535029932581,-0.9825547328141419,0.9625984251968503,12.94084150078094
5433,2018,0,433,0,421000,44.13333333333333,1022,490,509,2770.108979102236,Hasvik,0,0,0,0.3689385535767693,-0.9971251702800195,0.962671905697446,12.950388112664518
5433,2019,1,423,0,435000,44.3,1045,494,517,2770.108979102236,Hasvik,0.002364066193853428,0.048621663832631515,0,0.37724147601538544,-0.9748697766447578,0.9555125725338491,12.983101310070822
5433,2020,2,428,0,451000,45.625,1005,496,519,2770.108979102236,Hasvik,0.004672897196261682,0.06835859270246632,0,0.36280161090474866,-1.0138991205504932,0.9556840077071291,13.019222618484815
5433,2021,7,441,0,477000,47.5,983,499,522,2770.108979102236,Hasvik,0.015873015873015872,0.12598815766974242,0,0.3548596850938985,-1.0360328208965026,0.9559386973180076,13.075271769870477
5433,2022,10,419,0,505000,48.266666666666666,964,500,523,2770.108979102236,Hasvik,0.02386634844868735,0.15448737310436522,0,0.348000749166346,-1.0555506464331237,0.9560229445506692,13.132313708257497
5433,2023,12,435,0,530000,46.27272727272727,970,499,522,2770.108979102236,Hasvik,0.027586206896551724,0.16609095970747995,0,0.35016672893294154,-1.0493458695462405,0.9559386973180076,13.180632285528304
1826,2016,2,807,0,440000,46.083333333333336,1465,610,610,2682.3294851059677,Hattfjelldal,0.0024783147459727386,0.04978267515886163,0,0.5461670567074738,-0.6048303853691721,1,12.994530005894443
1826,2017,2,813,11,450000,47.05882352941177,1414,609,609,2682.3294851059677,Hattfjelldal,0.0024600246002460025,0.04959863506434429,3.093102195050827,0.5271537325490566,-0.6402630603638216,1,13.017002861746503
1826,2018,3,809,11,475000,46.93478260869565,1411,619,619,2682.3294851059677,Hattfjelldal,0.003708281829419036,0.060895663469733505,3.093102195050827,0.5260353017162085,-0.6423869549675258,1,13.071070083016778
1826,2019,8,797,11,486000,48.275,1359,653,653,2682.3294851059677,Hattfjelldal,0.010037641154328732,0.10018802899712487,3.093102195050827,0.5066491672801753,-0.6799364926691961,1,13.093963902882631
1826,2020,9,768,11,491000,49.078947368421055,1297,655,655,2682.3294851059677,Hattfjelldal,0.01171875,0.10825317547305482,3.093102195050827,0.4835349300679819,-0.7266317225038958,1,13.104199406776658
1826,2021,9,798,11,509000,50.23684210526316,1267,647,647,2682.3294851059677,Hattfjelldal,0.011278195488721804,0.1061988488107183,3.093102195050827,0.4723506217395012,-0.7500337264992007,1,13.14020329553266
1826,2022,30,782,11,526000,50.47222222222222,1273,647,647,2682.3294851059677,Hattfjelldal,0.03836317135549872,0.19586518668589045,3.093102195050827,0.47458748340519735,-0.7453093082629332,1,13.173056491719846
1826,2023,35,771,11,567000,50.52941176470589,1278,648,648,2682.3294851059677,Hattfjelldal,0.04539559014267185,0.21306240903235807,3.093102195050827,0.47645153479327745,-0.7413892718828596,1,13.248114582709889
1106,2016,570,17266,7.2,457000,38.4541015625,36951,7916,11360,368.1692357065576,Haugesund,0.03301285763929109,0.1816944072867712,2.6720162214278513,100.36417064855225,4.60880527751551,0.696830985915493,13.032438669876342
1106,2017,837,17498,7.2,471000,38.7912885662432,37166,7961,11472,368.1692357065576,Haugesund,0.047834038175791516,0.21870994073382105,2.6720162214278513,100.9481412228111,4.614606931739512,0.6939504881450488,13.062613372998555
1106,2018,1144,17582,57.2,486000,39.326247689463955,37167,7992,11591,368.1692357065576,Haugesund,0.0650665453304516,0.2550814484247171,4.739777479793925,100.95085736501696,4.614633837689765,0.6895004745060823,13.093963902882631
1106,2019,1508,17804,57.2,503000,39.80034722222222,37250,8033,11706,368.1692357065576,Haugesund,0.08470006740058414,0.2910327600126559,4.739777479793925,101.17629716810293,4.616864511713621,0.6862292841277977,13.128345449081877
1106,2020,2005,17823,79.2,508000,40.304920913884,37357,8049,11826,368.1692357065576,Haugesund,0.11249509061325254,0.3354028780634605,5.065163332624807,101.46692438412943,4.6197328772386275,0.6806189751395231,13.138236726560619
1106,2021,2778,18392,101.2,526000,40.76871401151632,37323,8076,11981,368.1692357065576,Haugesund,0.15104393214441061,0.38864370848427565,5.310270347149296,101.37457554913036,4.618822325488517,0.674067273182539,13.173056491719846
1106,2022,3619,18843,101.2,552000,41.21022727272727,37444,8082,12065,368.1692357065576,Haugesund,0.19206071220081727,0.43824731853237536,5.310270347149296,101.70322875603883,4.622059050397551,0.6698715292167426,13.221303325259232
1106,2023,4171,18834,301.2,594000,41.354126679462574,37855,8092,12188,368.1692357065576,Haugesund,0.22146118721461186,0.4705966289877265,6.4009244321624745,102.81956320264527,4.632975638443323,0.6639317361339022,13.294634598344782
5055,2016,0,0,50,465000,46.08461538461538,NA,NA,NA,1240.2383290304388,Heim,NA,NA,4.605270170991424,NA,NA,NA,13.049792684569493
5055,2017,0,0,50,500000,46.08461538461538,NA,NA,NA,1240.2383290304388,Heim,NA,NA,4.605270170991424,NA,NA,NA,13.122363377404328
5055,2018,0,0,50,517000,46.08461538461538,NA,NA,NA,1240.2383290304388,Heim,NA,NA,4.605270170991424,NA,NA,NA,13.155798153490567
5055,2019,0,0,50,525666.6666666666,46.08461538461538,NA,NA,NA,1240.2383290304388,Heim,NA,NA,4.605270170991424,NA,NA,NA,13.172422577277066
5055,2020,127,3664,50,539000,46.08461538461538,5963,2404,2505,1240.2383290304388,Heim,0.034661572052401744,0.18617618551361972,4.605270170991424,4.8079468763569,1.5702701481612376,0.9596806387225549,13.197470849891134
5055,2021,193,3751,50,557000,46.63194444444444,5941,2398,2503,1240.2383290304388,Heim,0.051452945881098375,0.226832418055926,4.605270170991424,4.790208350232492,1.5665739073938734,0.958050339592489,13.230320518909421
5055,2022,359,3735,50,578000,47.285714285714285,5884,2399,2503,1240.2383290304388,Heim,0.0961178045515395,0.310028715688627,4.605270170991424,4.7442494416374315,1.55693324075946,0.9584498601677987,13.267329147654515
5055,2023,480,3700,430,623000,47.109375,5880,2401,2511,1240.2383290304388,Heim,0.12972972972972974,0.36018013511259855,6.756933741327018,4.741024255069357,1.5562531999308045,0.9561927518916766,13.34230179776959
1832,2016,11,2572,0,468000,44.714285714285715,4486,1890,1922,1651.927530189137,Hemnes,0.0042768273716951785,0.0653974569207028,0,2.7156154964536348,0.999018629885707,0.9833506763787722,13.056223574899784
1832,2017,32,2603,11,478000,44.76190476190476,4524,1893,1938,1651.927530189137,Hemnes,0.012293507491356128,0.11087609071101004,3.093102195050827,2.738618926873884,1.0074537520415645,0.9767801857585139,13.077366011473593
1832,2018,43,2605,11,489000,44.872093023255815,4503,1896,1942,1651.927530189137,Hemnes,0.016506717850287907,0.12847847232236187,3.093102195050827,2.7259065047995357,1.002801035107125,0.976313079299691,13.10011776845701
1832,2019,62,2621,11,507000,45.05681818181818,4501,1880,1930,1651.927530189137,Hemnes,0.023655093475772607,0.15380212441891888,3.093102195050827,2.724695797935312,1.002356788098486,0.9740932642487047,13.13626628257332
1832,2020,79,2639,11,515000,45.791666666666664,4454,1878,1924,1651.927530189137,Hemnes,0.02993558165971959,0.1730190210922475,3.093102195050827,2.6962441866260565,0.9918597626228663,0.9760914760914761,13.151922179645874
1832,2021,125,2693,11,529000,45.92727272727273,4428,1885,1930,1651.927530189137,Hemnes,0.046416635722242854,0.21544520352572916,3.093102195050827,2.680504997391149,0.9860052086340808,0.9766839378238342,13.178743710840436
1832,2022,221,2663,11,552000,46.578947368421055,4420,1892,1947,1651.927530189137,Hemnes,0.08298911002628614,0.28807830537249096,3.093102195050827,2.675662169934254,0.984196889877297,0.9717514124293786,13.221303325259232
1832,2023,285,2691,11,598000,45.8921568627451,4459,1900,1960,1651.927530189137,Hemnes,0.10590858416945373,0.3254359908944518,3.093102195050827,2.6992709537866153,0.9929817194330299,0.9693877551020408,13.301346032932768
3326,2016,19,1338,33,507000,38.5,2422,977,1007,755.2287169706553,Hemsedal,0.014200298953662182,0.11916500725322926,4.1898842314256335,3.2069755102997592,1.1653282843550008,0.9702085402184707,13.13626628257332
3326,2017,28,1366,33,521000,38.95121951219512,2442,979,1015,755.2287169706553,Hemsedal,0.020497803806734993,0.1431705409877849,4.1898842314256335,3.233457554150294,1.1735520149126133,0.9645320197044335,13.163505320735505
3326,2018,42,1372,33,533000,39.21590909090909,2457,984,1020,755.2287169706553,Hemsedal,0.030612244897959183,0.1749635530559413,4.1898842314256335,3.253319087038195,1.1796757327631424,0.9647058823529412,13.186276703147982
3326,2019,78,1483,33,549000,39.40243902439025,2481,1001,1044,755.2287169706553,Hemsedal,0.052596089008766014,0.2293383722990246,4.1898842314256335,3.285097539658837,1.1893963439337643,0.9588122605363985,13.215853720491667
3326,2020,102,1476,33,550000,40,2486,1008,1055,755.2287169706553,Hemsedal,0.06910569105691057,0.2628796132394267,4.1898842314256335,3.2917180506214705,1.1914096323126195,0.9554502369668246,13.217673557208654
3326,2021,168,1534,33,576000,40.319148936170215,2546,1022,1073,755.2287169706553,Hemsedal,0.10951760104302477,0.330934436169802,4.1898842314256335,3.371164182173075,1.2152581393593151,0.9524697110904008,13.263862939678027
3326,2022,226,1520,333,599000,40.77941176470589,2611,1033,1084,755.2287169706553,Hemsedal,0.14868421052631578,0.3855959161172688,6.501291925039524,3.457230824687313,1.2404679289410923,0.9529520295202952,13.303016877097587
3326,2023,273,1528,333,644000,40.9125,2645,1042,1097,755.2287169706553,Hemsedal,0.17866492146596857,0.42268773517334113,6.501291925039524,3.502250299233222,1.253405704534363,0.9498632634457612,13.37545400508649
1515,2016,59,4992,22,558000,41.24806201550387,8972,3253,3308,1199.491542790454,Herøy (Møre og Romsdal),0.011818910256410256,0.108714811577863,3.7847057630994327,7.479835980442064,2.012210863997582,0.9833736396614269,13.232114241363448
1515,2017,79,5088,72,558000,41.68348623853211,8957,3269,3352,1199.491542790454,Herøy (Møre og Romsdal),0.015526729559748428,0.12460629823467363,4.969861521396496,7.467330681767673,2.0105375968326786,0.9752386634844868,13.232114241363448
1515,2018,101,5081,79.4,575000,41.99561403508772,8965,3277,3357,1199.491542790454,Herøy (Møre og Romsdal),0.019877976776225152,0.14098927894072355,5.067685201550292,7.474000174394015,2.0114303543967162,0.976169198689306,13.262125319779487
1515,2019,154,5250,79.4,598000,42.5921052631579,8927,3270,3357,1199.491542790454,Herøy (Møre og Romsdal),0.029333333333333333,0.17126976771553507,5.067685201550292,7.442320084418893,2.007182639536845,0.9740840035746202,13.301346032932768
1515,2020,241,5133,79.4,594000,43.02586206896552,8900,3289,3397,1199.491542790454,Herøy (Møre og Romsdal),0.046951100720826026,0.21668202676001078,5.067685201550292,7.41981054680499,2.004153524077714,0.9682072416838386,13.294634598344782
1515,2021,438,5193,79.4,625000,43.46534653465346,8858,3298,3406,1199.491542790454,Herøy (Møre og Romsdal),0.08434430964760255,0.2904209180613589,5.067685201550292,7.384795710516697,1.9994232528406266,0.9682912507339988,13.345506928718539
1515,2022,745,5273,79.4,638000,43.85537190082645,8765,3310,3426,1199.491542790454,Herøy (Møre og Romsdal),0.1412857955622985,0.3758800281503375,5.067685201550292,7.307262858735476,1.9888687657128181,0.9661412726211325,13.366093562326927
1515,2023,955,5245,101.4,693000,43.94,8842,3315,3432,1199.491542790454,Herøy (Møre og Romsdal),0.18207816968541468,0.42670618660316456,5.312244585260611,7.3714567252640135,1.9976153427436716,0.9659090909090909,13.448785278172041
1818,2016,1,855,0,470000,45.023809523809526,1743,723,775,2261.571817029662,Herøy (Nordland),0.0011695906432748538,0.03419927840283847,0,0.7707029185963452,-0.2604522992631707,0.9329032258064516,13.060487973686241
1818,2017,2,903,0,481000,44.19047619047619,1788,735,779,2261.571817029662,Herøy (Nordland),0.0022148394241417496,0.047062080533501166,0,0.7906005843088154,-0.23496238904973218,0.9435173299101413,13.083622549087899
1818,2018,8,890,0,494000,44.166666666666664,1790,737,781,2261.571817029662,Herøy (Nordland),0.008988764044943821,0.09480909262799544,0,0.7914849250071474,-0.23384444594839096,0.9436619718309859,13.110290796170059
1818,2019,14,922,0,516000,44.23529411764706,1780,736,778,2261.571817029662,Herøy (Nordland),0.015184381778741865,0.12322492352905667,0,0.7870632215154874,-0.23944670149706082,0.9460154241645244,13.1538620444637
1818,2020,20,935,0,526000,44.675,1777,741,785,2261.571817029662,Herøy (Nordland),0.0213903743315508,0.14625448482542613,0,0.7857367104679893,-0.24113351662854035,0.9439490445859873,13.173056491719846
1818,2021,45,996,0,551000,44.575,1793,740,782,2261.571817029662,Herøy (Nordland),0.045180722891566265,0.21255757547442591,0,0.7928114360546454,-0.23216987117805873,0.9462915601023018,13.219490088135052
1818,2022,62,986,0,554000,44.44117647058823,1825,742,784,2261.571817029662,Herøy (Nordland),0.06288032454361055,0.2507594954206332,0,0.8069608872279576,-0.21448007876659975,0.9464285714285714,13.224919965729422
1818,2023,78,987,0,595000,44.63333333333333,1839,751,793,2261.571817029662,Herøy (Nordland),0.0790273556231003,0.28111804570873833,0,0.8131512721162816,-0.2068381201788706,0.9470365699873896,13.296316684527767
5056,2016,0,0,0,461234.0498925877,42.68571428571428,NA,NA,NA,1548.6951846012064,Hitra,NA,NA,0,NA,NA,NA,13.041660893560294
5056,2017,0,0,0,469536.26279065415,42.68571428571428,NA,NA,NA,1548.6951846012064,Hitra,NA,NA,0,NA,NA,NA,13.059500811688626
5056,2018,0,0,7.4,467000,42.68571428571428,NA,NA,NA,1548.6951846012064,Hitra,NA,NA,2.6991616063975625,NA,NA,NA,13.054084536651034
5056,2019,0,0,7.4,494000,42.68571428571428,NA,NA,NA,1548.6951846012064,Hitra,NA,NA,2.6991616063975625,NA,NA,NA,13.110290796170059
5056,2020,153,2990,7.4,502000,42.68571428571428,5050,2260,2464,1548.6951846012064,Hitra,0.05117056856187291,0.22620912572633517,2.6991616063975625,3.2608095190148023,1.1819754832688238,0.9172077922077922,13.126355398673866
5056,2021,229,3063,7.4,521000,42.80821917808219,5140,2284,2506,1548.6951846012064,Hitra,0.07476330395037545,0.2734287913705787,2.6991616063975625,3.318922955987343,1.1996403194486291,0.9114126097366321,13.163505320735505
5056,2022,358,3129,7.4,535000,43.028169014084504,5156,2306,2527,1548.6951846012064,Hitra,0.1144135506551614,0.33825072158853026,2.6991616063975625,3.3292542336713504,1.2027483250584963,0.9125445191927186,13.190022025878143
5056,2023,428,3123,11,584000,42.65254237288136,5281,2317,2565,1548.6951846012064,Hitra,0.13704771053474224,0.3701995550169425,3.093102195050827,3.4099673405776576,1.2267027137063515,0.9033138401559454,13.277656261810364
4024,2016,4,913,0,491000,45.79545454545455,1613,851,864,793.4124048936467,Hjartdal,0.004381161007667032,0.06619033923214952,0,2.0329906490637932,0.7095079350605175,0.9849537037037037,13.104199406776658
4024,2017,7,934,0,508000,45.88636363636363,1593,855,868,793.4124048936467,Hjartdal,0.007494646680942184,0.08657162745924432,0,2.007783077469698,0.6970311668453573,0.9850230414746544,13.138236726560619
4024,2018,11,913,11,534000,46.20454545454545,1587,859,872,793.4124048936467,Hjartdal,0.012048192771084338,0.10976425998969035,3.093102195050827,2.0002208059914692,0.6932575774617177,0.9850917431192661,13.188151117942333
4024,2019,18,943,11,577000,47,1572,860,873,793.4124048936467,Hjartdal,0.019088016967126194,0.1381593897175512,3.093102195050827,1.9813151272958978,0.6837608299244605,0.9851088201603666,13.265597545490236
4024,2020,24,915,11,547000,47.28846153846154,1573,862,875,793.4124048936467,Hjartdal,0.02622950819672131,0.1619552660357832,3.093102195050827,1.9825755058756025,0.6843967599935865,0.9851428571428571,13.212204081404119
4024,2021,32,943,11,559000,48.42592592592592,1561,864,877,793.4124048936467,Hjartdal,0.033934252386002124,0.1842125196234016,3.093102195050827,1.9674509629191455,0.6767387774507408,0.9851767388825542,13.233904752137237
4024,2022,41,926,33,598000,48.77272727272727,1562,867,880,793.4124048936467,Hjartdal,0.04427645788336933,0.210419718380596,4.1898842314256335,1.9687113414988502,0.6773791873349401,0.9852272727272727,13.301346032932768
4024,2023,63,952,33,650000,48.705882352941174,1588,867,880,793.4124048936467,Hjartdal,0.0661764705882353,0.2572478777137633,4.1898842314256335,2.001481184571174,0.6938874987423896,0.9852272727272727,13.38472764187182
1133,2016,19,1353,0,561000,40.458333333333336,2737,1234,1239,1169.0271504142002,Hjelmeland,0.014042867701404288,0.11850260630637745,0,2.341262988657063,0.8506905225053802,0.9959644874899112,13.237476184504834
1133,2017,25,1350,0,571000,40.578947368421055,2708,1237,1242,1169.0271504142002,Hjelmeland,0.018518518518518517,0.13608276348795434,0,2.316456037005234,0.8400384474968667,0.9959742351046699,13.255144488638146
1133,2018,37,1366,0,582000,40.234375,2723,1251,1256,1169.0271504142002,Hjelmeland,0.027086383601756955,0.16457941427091347,0,2.329287218894111,0.8455623061384608,0.9960191082802548,13.274225726713574
1133,2019,63,1393,0,605000,41.125,2684,1264,1269,1169.0271504142002,Hjelmeland,0.04522613065326633,0.2126643615025008,0,2.295926145983031,0.8311363115562735,0.996059889676911,13.312983737012978
1133,2020,97,1360,0,595000,41.878787878787875,2574,1241,1246,1169.0271504142002,Hjelmeland,0.0713235294117647,0.26706465399180906,0,2.2018308121312677,0.7892892016207732,0.9959871589085072,13.296316684527767
1133,2021,139,1374,0,628000,42.18181818181818,2580,1273,1285,1169.0271504142002,Hjelmeland,0.10116448326055313,0.3180636465560834,0,2.2069632848868186,0.7916174913803643,0.9906614785992218,13.350295445450335
1133,2022,230,1416,0,640000,42.78260869565217,2534,1289,1301,1169.0271504142002,Hjelmeland,0.16242937853107345,0.4030252827442386,0,2.1676143270942627,0.7736271743457855,0.9907763259031515,13.369223455335854
1133,2023,270,1384,0,687000,43.3,2619,1313,1325,1169.0271504142002,Hjelmeland,0.19508670520231214,0.4416862067150299,0,2.240324357797898,0.806620657972413,0.9909433962264151,13.440089571204487
3330,2016,11,2433,50,515000,44.04807692307692,4497,2069,2103,1859.721736243133,Hol,0.004521167283189478,0.06723962584064161,4.605270170991424,2.4181036938808353,0.8829836354256393,0.9838326200665716,13.151922179645874
3330,2017,23,2493,57.4,523000,44.38392857142857,4535,2082,2126,1859.721736243133,Hol,0.009225832330525471,0.09605119640340494,4.743267353311623,2.4385368582943268,0.8913982112041688,0.9793038570084666,13.16733674304706
3330,2018,31,2479,57.4,547000,44.666666666666664,4520,2085,2129,1859.721736243133,Hol,0.012505042355788625,0.11182594670195564,4.743267353311623,2.4304711354995274,0.8880851214812087,0.9793330201972757,13.212204081404119
3330,2019,52,2539,64.8,568000,45.24264705882353,4473,2086,2135,1859.721736243133,Hol,0.02048050413548641,0.14311011192604947,4.864512316019898,2.4051985374091562,0.87763245208778,0.9770491803278688,13.249876697703288
3330,2020,84,2506,68.4,563000,45.9051724137931,4441,2093,2142,1859.721736243133,Hol,0.0335195530726257,0.18308345930920603,4.918573436151004,2.3879916621135844,0.8704527039470341,0.9771241830065359,13.241034907121827
3330,2021,142,2584,425.8,592000,46.11666666666667,4434,2096,2147,1859.721736243133,Hol,0.05495356037151703,0.23442175746188115,6.747118311903527,2.3842276581426782,0.8688752388311887,0.976245924545878,13.291261913866142
3330,2022,215,2534,425.8,632000,46.15873015873016,4504,2114,2194,1859.721736243133,Hol,0.08484609313338595,0.291283527054631,6.747118311903527,2.4218676978517415,0.8845390184744581,0.9635369188696444,13.356644673128994
3330,2023,273,2520,675.8,660000,45.627450980392155,4506,2114,2194,1859.721736243133,Hol,0.10833333333333334,0.32914029430219166,7.209044902238224,2.4229431275577147,0.8849829696471215,0.9635369188696444,13.399995114002609
3310,2016,190,3889,11,440000,41.27232142857143,6767,2121,2276,192.85493377024483,Hole,0.04885574697865775,0.2210333616870036,3.093102195050827,35.08855007081009,3.5578748684453236,0.9318980667838312,12.994530005894443
3310,2017,288,4000,33,451000,42.017391304347825,6772,2131,2315,192.85493377024483,Hole,0.072,0.2683281572999748,4.1898842314256335,35.11447629370858,3.558613475466124,0.9205183585313175,13.019222618484815
3310,2018,388,3993,33,463000,42.48728813559322,6833,2161,2363,192.85493377024483,Hole,0.09717004758327072,0.3117211054504823,4.1898842314256335,35.430776213070104,3.5675808269938765,0.9145154464663563,13.045482333068371
3310,2019,500,4027,33,484000,42.99444444444445,6845,2176,2378,192.85493377024483,Hole,0.12416190712689347,0.35236615491118534,4.1898842314256335,35.49299914802646,3.5693354699356474,0.9150546677880572,13.089840185698769
3310,2020,628,4044,33,482000,43.295698924731184,6799,2176,2378,192.85493377024483,Hole,0.1552917903066271,0.3940707935214523,4.1898842314256335,35.2544778973604,3.5625925537395577,0.9150546677880572,13.085699393032737
3310,2021,798,4076,33,501000,43.4375,6811,2189,2391,192.85493377024483,Hole,0.1957801766437684,0.442470537599701,4.1898842314256335,35.31670083231676,3.5643559634544166,0.9155165202843998,13.124361380067002
3310,2022,1031,4145,33,523000,43.703125,6859,2204,2404,192.85493377024483,Hole,0.24873341375150784,0.4987318054340507,4.1898842314256335,35.56559257214222,3.5713786697124195,0.9168053244592346,13.16733674304706
3310,2023,1186,4173,33,564000,43.84033613445378,6888,2211,2411,192.85493377024483,Hole,0.28420800383417205,0.5331116241784379,4.1898842314256335,35.71596466495344,3.575597778320665,0.9170468685192866,13.242809530480196
3903,2016,354,12846,22,547000,41.81978319783198,23201,6471,7657,487.7647024342673,Holmestrand,0.027557216254086876,0.16600366337550168,3.7847057630994327,47.56596753354993,3.862117537743454,0.8451090505419877,13.212204081404119
3903,2017,542,13521,22,562000,42.11185983827493,23533,6500,7716,487.7647024342673,Holmestrand,0.040085792470971084,0.20021436629515646,3.7847057630994327,48.246623592389575,3.8763258479766636,0.8424053913945049,13.239257128875828
3903,2018,749,13732,22,550500,42.34393063583815,23938,6552,7839,487.7647024342673,Holmestrand,0.054544130498106615,0.23354684861523312,3.7847057630994327,49.076941977419864,3.8933893110030193,0.835820895522388,13.218582235144872
3903,2019,1010,14128,106.5,563500,42.580495356037154,24275,6600,8033,487.7647024342673,Holmestrand,0.07148924122310306,0.2673747206134175,5.36131420646279,49.76784888051914,3.9073691707292295,0.8216108552222083,13.241922612461968
3903,2020,1298,14271,306.5,564000,42.99860335195531,24699,6714,8250,487.7647024342673,Holmestrand,0.09095368229276155,0.3015852819564667,6.418367597135002,50.63712047373603,3.924684913536239,0.8138181818181818,13.242809530480196
3903,2021,1899,14916,317.5,585000,43.263966480446925,25011,6748,8539,487.7647024342673,Holmestrand,0.12731295253419148,0.3568094064541902,6.453627478888426,51.27677315553714,3.9372378846484266,0.790256470312683,13.279367126213993
3903,2022,2508,15086,317.5,617000,43.32178217821782,25681,6814,8777,487.7647024342673,Holmestrand,0.16624685138539042,0.4077337996602568,6.453627478888426,52.65038628632799,3.9636735754253962,0.7763472712772018,13.332624302887524
3903,2023,3020,15212,317.5,662000,43.106583072100314,26206,6856,8929,487.7647024342673,Holmestrand,0.19852747830660006,0.4455642246709222,6.453627478888426,53.72672493358947,3.9839105487342343,0.7678351439130922,13.403020834919145
5026,2016,5,1206,0,492473.0094470657,47.604166666666664,2031,1101,1129,1209.7058848056408,Holtålen,0.0041459369817578775,0.06438895077385465,0,1.6789204925842893,0.518151022944559,0.975199291408326,13.107194934939367
5026,2017,8,1226,0,501337.5236171128,47.03448275862069,2046,1108,1128,1209.7058848056408,Holtålen,0.0065252854812398045,0.08077923917220194,0,1.6913202008013077,0.5255094078757461,0.9822695035460993,13.125034853067698
5026,2018,12,1248,0,506000,47.5,2028,1114,1142,1209.7058848056408,Holtålen,0.009615384615384616,0.09805806756909202,0,1.6764405509408855,0.516672826075248,0.9754816112084063,13.134291948269603
5026,2019,15,1236,22,523000,47.625,2025,1115,1143,1209.7058848056408,Holtålen,0.012135922330097087,0.11016316230980794,3.7847057630994327,1.673960609297482,0.5151924409048138,0.9755030621172354,13.16733674304706
5026,2020,23,1206,22,536000,48.90384615384615,1981,1115,1143,1209.7058848056408,Holtålen,0.019071310116086235,0.13809891424658716,3.7847057630994327,1.6375881318608947,0.4932245080627252,0.9755030621172354,13.19188944005294
5026,2021,39,1238,22,560000,49.214285714285715,1968,1116,1154,1209.7058848056408,Holtålen,0.03150242326332795,0.17748922013273918,3.7847057630994327,1.626841718072812,0.48664053897637305,0.9670710571923743,13.235692062711331
5026,2022,61,1224,22,589000,49.94642857142857,1953,1122,1165,1209.7058848056408,Holtålen,0.049836601307189546,0.22324112817128824,3.7847057630994327,1.6144420098557937,0.47898939224085324,0.9630901287553648,13.286181462633724
5026,2023,88,1228,22,619000,49.770833333333336,1997,1125,1172,1209.7058848056408,Holtålen,0.07166123778501629,0.26769616692253234,3.7847057630994327,1.650814487292381,0.5012687947799894,0.9598976109215017,13.335860551666734
3901,2016,407,13760,14.6,478000,42.01904761904762,27178,6099,8478,150.25133279080262,Horten,0.029578488372093023,0.1719839770795321,3.375339479269934,180.88358682209076,5.197853657616597,0.7193913658881812,13.077366011473593
3901,2017,542,13992,33,489000,42.35635359116022,27202,6089,8434,150.25133279080262,Horten,0.03873642081189251,0.19681570265579043,4.1898842314256335,181.04331918222508,5.198736335128853,0.7219587384396491,13.10011776845701
3901,2018,696,13988,33,502000,42.59779179810725,27317,6096,8483,150.25133279080262,Horten,0.04975693451529883,0.2230626246489959,4.1898842314256335,181.80870340786862,5.202955054128108,0.7186136979842037,13.126355398673866
3901,2019,952,14097,33,512000,42.95061728395062,27334,6108,8519,150.25133279080262,Horten,0.06753209902816203,0.2598693884014853,4.1898842314256335,181.92184716296376,5.2035771836609,0.7169855616856439,13.146079904021645
3901,2020,1277,13921,40.4,518000,43.35626911314985,27351,6119,8553,150.25133279080262,Horten,0.09173191581064578,0.3028727716560962,4.392130101604592,182.0349909180589,5.204198926389167,0.7154214895358354,13.15773052124162
3901,2021,1802,14214,40.4,543000,43.787234042553195,27510,6116,8684,150.25133279080262,Horten,0.1267764176164345,0.3560567617900754,4.392130101604592,183.09321780394868,5.209995410054775,0.7042837402118839,13.204864598916073
3901,2022,2354,14191,40.4,567000,44.25679758308157,27502,6137,8708,150.25133279080262,Horten,0.16587978296103165,0.4072834184705187,4.392130101604592,183.0399736839039,5.209704564419044,0.7047542489664677,13.248114582709889
3901,2023,2791,14152,40.4,611000,44.30639730639731,27682,6134,8758,150.25133279080262,Horten,0.197215941209723,0.4440900147602094,4.392130101604592,184.2379663849112,5.216228217592802,0.7003882164877826,13.322852238153732
3242,2016,29,1713,0,567000,43.51086956521739,2837,1151,1187,285.07309434144696,Hurdal,0.016929363689433742,0.13011288825260064,0,9.951833604478916,2.2977568160498634,0.9696714406065712,13.248114582709889
3242,2017,42,1748,0,594000,43.56410256410256,2910,1157,1193,285.07309434144696,Hurdal,0.02402745995423341,0.15500793513311958,0,10.207908279532479,2.32316274140655,0.9698239731768651,13.294634598344782
3242,2018,69,1749,0,606000,44.0125,2903,1164,1200,285.07309434144696,Hurdal,0.03945111492281304,0.19862304731025812,0,10.183353173705425,2.320754345265642,0.97,13.314635265051452
3242,2019,93,1799,0,626000,45.214285714285715,2864,1168,1204,285.07309434144696,Hurdal,0.05169538632573652,0.22736619433358274,0,10.046546155526125,2.307228909321548,0.9700996677740864,13.347105650082236
3242,2020,120,1741,0,627000,45.51351351351352,2854,1165,1201,285.07309434144696,Hurdal,0.06892590465249857,0.2625374347640705,0,10.011467432916048,2.3037311792777935,0.9700249791840133,13.348701819615057
3242,2021,162,1823,0,649000,45.57575757575758,2838,1173,1229,285.07309434144696,Hurdal,0.08886450905101481,0.29810150796501317,0,9.955341476739923,2.2981092389609996,0.9544344995931652,13.383187995686226
3242,2022,218,1836,0,673000,45.125,2905,1175,1242,285.07309434144696,Hurdal,0.1187363834422658,0.34458146125737205,0,10.19036891822744,2.3214430505270234,0.9460547504025765,13.419500608626866
3242,2023,247,1820,0,724000,45.225806451612904,2944,1188,1266,285.07309434144696,Hurdal,0.1357142857142857,0.3683941988065036,0,10.327175936406743,2.3347788610897786,0.9383886255924171,13.492546671367853
1579,2016,256,15146,0,532500,39.660606060606064,13184,4903,4939,1573.6533015182958,Hustadvika,0.01690215238346758,0.1300082781343849,0,8.377957195069449,2.125604113305471,0.9927110751164203,13.185338176565716
1579,2017,333,15446,0,542500,39.848214285714285,13195,4940,4984,1573.6533015182958,Hustadvika,0.021558979671112262,0.14682976425477315,0,8.38494729891849,2.1264381100936425,0.9911717495987159,13.203943364396752
1579,2018,480,15686,0,558500,40.0030303030303,13215,4961,5005,1573.6533015182958,Hustadvika,0.030600535509371415,0.17493008749032116,0,8.397656578644021,2.1279526881946076,0.9912087912087912,13.233009897491392
1579,2019,715,15950,0,568000,40.43,13233,4984,5028,1573.6533015182958,Hustadvika,0.04482758620689655,0.2117252611449483,0,8.409094930396998,2.129313849929267,0.9912490055688147,13.249876697703288
1579,2020,416,10680,72,567000,40.70134228187919,13279,5008,5052,1573.6533015182958,Hustadvika,0.03895131086142322,0.19736086456393329,4.969861521396496,8.438326273765718,2.1327839801465456,0.9912905779889153,13.248114582709889
1579,2021,638,10926,72,585000,41.035483870967745,13317,5030,5074,1573.6533015182958,Hustadvika,0.05839282445542742,0.24164607270847052,4.969861521396496,8.462473905244224,2.135641554658363,0.9913283405597162,13.279367126213993
1579,2022,1042,10966,83,613000,41.46944444444444,13287,5048,5107,1573.6533015182958,Hustadvika,0.0950209739193872,0.3082547224608038,5.112024076118548,8.44340998565593,2.133386253747526,0.9884472292931271,13.32612021491835
1579,2023,1299,10991,83,662000,41.70604395604395,13341,5063,5122,1573.6533015182958,Hustadvika,0.11818760804294423,0.34378424635655463,5.112024076118548,8.47772504091486,2.137442140335024,0.988481062085123,13.403020834919145
3110,2016,85,2345,0,536000,48.64492753623188,4511,1863,1919,518.8585924986535,Hvaler,0.03624733475479744,0.19038732824113436,0,8.694083639005568,2.1626427528338255,0.9708181344450234,13.19188944005294
3110,2017,129,2371,0,554000,49.9375,4517,1888,1954,518.8585924986535,Hvaler,0.05440742302825812,0.23325398823655324,0,8.705647483349178,2.1639719510800335,0.9662231320368475,13.224919965729422
3110,2018,185,2418,0,567000,50.916666666666664,4540,1923,1989,518.8585924986535,Hvaler,0.07650951199338296,0.27660352852663134,0,8.749975553333025,2.1690509064608228,0.9668174962292609,13.248114582709889
3110,2019,245,2507,0,573000,51.47794117647059,4599,1941,2007,518.8585924986535,Hvaler,0.09772636617471081,0.31261216574968864,0,8.863686689378543,2.1819627829653534,0.9671150971599403,13.258640995696876
3110,2020,336,2520,0,587000,51.78125,4668,1969,2054,518.8585924986535,Hvaler,0.13333333333333333,0.3651483716701107,0,8.996670899330079,2.1968546088318757,0.9586173320350535,13.282780098810234
3110,2021,492,2612,0,610000,53.04,4694,1997,2095,518.8585924986535,Hvaler,0.1883614088820827,0.4340062313862356,0,9.046780891485732,2.202408991836398,0.9532219570405728,13.321214236149494
3110,2022,633,2671,0,627000,53.443661971830984,4741,2017,2120,518.8585924986535,Hvaler,0.23698989142643204,0.48681607556286804,0,9.137364338844025,2.2123719783275475,0.9514150943396227,13.348701819615057
3110,2023,734,2678,0,674000,54.026315789473685,4762,2034,2146,518.8585924986535,Hvaler,0.27408513816280805,0.5235314108654877,0,9.177837794046667,2.2167916424722374,0.9478098788443616,13.420985389894444
4637,2016,4,770,0,459000,47.166666666666664,1395,743,743,386.4864585741018,Hyllestad,0.005194805194805195,0.07207499701564472,0,3.6094408201174635,1.2835528628725499,1,13.036805489042683
4637,2017,11,760,0,444000,46.35294117647059,1438,745,745,386.4864585741018,Hyllestad,0.014473684210526316,0.12030662579644695,0,3.7206995694114067,1.313911706898076,1,13.003579841414362
4637,2018,19,763,0,463000,47.733333333333334,1378,745,745,386.4864585741018,Hyllestad,0.02490170380078637,0.1578027369876276,0,3.5654548029547417,1.2712916201906879,1,13.045482333068371
4637,2019,25,770,0,478000,47.68421052631579,1366,744,744,386.4864585741018,Hyllestad,0.032467532467532464,0.1801874925391118,0,3.5344058496634085,1.2625452087478193,1,13.077366011473593
4637,2020,37,758,0,478000,48.473684210526315,1328,739,739,386.4864585741018,Hyllestad,0.048812664907651716,0.22093588415567925,0,3.436084164240854,1.234332498653463,1,13.077366011473593
4637,2021,50,773,200,512000,49.3,1294,744,744,386.4864585741018,Hyllestad,0.0646830530401035,0.2543286319707309,5.991470797049389,3.3481121299154104,1.2083966436779299,1,13.146079904021645
4637,2022,76,753,200,519000,50.38095238095238,1290,751,751,386.4864585741018,Hyllestad,0.10092961487383798,0.3176942159905307,5.991470797049389,3.3377624788182993,1.2053006659728016,1,13.159659162148026
4637,2023,99,740,207.4,566000,50.96,1268,754,754,386.4864585741018,Hyllestad,0.13378378378378378,0.36576465628021493,6.027802288263205,3.280839397784189,1.188099303614255,1,13.24634935718532
1119,2016,176,9403,0,557000,34.19525547445255,18591,5281,6220,1067.45954121835,Hå,0.018717430607253005,0.1368116610792114,0,17.41611675397184,2.8573960277437123,0.8490353697749197,13.230320518909421
1119,2017,258,9521,0,575000,34.49097472924188,18800,5321,6286,1067.45954121835,Hå,0.02709799390820292,0.16461468314887018,0,17.61190871791031,2.868575304931536,0.8464842507158765,13.262125319779487
1119,2018,382,9665,0,586000,34.92673992673993,18762,5359,6391,1067.45954121835,Hå,0.03952405587170202,0.19880657904531734,0,17.576310179012406,2.8665519827993915,0.8385229228602723,13.281075068559149
1119,2019,525,9997,0,596000,35.407407407407405,18814,5379,6396,1067.45954121835,Hå,0.052515754726417924,0.22916316180053442,0,17.625023969083223,2.869319708645392,0.8409943714821764,13.297995946047488
1119,2020,676,9951,0,599000,35.70074349442379,18991,5394,6430,1067.45954121835,Hå,0.06793287106823435,0.2606393505751469,0,17.790838216055036,2.87868361782774,0.8388802488335926,13.303016877097587
1119,2021,961,10216,376,622000,36.29962546816479,19120,5413,6467,1067.45954121835,Hå,0.09406812842599843,0.30670527942309445,6.622738092279237,17.91168588757687,2.8854533427188875,0.8370187103757538,13.340695371721317
1119,2022,1279,10307,398,640000,36.70967741935484,19296,5422,6507,1067.45954121835,Hå,0.1240904239837004,0.35226470726387055,6.67960076408362,18.076563330893475,2.894616255640407,0.8332564930075304,13.369223455335854
1119,2023,1592,10391,473,698000,36.97457627118644,19649,5449,6595,1067.45954121835,Hå,0.15320950822827448,0.391419861821388,6.852243686473317,18.4072550211819,2.912744881530691,0.8262319939347991,13.45597438174451
4226,2016,2,1037,0,548000,38.5,1702,727,734,463.2942182892997,Hægebostad,0.0019286403085824494,0.04391628750910588,0,3.6736914315153446,1.3011969961986873,0.9904632152588556,13.214030565930152
4226,2017,4,1056,0,548000,38.666666666666664,1702,731,738,463.2942182892997,Hægebostad,0.003787878787878788,0.06154574548966637,0,3.6736914315153446,1.3011969961986873,0.9905149051490515,13.214030565930152
4226,2018,7,1042,0,586000,39.07142857142857,1699,739,746,463.2942182892997,Hægebostad,0.0067178502879078695,0.08196249317772043,0,3.667216064714789,1.2994328087373,0.9906166219839142,13.281075068559149
4226,2019,14,1058,0,605000,39.26,1683,741,748,463.2942182892997,Hægebostad,0.013232514177693762,0.11503266569846046,0,3.6326807751118246,1.2899708812561739,0.9906417112299465,13.312983737012978
4226,2020,25,1076,0,584000,39.45,1680,745,760,463.2942182892997,Hægebostad,0.023234200743494422,0.15242769021242308,0,3.6262054083112685,1.2881867594626726,0.9802631578947368,13.277656261810364
4226,2021,38,1128,0,630000,39.80952380952381,1690,748,763,463.2942182892997,Hægebostad,0.03368794326241135,0.1835427559518799,0,3.6477899643131213,1.294121494982487,0.9803407601572739,13.353475098367715
4226,2022,65,1108,0,661000,40.4,1704,755,770,463.2942182892997,Hægebostad,0.058664259927797835,0.2422070600288064,0,3.678008342715715,1.302371394454629,0.9805194805194806,13.401509118833824
4226,2023,91,1104,0,711000,40.291666666666664,1750,772,787,463.2942182892997,Hægebostad,0.08242753623188406,0.28710196138634103,0,3.7772973003242383,1.3290087539829276,0.9809402795425667,13.474427708785377
4638,2016,25,2152,0,473000,44.848684210526315,4161,1601,1713,1253.2725377851016,Høyanger,0.011617100371747211,0.1077826533898067,0,3.3201078572691793,1.1999972695299728,0.9346176298890835,13.06685066747407
4638,2017,33,2192,22,496000,45.11842105263158,4190,1612,1724,1253.2725377851016,Høyanger,0.015054744525547446,0.12269777718258569,3.7847057630994327,3.3432472775673783,1.2069425734632149,0.9350348027842227,13.114331205707064
4638,2018,47,2244,22,503000,45.64,4154,1612,1724,1253.2725377851016,Høyanger,0.02094474153297683,0.14472298204838382,3.7847057630994327,3.3145224799558206,1.198313564983089,0.9350348027842227,13.128345449081877
4638,2019,65,2281,22,528000,46.5377358490566,4091,1611,1723,1253.2725377851016,Høyanger,0.028496273564226217,0.16880839305030487,3.7847057630994327,3.264254084135595,1.1830312784764299,0.934997098084736,13.176851562688398
4638,2020,87,2271,44,533000,47.63725490196079,4101,1695,1807,1253.2725377851016,Høyanger,0.03830911492734478,0.19572714407395,4.477465921704087,3.2722331945832503,1.1854726859390907,0.9380188157166575,13.186276703147982
4638,2021,140,2329,44,559000,48.41836734693877,4049,1685,1797,1253.2725377851016,Høyanger,0.06011163589523401,0.24517674419739327,4.477465921704087,3.230741820255445,1.1727117765791926,0.9376739009460211,13.233904752137237
4638,2022,214,2321,244,576000,49.22115384615385,3965,1689,1801,1253.2725377851016,Høyanger,0.09220163722533391,0.3036472249590533,6.190319604966715,3.163717292495144,1.1517476946159797,0.937812326485286,13.263862939678027
4638,2023,269,2263,244,609000,49.48913043478261,3949,1690,1802,1253.2725377851016,Høyanger,0.11886875828546177,0.3447734883738333,6.190319604966715,3.1509507157788965,1.1477042218336808,0.9378468368479467,13.319573546692034
5046,2016,7,717,0,518199.2114331064,43.5,1250,489,501,758.9371729984955,Høylandet,0.009762900976290097,0.09880739332808096,0,1.647040156250823,0.49897983234990345,0.9760479041916168,13.158115025366623
5046,2017,7,743,0,527526.7972389023,43.05555555555556,1264,491,503,758.9371729984955,Høylandet,0.009421265141318977,0.09706320178790198,0,1.6654870060008324,0.5101175767603595,0.9761431411530815,13.175954943494954
5046,2018,17,751,0,533000,43.69565217391305,1268,488,500,758.9371729984955,Høylandet,0.022636484687083888,0.15045426111308344,0,1.670757534500835,0.513277137050728,0.976,13.186276703147982
5046,2019,29,775,0,560000,44.65217391304348,1254,493,505,758.9371729984955,Høylandet,0.03741935483870968,0.19344083032987033,0,1.6523106847508258,0.5021747232464228,0.9762376237623762,13.235692062711331
5046,2020,42,738,0,564000,45.23913043478261,1231,493,505,758.9371729984955,Høylandet,0.056910569105691054,0.23855936180684895,0,1.6220051458758107,0.4836631282380103,0.9762376237623762,13.242809530480196
5046,2021,69,755,0,568000,45.88461538461539,1215,494,502,758.9371729984955,Høylandet,0.0913907284768212,0.3023089950312779,0,1.6009230318758,0.47058035782820556,0.9840637450199203,13.249876697703288
5046,2022,116,778,0,586000,46.88461538461539,1193,494,506,758.9371729984955,Høylandet,0.14910025706940874,0.38613502440132097,0,1.5719351251257856,0.45230742415147285,0.9762845849802372,13.281075068559149
5046,2023,137,773,62.5,630000,47.25,1216,496,508,758.9371729984955,Høylandet,0.17723156532988357,0.42098879477948525,4.828377731159175,1.6022406640008007,0.471403064579669,0.9763779527559056,13.353475098367715
5413,2016,2,708,0,430000,51.75925925925926,1403,842,842,592.3491988038941,Ibestad,0.002824858757062147,0.053149400345273386,0,2.3685353214506226,0.8622717562747455,1,12.971540487669746
5413,2017,2,736,0,459000,52.38461538461539,1394,841,841,592.3491988038941,Ibestad,0.002717391304347826,0.05212860351426869,0,2.3533415809708966,0.8558362674927538,1,13.036805489042683
5413,2018,2,749,0,473000,52.65,1380,847,847,592.3491988038941,Ibestad,0.0026702269692923898,0.05167423893288018,0,2.3297068735579893,0.8457424543235349,1,13.06685066747407
5413,2019,6,772,0,479000,52.575,1375,849,849,592.3491988038941,Ibestad,0.007772020725388601,0.088159064907635,0,2.3212659066248085,0.8421126862729563,1,13.079455876393052
5413,2020,9,756,0,473000,53.69047619047619,1361,852,852,592.3491988038941,Ibestad,0.011904761904761904,0.10910894511799618,0,2.297631199211901,0.8318786788237507,1,13.06685066747407
5413,2021,20,784,22,482000,54.95454545454545,1320,854,854,592.3491988038941,Ibestad,0.025510204081632654,0.15971914124998499,3.7847057630994327,2.228415270359816,0.8012906917527011,1,13.085699393032737
5413,2022,35,749,22,496000,55.62,1289,857,857,592.3491988038941,Ibestad,0.04672897196261682,0.21616885058355845,3.7847057630994327,2.1760812753740932,0.7775256791114721,1,13.114331205707064
5413,2023,44,741,22,533000,55.71739130434783,1279,855,858,592.3491988038941,Ibestad,0.059379217273954114,0.24367851213013042,3.7847057630994327,2.1591993415077306,0.7697374777511272,0.9965034965034965,13.186276703147982
5053,2016,47,3950,22,535656.2770664912,42.67763157894737,6769,2721,2829,561.2854346966014,Inderøy,0.01189873417721519,0.1090813191028381,3.7847057630994327,12.059817664178176,2.4898790721282094,0.9618239660657476,13.191247960219057
5053,2017,68,3963,22,545298.090053688,42.61538461538461,6800,2744,2874,561.2854346966014,Inderøy,0.017158718142821095,0.130991290331919,3.7847057630994327,12.115048030198198,2.4944483187837996,0.9547668754349339,13.209087878347388
5053,2018,122,4046,22,552000,42.62328767123287,6785,2759,2892,561.2854346966014,Inderøy,0.030153237765694514,0.17364687663673803,3.7847057630994327,12.088323659543349,2.492239999888571,0.9540110650069157,13.221303325259232
5053,2019,179,4138,22,576000,43.026666666666664,6804,2772,2948,561.2854346966014,Inderøy,0.04325761237312711,0.2079846445609077,3.7847057630994327,12.12217452903949,2.495036381135354,0.9402985074626866,13.263862939678027
5053,2020,247,4115,22,583000,43.01428571428571,6816,2792,2969,561.2854346966014,Inderøy,0.060024301336573514,0.24499857415212342,3.7847057630994327,12.14355402556337,2.4967984961287533,0.9403839676658807,13.27594246533263
5053,2021,352,4222,22,599000,43.563380281690144,6764,2804,3004,561.2854346966014,Inderøy,0.08337280909521554,0.28874350052462744,3.7847057630994327,12.05090954062656,2.4891401376380724,0.933422103861518,13.303016877097587
5053,2022,557,4300,22,624000,43.82089552238806,6794,2818,3033,561.2854346966014,Inderøy,0.12953488372093022,0.3599095493605723,3.7847057630994327,12.104358281936257,2.493565576340131,0.9291130893504781,13.343905647351566
5053,2023,727,4275,25.6,673000,43.74691358024691,6841,2817,3042,561.2854346966014,Inderøy,0.17005847953216374,0.4123814733134404,3.9361207836781484,12.18809464332145,2.5004596263805996,0.9260355029585798,13.419500608626866
5054,2016,180,5793,0,488797.8377347741,42.92758620689655,10175,4017,4118,1428.631077712138,Indre Fosen,0.031071983428275506,0.1762724692862601,0,7.122202616713769,1.9632170338631203,0.9754735308402137,13.099704263210208
5054,2017,203,5866,0,497596.198814,43.458333333333336,10108,4031,4137,1428.631077712138,Indre Fosen,0.034606205250596656,0.1860274314465387,0,7.075304574913294,1.9566104920604095,0.9743775682861977,13.11754418133854
5054,2018,279,5968,0,516000,44.02721088435374,10090,4052,4172,1428.631077712138,Indre Fosen,0.04674932975871314,0.21621593317494697,0,7.062705100996749,1.9548281368999791,0.9712368168744008,13.1538620444637
5054,2019,356,6182,7.4,531000,44.64827586206896,9988,4068,4197,1428.631077712138,Indre Fosen,0.0575865415723067,0.23997195997096557,2.6991616063975625,6.991308082136326,1.9446676749519884,0.9692637598284489,13.182517300224076
5054,2020,466,6286,7.4,532000,45.1437908496732,10084,4133,4276,1428.631077712138,Indre Fosen,0.07413299395482023,0.2722737481925502,2.6991616063975625,7.0585052763579,1.954233311860135,0.9665575304022451,13.184398768323781
5054,2021,608,6450,79.4,551000,45.885714285714286,9948,4137,4280,1428.631077712138,Indre Fosen,0.09426356589147286,0.3070237220337752,5.067685201550292,6.96330925121067,1.9406548284756198,0.966588785046729,13.219490088135052
5054,2022,916,6393,79.4,565000,46.4568345323741,9899,4138,4281,1428.631077712138,Indre Fosen,0.14328171437509776,0.37852571164334103,5.067685201550292,6.929010683326741,1.9357170444721319,0.9665965895818734,13.244581010128577
5054,2023,1080,6325,140.4,609000,46.47478991596638,9977,4134,4295,1428.631077712138,Indre Fosen,0.1707509881422925,0.41322026589010913,5.637655354437321,6.983608403631771,1.9435657464658318,0.9625145518044238,13.319573546692034
3118,2016,584,24146,55.400000000000006,491600,41.50392464678179,43472,12020,14351,791.1490151246052,Indre Østfold,0.024186200612937962,0.1555191326266256,4.7078082198747415,54.94792911187939,4.006385993367481,0.8375722946136158,13.105420656674017
3118,2017,904,24715,55.400000000000006,504400,41.84257748776509,43815,12116,14514,791.1490151246052,Indre Østfold,0.03657697754400162,0.19125108507927902,4.7078082198747415,55.381475755359666,4.014245165191302,0.8347802122089018,13.131124883072902
3118,2018,1280,25104,55.400000000000006,517400,42.18820678513732,44035,12251,14763,791.1490151246052,Indre Østfold,0.05098789037603569,0.2258049830628981,4.7078082198747415,55.65955231969104,4.019253712940912,0.8298448824764614,13.156571548734066
3118,2019,1745,25916,55.400000000000006,536400,42.392405063291136,44320,12333,14985,791.1490151246052,Indre Østfold,0.06733292174718321,0.259485879668207,4.7078082198747415,56.0197878689385,4.025704983122517,0.823023023023023,13.192635430389661
3118,2020,2350,25904,55.400000000000006,525000,42.528985507246375,44792,12383,15128,791.1490151246052,Indre Østfold,0.0907195799876467,0.30119691231426443,4.7078082198747415,56.61638849786763,4.036298492730081,0.8185483870967742,13.17115354157376
3118,2021,3269,26721,55.400000000000006,548000,42.749560632688926,45201,12441,15309,791.1490151246052,Indre Østfold,0.1223382358444669,0.3497688320083236,4.7078082198747415,57.13335811064732,4.04538815117075,0.8126592200666275,13.214030565930152
3118,2022,4199,27124,55.400000000000006,573000,42.79734219269103,45608,12495,15381,791.1490151246052,Indre Østfold,0.1548075505087745,0.3934559066893958,4.7078082198747415,57.64779975466036,4.0543520804127695,0.8123659059879071,13.258640995696876
3118,2023,4821,27348,55.400000000000006,612000,42.779342723004696,46382,12553,15530,791.1490151246052,Indre Østfold,0.17628345765686704,0.41986123619222937,4.7078082198747415,58.62612366735347,4.071180393616506,0.8083065035415326,13.324487561494463
4218,2016,20,770,0,489000,38.25,1317,505,516,262.5155719374521,Iveland,0.025974025974025976,0.16116459280507606,0,5.016845249522163,1.612801299804579,0.9786821705426356,13.10011776845701
4218,2017,30,788,0,505000,36,1342,504,523,262.5155719374521,Iveland,0.03807106598984772,0.19511808217038143,0,5.112077695412864,1.631605915592925,0.9636711281070746,13.132313708257497
4218,2018,41,810,0,533000,36.46666666666667,1330,503,522,262.5155719374521,Iveland,0.050617283950617285,0.2249828525701843,0,5.066366121385327,1.6226238192770972,0.9636015325670498,13.186276703147982
4218,2019,50,823,0,547000,37.1875,1326,510,529,262.5155719374521,Iveland,0.060753341433778855,0.24648192922358195,0,5.0511289300428155,1.619611768807106,0.9640831758034026,13.212204081404119
4218,2020,55,805,0,537000,37.107142857142854,1331,510,533,262.5155719374521,Iveland,0.06832298136645963,0.2613866510869666,0,5.070175419220956,1.6233754164564096,0.9568480300187617,13.193753373491
4218,2021,69,822,0,578000,37.75925925925926,1335,511,534,262.5155719374521,Iveland,0.08394160583941605,0.28972677791225315,0,5.085412610563468,1.626376168895648,0.9569288389513109,13.267329147654515
4218,2022,93,805,0,582000,38.86,1323,514,537,262.5155719374521,Iveland,0.115527950310559,0.33989402805956886,0,5.039701036535931,1.6173467621762536,0.957169459962756,13.274225726713574
4218,2023,110,812,0,618000,39.291666666666664,1344,516,539,262.5155719374521,Iveland,0.1354679802955665,0.36805975098557914,0,5.119696291084121,1.6330951191443928,0.9573283858998145,13.334243736439827
3236,2016,58,3819,0,512000,42.88317757009346,6629,2290,2479,225.8921751137068,Jevnaker,0.015187221785807803,0.12323644666172343,0,29.34585935375219,3.3791514580849125,0.9237595804759984,13.146079904021645
3236,2017,112,3911,0,531000,42.888888888888886,6696,2302,2514,225.8921751137068,Jevnaker,0.028637177192533878,0.16922522622982036,0,29.642461039783473,3.389207828012832,0.9156722354813047,13.182517300224076
3236,2018,156,3991,22,545000,42.88356164383562,6777,2332,2550,225.8921751137068,Jevnaker,0.03908794788273615,0.197706721895681,3.7847057630994327,30.00103919752279,3.4012320209796334,0.9145098039215687,13.208541073645382
3236,2019,236,4058,72,558000,43.06666666666667,6846,2338,2570,225.8921751137068,Jevnaker,0.05815672745194677,0.24115705971824,4.969861521396496,30.30649466522665,3.411362034933651,0.909727626459144,13.232114241363448
3236,2020,327,4100,72,562000,43.36363636363637,6852,2355,2597,225.8921751137068,Jevnaker,0.07975609756097561,0.28241122067116176,4.969861521396496,30.33305601024438,3.412238075287531,0.9068155564112438,13.239257128875828
3236,2021,498,4227,72,582000,43.5958904109589,6867,2362,2617,225.8921751137068,Jevnaker,0.11781405251951739,0.3432405170132416,4.969861521396496,30.399459372788698,3.4144248244641973,0.9025601834161253,13.274225726713574
3236,2022,748,4265,72,608000,44.1,6908,2360,2646,225.8921751137068,Jevnaker,0.1753810082063306,0.41878515757644824,4.969861521396496,30.5809618970765,3.42037765511009,0.891912320483749,13.317930160948304
3236,2023,846,4179,72,659000,44.43181818181818,6990,2348,2641,225.8921751137068,Jevnaker,0.2024407753050969,0.4499341899712634,4.969861521396496,30.943966945652104,3.4321780510713764,0.8890571753123817,13.398478813484644
5423,2016,6,1241,0,459000,48.891891891891895,2282,1197,1203,5887.770101252853,Karlsøy,0.004834810636583401,0.06953280259405198,0,0.3875830680811425,-0.9478250839208799,0.9950124688279302,13.036805489042683
5423,2017,16,1263,0,472000,49.51470588235294,2273,1204,1210,5887.770101252853,Karlsøy,0.012668250197941409,0.11255332157667053,0,0.3860544757880968,-0.9517767904903577,0.9950413223140496,13.064734264567692
5423,2018,25,1266,0,484000,50.07142857142857,2263,1205,1211,5887.770101252853,Karlsøy,0.019747235387045814,0.14052485682983568,0,0.38435603990693495,-0.9561859687093635,0.9950454170107349,13.089840185698769
5423,2019,31,1282,0,500000,50.666666666666664,2252,1209,1227,5887.770101252853,Karlsøy,0.02418096723868955,0.15550230621662672,0,0.38248776043765687,-0.9610586250833199,0.9853300733496333,13.122363377404328
5423,2020,33,1238,0,516000,51.55555555555556,2200,1206,1228,5887.770101252853,Karlsøy,0.02665589660743134,0.1632663364182321,0,0.37365589385561504,-0.9844199749964937,0.9820846905537459,13.1538620444637
5423,2021,52,1258,0,518000,52.18518518518518,2172,1208,1230,5887.770101252853,Karlsøy,0.04133545310015898,0.20331122226812512,0,0.3689002733883618,-0.9972289332890748,0.9821138211382113,13.15773052124162
5423,2022,90,1247,0,553000,52.11363636363637,2179,1214,1236,5887.770101252853,Karlsøy,0.07217321571772253,0.2686507318391717,0,0.3700891785051751,-0.994011279398281,0.982200647249191,13.223113280504473
5423,2023,106,1248,0,582000,52.34,2171,1217,1239,5887.770101252853,Karlsøy,0.08493589743589744,0.2914376390171617,0,0.36873042980024556,-0.997689444464609,0.9822437449556094,13.274225726713574
1149,2016,825,21821,50,532000,38.16394927536232,42187,14696,15574,1357.2381492915936,Karmøy,0.03780761651619999,0.1944418075317137,4.605270170991424,31.082975395305077,3.4366602543569678,0.9436239886991139,13.184398768323781
1149,2017,1228,22166,72,543000,38.48284734133791,42229,14766,15669,1357.2381492915936,Karmøy,0.055400162410899574,0.23537239092743986,4.969861521396496,31.113920590900943,3.437655326463336,0.9423702852766609,13.204864598916073
1149,2018,1700,22377,72,560000,38.789879931389365,42243,14819,15731,1357.2381492915936,Karmøy,0.0759708629396255,0.27562812436256484,4.969861521396496,31.124235656099565,3.437986797249589,0.9420253003623419,13.235692062711331
1149,2019,2197,22763,122,580000,39.19117647058823,42161,14885,15790,1357.2381492915936,Karmøy,0.09651627641347801,0.31067068805002834,5.497185021430095,31.06381884565049,3.436043760763202,0.9426852438252058,13.270783382522602
1149,2020,2678,22663,122,580000,39.53781512605042,42186,14967,15873,1357.2381492915936,Karmøy,0.11816617393990204,0.34375307117159265,5.497185021430095,31.082238604933746,3.436636550091384,0.9429219429219429,13.270783382522602
1149,2021,3621,23278,344,611000,39.90313653136531,42345,15011,15924,1357.2381492915936,Karmøy,0.15555460091073117,0.3944041086382483,6.533790950555097,31.199388273975238,3.440398488019867,0.9426651595076614,13.322852238153732
1149,2022,4480,23502,501.4,636000,40.089814814814815,42541,15070,16028,1357.2381492915936,Karmøy,0.19062207471704537,0.43660287987717783,6.910552360706087,31.34379918675595,3.445016454429363,0.9402295982031444,13.36295384232226
1149,2023,5241,23605,551.4,689000,40.26827094474153,42903,15117,16136,1357.2381492915936,Karmøy,0.22202923109510697,0.47119977832667426,7.005608501403556,31.610517301177463,3.4534898912052125,0.9368492811105602,13.442996549995796
4602,2016,74,8476,7.4,530500,40.139810426540286,17969,5721,6197,2911.757225923253,Kinn,0.008730533270410571,0.09343732268430303,2.6991616063975625,6.171187570180214,1.8198912943040302,0.9231886396643537,13.181575237036174
4602,2017,115,8617,29.4,540000,40.25233644859813,18030,5738,6238,2911.757225923253,Kinn,0.0133457119647209,0.115523642449158,4.074430960841815,6.192137118946478,1.8232802805749395,0.9198461045206797,13.199324418540456
4602,2018,158,8663,29.4,552500,40.75405405405405,17989,5739,6285,2911.757225923253,Kinn,0.018238485513101695,0.1350499371088402,4.074430960841815,6.178056274693743,1.8210037033402626,0.9131264916467781,13.222208712374044
4602,2019,280,8792,51.4,569500,41.123655913978496,17822,5750,6302,2911.757225923253,Kinn,0.03184713375796178,0.17845765256206242,4.632879966309094,6.120702592005776,1.8116768925502416,0.9124087591240876,13.252514061869373
4602,2020,419,8696,201.4,583000,41.21573604060914,17207,5534,6099,2911.757225923253,Kinn,0.04818307267709292,0.2195064296941958,5.998446324197676,5.9094899282147555,1.7765595211307341,0.9073618626004263,13.27594246533263
4602,2021,609,8862,201.4,601000,41.61691542288557,17160,5619,6182,2911.757225923253,Kinn,0.06872037914691943,0.2621457212065828,5.998446324197676,5.893348472607962,1.7738243374195297,0.9089291491426723,13.306350213517344
4602,2022,872,8802,234.4,616000,41.81971153846154,17131,5618,6251,2911.757225923253,Kinn,0.09906839354692115,0.3147513201670823,6.1501807883721105,5.883388851063345,1.772132931108035,0.8987362022076468,13.331002242515657
4602,2023,1149,8793,234.4,661000,41.94651162790698,17179,5643,6293,2911.757225923253,Kinn,0.1306721255544183,0.3614859963462185,6.1501807883721105,5.899873741895815,1.774930951004022,0.8967106308596854,13.401509118833824
1120,2016,312,10319,22,577000,34.711409395973156,18970,4953,5959,550.3941053817026,Klepp,0.03023548793487741,0.17388354705054015,3.7847057630994327,34.46621214601155,3.539979486066217,0.8311797281423058,13.265597545490236
1120,2017,446,10549,22,589000,35.18181818181818,19042,4977,6037,550.3941053817026,Klepp,0.04227888899421746,0.20561830899561803,3.7847057630994327,34.597027500492985,3.5437677679827932,0.8244161007122743,13.286181462633724
1120,2018,695,10668,22,601000,35.59137931034483,19217,5001,6112,550.3941053817026,Klepp,0.06514810648668916,0.2552412711273182,3.7847057630994327,34.91498148707981,3.5529160060695837,0.818226439790576,13.306350213517344
1120,2019,885,10984,22,622000,35.93436293436294,19354,5033,6210,550.3941053817026,Klepp,0.08057174071376548,0.28385161742319787,3.7847057630994327,35.16389403657921,3.5600198185780445,0.8104669887278583,13.340695371721317
1120,2020,1112,11045,22,623000,36.18939393939394,19588,5058,6282,550.3941053817026,Klepp,0.10067904028972385,0.3172996065073574,3.7847057630994327,35.58904393864387,3.5720378359593647,0.8051575931232091,13.34230179776959
1120,2021,1491,11373,22,655000,36.34586466165413,19848,5097,6333,550.3941053817026,Klepp,0.1310999736217357,0.3620773033783472,3.7847057630994327,36.06143271871572,3.585223948508794,0.8048318332543818,13.39239051461739
1120,2022,1923,11632,22,678000,36.34169884169884,20163,5127,6371,550.3941053817026,Klepp,0.16531980742778543,0.4065953853990296,3.7847057630994327,36.633749894572006,3.6009699437752323,0.8047402291633966,13.426902566922532
1120,2023,2327,11738,22,734000,36.29537953795379,20615,5150,6492,550.3941053817026,Klepp,0.19824501618674392,0.44524714057110343,3.7847057630994327,37.454979619927684,3.6231396682781574,0.7932840418977203,13.506264307596652
3303,2016,177,14256,11,528000,40.35117493472585,27013,7333,9178,794.2250953978003,Kongsberg,0.012415824915824917,0.11142632057025358,3.093102195050827,34.01176839730821,3.5267065940598177,0.798975811723687,13.176851562688398
3303,2017,259,14465,11,538000,40.89821882951654,27216,7376,9219,794.2250953978003,Kongsberg,0.017905288627722088,0.13381064467269443,3.093102195050827,34.2673634435694,3.5341933981025284,0.800086777307734,13.195613839143922
3303,2018,391,14455,14.6,546000,41.20347394540943,27410,7399,9279,794.2250953978003,Kongsberg,0.027049463853337945,0.16446721209207002,3.375339479269934,34.511626689750045,3.541296272763717,0.7973919603405539,13.210374254727043
3303,2019,611,14872,194.6,566000,41.63207547169811,27481,7431,9335,794.2250953978003,Kongsberg,0.04108391608391608,0.2026916773918359,5.9640999519244655,34.601022001496574,3.54388321924296,0.7960364220674879,13.24634935718532
3303,2020,931,14866,194.6,567000,41.83115183246073,27723,7462,9384,794.2250953978003,Kongsberg,0.06262612673214045,0.2502521263289094,5.9640999519244655,34.90572151477346,3.5526507560230356,0.7951832907075874,13.248114582709889
3303,2021,1494,15379,198.2,582000,42.392105263157895,27694,7492,9520,794.2250953978003,Kongsberg,0.09714545809220365,0.3116816614627875,5.982430166432264,34.869207936736146,3.551604145681545,0.7869747899159664,13.274225726713574
3303,2022,2164,15571,198.2,600000,42.81730769230769,27879,7522,9630,794.2250953978003,Kongsberg,0.1389763021000578,0.3727952549323258,5.982430166432264,35.10213938283625,3.5582620796923345,0.7811007268951194,13.304684934198283
3303,2023,2652,15668,220.2,646000,42.47751322751323,28793,7553,9763,794.2250953978003,Kongsberg,0.16926219045187643,0.41141486416010353,6.087688560719262,36.252946635460525,3.5905206644925785,0.7736351531291611,13.37855478276474
3401,2016,131,10153,3.6,443000,45.47026022304833,17835,5122,6782,1036.2284365557905,Kongsvinger,0.0129025903673791,0.11358956980013217,1.992835764939741,17.211455863226316,2.845575200673833,0.7552344441167798,13.001325049027272
3401,2017,207,10423,14.4,455000,45.808098591549296,17857,5151,6811,1036.2284365557905,Kongsvinger,0.019859925165499375,0.14092524672853823,3.36157884535565,17.232686703091243,2.8468079700779656,0.7562766113639701,13.028052697933088
3401,2018,291,10455,64.4,465000,46.16955017301038,17934,5166,6876,1036.2284365557905,Kongsvinger,0.02783357245337159,0.16683396672551903,4.858321087530802,17.30699464261849,2.851110734392834,0.7513089005235603,13.049792684569493
3401,2019,384,10578,64.4,477000,46.6195219123506,17823,5179,6889,1036.2284365557905,Kongsvinger,0.036301758366420876,0.19053020329181639,4.858321087530802,17.199875405118174,2.844902139904692,0.7517781971258528,13.075271769870477
3401,2020,512,10361,71.8,476000,46.92666666666667,17829,5193,6939,1036.2284365557905,Kongsvinger,0.04941607952900299,0.22229727737649643,4.967080147434451,17.205665634172245,2.8452387269156114,0.748378728923476,13.073173133213556
3401,2021,767,10596,93.8,501000,47.27252252252252,17851,5203,6969,1036.2284365557905,Kongsvinger,0.07238580596451491,0.26904610378988003,5.234340449489116,17.226896474037172,2.846471910928393,0.7465920505093988,13.124361380067002
3401,2022,1046,10531,93.8,523000,47.389583333333334,17949,5219,7060,1036.2284365557905,Kongsvinger,0.09932580001899155,0.31515995941583624,5.234340449489116,17.32147021525367,2.8519467849389826,0.7392351274787535,13.16733674304706
3401,2023,1221,10471,443.8,565000,47.52916666666667,17966,5232,7085,1036.2284365557905,Kongsvinger,0.1166077738515901,0.3414788043958074,6.788522460359333,17.337875864240203,2.852893464669993,0.7384615384615385,13.244581010128577
4014,2016,77,5175,0,440000,45.57012195121951,10607,3911,4278,1061.5208275260998,Kragerø,0.014879227053140097,0.12198043717391775,0,9.99226743833173,2.301811537710463,0.9142122487143525,12.994530005894443
4014,2017,126,5274,11,456000,45.9527027027027,10586,3922,4283,1061.5208275260998,Kragerø,0.023890784982935155,0.15456644196893177,3.093102195050827,9.972484501006853,2.2998297506229255,0.915713285080551,13.030248088496522
4014,2018,184,5305,33,471000,46.62251655629139,10506,3929,4290,1061.5208275260998,Kragerø,0.034684260131950986,0.18623710729054774,4.1898842314256335,9.89712093024542,2.2922438997189,0.9158508158508158,13.062613372998555
4014,2019,268,5434,33,487000,47.1744966442953,10406,3924,4288,1061.5208275260998,Kragerø,0.0493191019506809,0.2220790443753775,4.1898842314256335,9.802916466793626,2.2826799400552416,0.9151119402985075,13.096019402064726
4014,2020,351,5343,33,494000,47.58385093167702,10380,3926,4290,1061.5208275260998,Kragerø,0.06569343065693431,0.25630729731502827,4.1898842314256335,9.77842330629616,2.2801782549248726,0.9151515151515152,13.110290796170059
4014,2021,505,5469,83,518000,48.12422360248447,10416,3930,4320,1061.5208275260998,Kragerø,0.09233863594807094,0.30387272985259955,5.112024076118548,9.812336913138806,2.2836404626533433,0.9097222222222222,13.15773052124162
4014,2022,709,5477,83,540000,48.701438848920866,10351,3945,4339,1061.5208275260998,Kragerø,0.1294504290670075,0.35979220262119005,5.112024076118548,9.751104011895139,2.277380510588743,0.909195667204425,13.199324418540456
4014,2023,869,5425,283,580000,48.80357142857143,10413,3948,4362,1061.5208275260998,Kragerø,0.160184331797235,0.40023034842104993,6.338597199715868,9.809510779235252,2.283352402734889,0.9050894085281981,13.270783382522602
4204,2016,2991,46739,72,507666.6666666667,37.24445983379501,106126,20347,31755,1547.283127174756,Kristiansand,0.06399366695907058,0.2529696957326521,4.969861521396496,68.58861066609029,4.228126495672466,0.6407494882695638,13.137580343209189
4204,2017,4141,47609,94,514333.3333333333,37.44850852272727,107157,20493,32315,1547.283127174756,Kristiansand,0.08697935264340775,0.294922621450793,5.23647025497466,69.25493991242709,4.237794476998746,0.6341637010676157,13.150626842677188
4204,2018,5204,47643,144,525333.3333333334,37.26156941649899,109438,20680,32970,1547.283127174756,Kristiansand,0.10922905778393469,0.3304981963399115,5.662972536245079,70.72913681921102,4.258857607088389,0.6272368820139521,13.171788260731851
4204,2019,6518,48669,466,542666.6666666666,37.42140350877193,110391,20826,33644,1547.283127174756,Kristiansand,0.13392508578355833,0.3659577650270019,6.837333965929712,71.34505512353591,4.267528037015724,0.6190108191653787,13.204250536876513
4204,2020,8396,49584,528.5,531000,37.65488771466315,111633,21027,34142,1547.283127174756,Kristiansand,0.16932881574701517,0.4114958271319591,6.963190880924659,72.14775243095619,4.278716133396569,0.6158690176322418,13.182517300224076
4204,2021,11062,52021,639.5,554000,37.91956373551466,112588,21186,34899,1547.283127174756,Kristiansand,0.2126448934084312,0.46113435505114037,7.153834412884637,72.76496332353781,4.287234566325278,0.6070661050459899,13.224919965729422
4204,2022,13773,54300,661.5,576000,38.17067468269873,113737,21465,35633,1547.283127174756,Kristiansand,0.253646408839779,0.5036332086347951,7.1876577354356295,73.50755527702081,4.297388193820601,0.6023910420116184,13.263862939678027
4204,2023,15616,54936,881.3,618000,38.23114119922631,115569,21762,36232,1547.283127174756,Kristiansand,0.28425804572593566,0.5331585558967761,7.474545592544275,74.69156612017214,4.3133671824202935,0.6006292779863105,13.334243736439827
1505,2016,220,11731,0,467000,41.13897280966767,24526,4694,6265,671.2481190780504,Kristiansund,0.01875372943483079,0.13694425666975155,0,36.537904990610784,3.5983502146211834,0.7492418196328811,13.054084536651034
1505,2017,284,11763,0,475000,41.53046594982079,24442,4715,6303,671.2481190780504,Kristiansund,0.024143500807617103,0.1553817904634166,0,36.41276497514918,3.594919399297158,0.7480564810407743,13.071070083016778
1505,2018,408,11858,0,495000,42.02482269503546,24300,4728,6316,671.2481190780504,Kristiansund,0.034407151290268174,0.1854916474946195,0,36.20121875853552,3.589092785627852,0.7485750474984167,13.112313041550827
1505,2019,554,11999,0,508000,42.362369337979096,24274,4753,6414,671.2481190780504,Kristiansund,0.04617051420951746,0.21487325149845307,0,36.16248494422597,3.588022253965519,0.7410352354225133,13.138236726560619
1505,2020,780,12208,72,511000,42.72837370242215,24179,4760,6376,671.2481190780504,Kristiansund,0.06389252948885976,0.2527697163207249,4.969861521396496,36.020957545787255,3.584100923119823,0.7465495608531995,13.144124869185841
1505,2021,1257,12541,472,528000,43.149484536082475,24099,4772,6387,671.2481190780504,Kristiansund,0.10023124152778885,0.3165931798504018,6.850127288306783,35.90177657868096,3.5807867811411342,0.7471426334742446,13.176851562688398
1505,2022,1951,12852,494,552000,43.514134275618375,24013,4784,6410,671.2481190780504,Kristiansund,0.15180516651104886,0.38962182499322195,6.895683722185311,35.7736570390417,3.5772117856475267,0.7463338533541342,13.221303325259232
1505,2023,2418,12793,766,595000,43.51470588235294,24159,4825,6484,671.2481190780504,Kristiansund,0.18900961463300242,0.43475236012355634,7.3343297763717485,35.99116230401068,3.5832734167628666,0.7441394201110426,13.296316684527767
3318,2016,25,1343,0,490000,44.06578947368421,2275,1061,1079,375.0356994532489,Krødsherad,0.018615040953090096,0.13643694863595454,0,6.0660891838207425,1.8027141114037364,0.9833178869323448,13.102160670086809
3318,2017,39,1376,0,486000,44.1875,2257,1054,1072,375.0356994532489,Krødsherad,0.028343023255813952,0.16835386320430534,0,6.018093752915787,1.7947705568362213,0.9832089552238806,13.093963902882631
3318,2018,40,1391,0,487000,44.06944444444444,2277,1061,1079,375.0356994532489,Krødsherad,0.02875629043853343,0.16957679805484424,0,6.071422009476849,1.8035928460824253,0.9833178869323448,13.096019402064726
3318,2019,53,1422,0,515000,44.734375,2239,1061,1067,375.0356994532489,Krødsherad,0.03727144866385373,0.1930581484005628,0,5.9700983220108315,1.7867633966174405,0.9943767572633552,13.151922179645874
3318,2020,65,1400,0,521000,45.303030303030305,2212,1060,1066,375.0356994532489,Krødsherad,0.04642857142857143,0.21547290184283366,0,5.898105175653399,1.7746311426609112,0.9943714821763602,13.163505320735505
3318,2021,99,1430,0,532000,45.351851851851855,2219,1064,1070,375.0356994532489,Krødsherad,0.06923076923076923,0.2631174057921088,0,5.916770065449771,1.7777907029512796,0.994392523364486,13.184398768323781
3318,2022,138,1452,0,565000,46.129629629629626,2189,1069,1075,375.0356994532489,Krødsherad,0.09504132231404959,0.308287726505694,0,5.836777680608178,1.7641788775415488,0.9944186046511628,13.244581010128577
3318,2023,173,1392,22,597000,46.20967741935484,2211,1085,1091,375.0356994532489,Krødsherad,0.12428160919540229,0.3525359686548343,3.7847057630994327,5.8954387628253455,1.774178960876132,0.9945004582951421,13.29967239237474
4622,2016,74,4380,53.6,530000,42.74271844660194,8475,3206,3350,765.8499439116974,Kvam,0.016894977168949773,0.1299806799834105,4.674783255547504,11.066136476700152,2.4038896773747593,0.9570149253731344,13.180632285528304
4622,2017,111,4498,53.6,540000,43.085,8423,3213,3356,765.8499439116974,Kvam,0.0246776345042241,0.1570911662195685,4.674783255547504,10.998238058200045,2.397735083441472,0.9573897497020262,13.199324418540456
4622,2018,154,4501,103.6,553000,42.79545454545455,8455,3213,3404,765.8499439116974,Kvam,0.03421461897356143,0.18497194104393624,5.333707802307191,11.040021700353956,2.401527006458789,0.9438895417156287,13.223113280504473
4622,2019,235,4579,111,574000,43.19724770642202,8441,3225,3416,765.8499439116974,Kvam,0.051321249181043894,0.22654193691465582,5.402697671815578,11.021741356911619,2.3998698091098283,0.9440866510538641,13.260384675301703
4622,2020,316,4622,111,582000,43.55494505494506,8457,3233,3441,765.8499439116974,Kvam,0.0683686715707486,0.2614740361312163,5.402697671815578,11.042633177988575,2.4017635249083304,0.9395524556814879,13.274225726713574
4622,2021,449,4726,111,600000,43.75,8461,3237,3514,765.8499439116974,Kvam,0.09500634786288616,0.30823099756981964,5.402697671815578,11.047856133257815,2.402236394050609,0.921172453044963,13.304684934198283
4622,2022,630,4709,118.4,633000,44.2122641509434,8497,3257,3557,765.8499439116974,Kvam,0.13378636653217243,0.365768186878209,5.467233736033549,11.094862730680966,2.4064821841296493,0.9156592634242339,13.358225701126313
4622,2023,738,4661,118.4,681000,44.4009009009009,8531,3266,3575,765.8499439116974,Kvam,0.15833512121862262,0.3979134594589917,5.467233736033549,11.139257850469498,2.4104756120348028,0.9135664335664335,13.43131758513165
4227,2016,36,3429,7.4,491000,40.28666666666667,5981,2581,2681,976.1541626358992,Kvinesdal,0.010498687664041995,0.10246310391571199,2.6991616063975625,6.1271059725336485,1.81272252958442,0.9627004848936964,13.104199406776658
4227,2017,46,3513,7.4,506000,40.166666666666664,5988,2593,2705,976.1541626358992,Kvinesdal,0.01309422146313692,0.1144299849826824,2.6991616063975625,6.134276970996737,1.8138922180793817,0.9585951940850277,13.134291948269603
4227,2018,61,3506,7.4,509000,40.03703703703704,6024,2585,2708,976.1541626358992,Kvinesdal,0.01739874500855676,0.13190430246416057,2.6991616063975625,6.171156391664052,1.8198862420195923,0.9545790251107829,13.14020329553266
4227,2019,86,3522,7.4,528000,40.54945054945055,6048,2571,2702,976.1541626358992,Kvinesdal,0.02441794434980125,0.15626242142563018,2.6991616063975625,6.195742672108929,1.8238623903992317,0.9515173945225759,13.176851562688398
4227,2020,123,3573,7.4,540000,41.17934782608695,5987,2576,2707,976.1541626358992,Kvinesdal,0.03442485306465155,0.18553935718507691,2.6991616063975625,6.133252542644867,1.813725203465215,0.9516069449575175,13.199324418540456
4227,2021,190,3655,7.4,553000,41.75757575757576,5922,2584,2715,976.1541626358992,Kvinesdal,0.05198358413132695,0.22799908800547197,2.6991616063975625,6.066664699773327,1.8028089812013994,0.9517495395948434,13.223113280504473
4227,2022,274,3650,7.4,579000,42.07971014492754,5883,2588,2730,976.1541626358992,Kvinesdal,0.07506849315068494,0.2739863010274144,2.6991616063975625,6.026711994050402,1.796201587404319,0.947985347985348,13.269057756555132
4227,2023,326,3626,14.8,626000,42.14492753623188,6024,2606,2748,976.1541626358992,Kvinesdal,0.08990623276337562,0.2998436805460065,3.388913756318583,6.171156391664052,1.8198862420195923,0.9483260553129549,13.347105650082236
4617,2016,252,6826,0,512000,42.341145833333336,13271,5059,5235,1513.9078066979462,Kvinnherad,0.03691766774099033,0.1921397089125263,0,8.766055595516075,2.1708869441526497,0.9663801337153772,13.146079904021645
4617,2017,328,7010,0,529000,42.64333333333333,13241,5094,5302,1513.9078066979462,Kvinnherad,0.046790299572039944,0.21631065524388748,0,8.746239329381988,2.168623817055157,0.9607695209354961,13.178743710840436
4617,2018,434,7093,0,540000,43.11333333333334,13180,5098,5305,1513.9078066979462,Kvinnherad,0.0611870858592979,0.24736023500008625,0,8.705946254909342,2.1640062697718987,0.9609802073515551,13.199324418540456
4617,2019,495,7185,93,556000,43.67919075144509,13137,5117,5334,1513.9078066979462,Kvinnherad,0.06889352818371608,0.26247576685042007,5.2257755775357575,8.67754294011715,2.1607384171849082,0.9593175853018373,13.228523573232719
4617,2020,586,7216,155.5,563000,44.06104651162791,13071,5128,5349,1513.9078066979462,Kvinnherad,0.08120842572062084,0.28497092083337355,5.739803251035241,8.633947154622156,2.155701776500952,0.9586838661432043,13.241034907121827
4617,2021,805,7409,166.5,605000,44.524647887323944,13039,5140,5361,1513.9078066979462,Kvinnherad,0.10865163989742205,0.3296234820176227,5.808151507885495,8.612809804079127,2.1532506071388724,0.9587763476963254,13.312983737012978
4617,2022,1046,7432,166.5,615000,44.732638888888886,13017,5164,5387,1513.9078066979462,Kvinnherad,0.1407427341227126,0.37515694598755944,5.808151507885495,8.598277875580797,2.1515619361818605,0.9586040467792835,13.329377546788654
4617,2023,1217,7384,166.5,665000,44.74233128834356,13058,5186,5453,1513.9078066979462,Kvinnherad,0.16481581798483208,0.40597514454068745,5.808151507885495,8.62536010596405,2.1547067134619793,0.9510361269026224,13.407542319637992
4028,2016,13,1459,7.4,476000,47.5,2448,1286,1286,710.2808632872981,Kviteseid,0.008910212474297465,0.09439392180801402,2.6991616063975625,3.4465239407834365,1.2373661697240383,1,13.073173133213556
4028,2017,18,1490,7.4,490000,47.53333333333333,2442,1289,1289,710.2808632872981,Kviteseid,0.012080536912751677,0.10991149581709675,2.6991616063975625,3.4380765781834772,1.2349121807624717,1,13.102160670086809
4028,2018,33,1512,7.4,514000,47.74324324324324,2397,1291,1291,710.2808632872981,Kviteseid,0.021825396825396824,0.1477342100713197,2.6991616063975625,3.374721358683782,1.216312760526206,1,13.149978544437301
4028,2019,37,1516,7.4,523000,48.25,2403,1294,1294,710.2808632872981,Kviteseid,0.024406332453825858,0.1562252618939263,2.6991616063975625,3.383168721283741,1.2188127618282905,1,13.16733674304706
4028,2020,54,1517,7.4,525000,48.822916666666664,2403,1295,1295,710.2808632872981,Kviteseid,0.035596572181938034,0.18867053872276413,2.6991616063975625,3.383168721283741,1.2188127618282905,1,13.17115354157376
4028,2021,78,1539,29.4,539000,49.43478260869565,2430,1299,1299,710.2808632872981,Kviteseid,0.050682261208576995,0.2251272111686568,4.074430960841815,3.4211818529835583,1.2299860624264156,1,13.197470849891134
4028,2022,123,1554,29.4,556000,49.76923076923077,2452,1307,1307,710.2808632872981,Kviteseid,0.07915057915057915,0.2813371272167595,4.074430960841815,3.4521555158500763,1.2389988231479236,1,13.228523573232719
4028,2023,154,1505,29.4,614000,50.01282051282051,2427,1316,1316,710.2808632872981,Kviteseid,0.10232558139534884,0.3198836997962679,4.074430960841815,3.4169581716835786,1.228750731818423,1,13.327750207129279
1144,2016,13,229,0,617000,44.285714285714285,524,245,245,364.9195429781528,Kvitsøy,0.056768558951965066,0.23826153477211773,0,1.4359329613414844,0.36181478523369903,1,13.332624302887524
1144,2017,15,238,0,613000,42.90909090909091,534,247,247,364.9195429781528,Kvitsøy,0.06302521008403361,0.2510482226267169,0,1.463336262130444,0.38071893987285166,1,13.32612021491835
1144,2018,28,249,0,634000,43.81818181818182,542,248,248,364.9195429781528,Kvitsøy,0.11244979919678715,0.3353353533357125,0,1.4852589027616117,0.395589102352303,1,13.359804233419363
1144,2019,32,255,0,649000,46.25,516,249,249,364.9195429781528,Kvitsøy,0.12549019607843137,0.3542459542160381,0,1.4140103207103167,0.3464298663942196,1,13.383187995686226
1144,2020,30,226,0,644000,46.8125,517,251,251,364.9195429781528,Kvitsøy,0.13274336283185842,0.3643396256679452,0,1.4167506507892127,0.348365975421086,1,13.37545400508649
1144,2021,34,234,0,697000,47.4375,507,252,252,364.9195429781528,Kvitsøy,0.1452991452991453,0.38118124993124375,0,1.3893473500002531,0.32883410450384004,1,13.454540689742661
1144,2022,41,238,0,711000,48.083333333333336,523,254,254,364.9195429781528,Kvitsøy,0.1722689075630252,0.4150528973071086,0,1.4331926312625884,0.3599045649775797,1,13.474427708785377
1144,2023,47,250,0,724000,48.22727272727273,535,228,228,364.9195429781528,Kvitsøy,0.188,0.433589667773576,0,1.46607659220934,0.38258984780866334,1,13.492546671367853
5411,2016,24,1585,0,463000,43.48809523809524,3029,1207,1234,701.090059414302,Kvæfjord,0.015141955835962145,0.12305265472943745,0,4.320414987099459,1.4633514594709554,0.9781199351701783,13.045482333068371
5411,2017,28,1642,0,484000,44.23255813953488,2986,1211,1238,701.090059414302,Kvæfjord,0.01705237515225335,0.1305847431833189,0,4.259081925215907,1.4490536265428535,0.9781906300484653,13.089840185698769
5411,2018,43,1632,7.4,505000,44.8,2928,1211,1238,701.090059414302,Kvæfjord,0.026348039215686275,0.16232079107645536,2.6991616063975625,4.176353609186931,1.42943852352492,0.9781906300484653,13.132313708257497
5411,2019,56,1659,7.4,524000,45.977777777777774,2858,1212,1240,701.090059414302,Kvæfjord,0.03375527426160337,0.18372608486985012,2.6991616063975625,4.076509089841615,1.4052410069335306,0.9774193548387097,13.169246963303179
5411,2020,70,1657,7.4,533000,46.54255319148936,2839,1217,1245,701.090059414302,Kvæfjord,0.04224502112251056,0.20553593632868816,2.6991616063975625,4.0494084345907435,1.3985708049166892,0.9775100401606426,13.186276703147982
5411,2021,115,1703,69.9,562000,46.94871794871795,2822,1217,1245,701.090059414302,Kvæfjord,0.06752789195537287,0.2598612936844825,4.940263992366865,4.0251604798925955,1.3925647808564774,0.9775100401606426,13.239257128875828
5411,2022,179,1727,69.9,574000,48.12222222222222,2789,1223,1251,701.090059414302,Kvæfjord,0.10364794441227562,0.32194400819439956,4.940263992366865,3.9780909207726607,1.380802036071207,0.9776179056754596,13.260384675301703
5411,2023,216,1696,69.9,629000,47.65714285714286,2866,1227,1257,701.090059414302,Kvæfjord,0.12735849056603774,0.35687321357316487,4.940263992366865,4.087919892052509,1.4080362568318352,0.9761336515513126,13.351886535682578
5429,2016,0,690,0,458000,47.729166666666664,1231,749,749,2685.243599261096,Kvænangen,0,0,0,0.45843140649836644,-0.7799446026249447,1,13.034624463096321
5429,2017,0,707,0,487000,47.75,1233,749,749,2685.243599261096,Kvænangen,0,0,0,0.4591762178817919,-0.7783212256450539,1,13.096019402064726
5429,2018,0,708,0,476000,48.22222222222222,1224,751,751,2685.243599261096,Kvænangen,0,0,0,0.45582456665637733,-0.7856472657371268,1,13.073173133213556
5429,2019,2,716,0,467000,49.23529411764706,1202,756,756,2685.243599261096,Kvænangen,0.002793296089385475,0.052851642258169,0,0.4476316414386974,-0.8037846137142454,1,13.054084536651034
5429,2020,3,682,0,475000,50.25,1191,759,759,2685.243599261096,Kvænangen,0.004398826979472141,0.06632365324280728,0,0.4435351788298574,-0.8129781594540981,1,13.071070083016778
5429,2021,7,701,0,514000,51.05555555555556,1166,761,761,2685.243599261096,Kvænangen,0.009985734664764621,0.09992864786818954,0,0.4342250365370392,-0.8341923618989606,1,13.149978544437301
5429,2022,19,693,0,521000,50.84090909090909,1159,762,762,2685.243599261096,Kvænangen,0.027417027417027416,0.16558087877840066,0,0.43161819669505014,-0.8402138854696465,1,13.163505320735505
5429,2023,36,708,0,529000,51.523809523809526,1118,765,765,2685.243599261096,Kvænangen,0.05084745762711865,0.22549380840084865,0,0.4163495633348283,-0.8762300750943538,1,13.178743710840436
5437,2016,2,1368,0,519000,42.64705882352941,2668,937,962,5469.609434698561,Kárásjohka-Karasjok,0.0014619883040935672,0.038235955645093626,0,0.48778619970093673,-0.7178780844965007,0.974012474012474,13.159659162148026
5437,2017,2,1397,0,517000,42.806451612903224,2696,936,961,5469.609434698561,Kárásjohka-Karasjok,0.0014316392269148174,0.037837008694065886,0,0.492905395200047,-0.7074380194998174,0.9739854318418314,13.155798153490567
5437,2018,1,1411,0,533000,42.86538461538461,2701,941,966,5469.609434698561,Kárásjohka-Karasjok,7.087172218284905e-4,0.026621743403250103,0,0.49381953725345956,-0.7055851377393995,0.974120082815735,13.186276703147982
5437,2019,3,1431,0,562000,43.017857142857146,2673,941,966,5469.609434698561,Kárásjohka-Karasjok,0.0020964360587002098,0.04578685464956301,0,0.4887003417543493,-0.7160057753930961,0.974120082815735,13.239257128875828
5437,2020,5,1421,0,555000,43.9375,2628,946,971,5469.609434698561,Kárásjohka-Karasjok,0.003518648838845883,0.05931819989552855,0,0.4804730632736363,-0.732984111927514,0.9742533470648815,13.226723392728571
5437,2021,16,1425,0,576000,43.604166666666664,2641,945,970,5469.609434698561,Kárásjohka-Karasjok,0.011228070175438596,0.1059625885652035,0,0.48284983261250897,-0.7280495792348829,0.9742268041237113,13.263862939678027
5437,2022,49,1407,0,598000,44.65217391304348,2584,950,975,5469.609434698561,Kárásjohka-Karasjok,0.03482587064676617,0.18661690879115475,0,0.4724286132036059,-0.7498686266295226,0.9743589743589743,13.301346032932768
5437,2023,62,1401,0,638000,44.98571428571429,2543,952,977,5469.609434698561,Kárásjohka-Karasjok,0.04425410421127766,0.21036659480839076,0,0.464932648365623,-0.7658627261098955,0.9744114636642784,13.366093562326927
3909,2016,721,24563,132,479609.9084540453,43.08048433048433,46341,12683,15492,1561.2933403394943,Larvik,0.029353092049016812,0.17132744102745717,5.575963450863239,29.681161638672855,3.390512556302579,0.8186806093467596,13.080728361751204
3909,2017,1029,25220,154,488242.88680621807,43.372257053291534,46557,12716,15708,1561.2933403394943,Larvik,0.040800951625693894,0.20199245437811258,5.730110324213542,29.81950847870551,3.395162826259953,0.8095238095238095,13.098568279879535
3909,2018,1394,25333,157.6,502000,43.726489028213166,46801,12737,15849,1561.2933403394943,Larvik,0.05502703982947144,0.2345784300174921,5.7532174231516615,29.97578916837203,3.4003900281190416,0.8036469177866111,13.126355398673866
3909,2019,1905,25781,157.6,515000,43.96737481031867,47107,12773,15997,1561.2933403394943,Larvik,0.07389162561576355,0.2718301411097812,5.7532174231516615,30.171780525084962,3.406907067839413,0.7984622116646871,13.151922179645874
3909,2020,2657,26242,157.6,522000,44.46412213740458,47204,12796,16093,1561.2933403394943,Larvik,0.10124990473287097,0.31819790183606017,5.7532174231516615,30.2339085041737,3.4089640926658578,0.7951283166594172,13.165422866864775
3909,2021,3584,26844,920.1,543000,44.84315424610052,47499,12831,16167,1561.2933403394943,Larvik,0.13351214424079869,0.36539313655403916,7.51762983565255,30.42285441995904,3.4151941160897623,0.793653739098163,13.204864598916073
3909,2022,4726,27263,942.1,569000,45.052136752136754,47777,12870,16305,1561.2933403394943,Larvik,0.173348494296299,0.4163514072226717,7.541258888287955,30.60091192703811,3.421029810051471,0.7893284268629255,13.251635713108469
3909,2023,5432,27207,942.1,613000,45.08118081180812,48246,12934,16456,1561.2933403394943,Larvik,0.19965450067997206,0.44682714854848743,7.541258888287955,30.90130390840531,3.430798380696422,0.785974720466699,13.32612021491835
5438,2016,0,546,0,422000,45.25,1318,538,568,5751.430524364016,Lebesby,0,0,0,0.22916037921639373,-1.4733331746325438,0.9471830985915493,12.952760593018148
5438,2017,0,561,0,424000,44.63157894736842,1330,537,567,5751.430524364016,Lebesby,0,0,0,0.23124681665994207,-1.464269668479197,0.9470899470899471,12.957488734214095
5438,2018,0,569,0,454000,45.525,1349,539,569,5751.430524364016,Lebesby,0,0,0,0.23455034261222696,-1.4500850334872406,0.9472759226713533,13.025852477023484
5438,2019,1,584,0,469000,46.10526315789474,1328,538,567,5751.430524364016,Lebesby,0.0017123287671232876,0.0413802944301184,0,0.23089907708601734,-1.4657745596586174,0.9488536155202821,13.058358047428417
5438,2020,1,572,22,467000,47.23809523809524,1290,531,560,5751.430524364016,Lebesby,0.0017482517482517483,0.04181210050035454,3.7847057630994327,0.22429202518144759,-1.4948063923392787,0.9482142857142857,13.054084536651034
5438,2021,4,574,22,492000,47.59375,1271,533,562,5751.430524364016,Lebesby,0.006968641114982578,0.08347838711296822,3.7847057630994327,0.2209884992291627,-1.5096446185055423,0.9483985765124555,13.106233995474446
5438,2022,14,570,22,521000,48.82142857142857,1221,535,564,5751.430524364016,Lebesby,0.02456140350877193,0.15672078199387576,3.7847057630994327,0.21229500988104455,-1.5497784155842917,0.9485815602836879,13.163505320735505
5438,2023,17,555,22,541000,48.35294117647059,1226,538,567,5751.430524364016,Lebesby,0.03063063063063063,0.17501608677670355,3.7847057630994327,0.21316435881585638,-1.5456917731988398,0.9488536155202821,13.201174557828619
1822,2016,30,1236,7.4,480000,41.42307692307692,2216,991,1011,595.8094187527563,Leirfjord,0.024271844660194174,0.15579423821243896,2.6991616063975625,3.7193101187270354,1.313538199131617,0.9802176063303659,13.081541382884074
1822,2017,46,1299,7.4,498000,40.55,2278,999,1019,595.8094187527563,Leirfjord,0.03541185527328714,0.18818037961829906,2.6991616063975625,3.8233702393773408,1.34113229527157,0.9803729146221786,13.11835535600679
1822,2018,62,1331,7.4,500000,40.517857142857146,2307,1012,1038,595.8094187527563,Leirfjord,0.04658151765589782,0.21582751830083627,2.6991616063975625,3.8720435216169995,1.3537824094381963,0.9749518304431599,13.122363377404328
1822,2019,70,1344,7.4,514000,40.5,2320,1015,1047,595.8094187527563,Leirfjord,0.052083333333333336,0.22821773229381923,2.6991616063975625,3.8938625791727084,1.3594016159247981,0.9694364851957975,13.149978544437301
1822,2020,95,1340,7.4,547000,41.51851851851852,2294,1018,1050,595.8094187527563,Leirfjord,0.0708955223880597,0.26626213096882495,2.6991616063975625,3.85022446406129,1.3481314489537586,0.9695238095238096,13.212204081404119
1822,2021,132,1368,7.4,568000,42.285714285714285,2278,1022,1054,595.8094187527563,Leirfjord,0.09649122807017543,0.31063037209869776,2.6991616063975625,3.8233702393773408,1.34113229527157,0.96963946869070206,13.249876697703288
1822,2022,195,1377,7.4,592000,42.79545454545455,2257,1029,1061,595.8094187527563,Leirfjord,0.14161220043572983,0.3763139652414322,2.6991616063975625,3.7881240694796565,1.3318709280819783,0.9698397737983034,13.291261913866142
1822,2023,227,1372,7.4,626000,43.21739130434783,2270,1039,1071,595.8094187527563,Leirfjord,0.16545189504373178,0.4067577842447908,2.6991616063975625,3.809943127035366,1.337614261739891,0.9701213818860878,13.347105650082236
5052,2016,2,323,0,461234.0498925877,53.142857142857146,562,354,354,1704.9387660386492,Leka,0.006191950464396285,0.07868894753646337,0,0.3296306067963851,-1.1097826248321572,1,13.041660893560294
5052,2017,2,314,0,469536.26279065415,51.857142857142854,584,356,356,1704.9387660386492,Leka,0.006369426751592357,0.07980868844676221,0,0.3425342960304073,-1.0713834918976213,1,13.059500811688626
5052,2018,1,318,0,478000,52.285714285714285,582,357,357,1704.9387660386492,Leka,0.0031446540880503146,0.05607721540920443,0,0.3413612333727689,-1.0748140269944104,1,13.077366011473593
5052,2019,1,324,0,494000,52.05555555555556,567,358,358,1704.9387660386492,Leka,0.0030864197530864196,0.05555555555555555,0,0.33256326344048104,-1.1009251709980963,1,13.110290796170059
5052,2020,2,315,0,502000,52.65,557,403,403,1704.9387660386492,Leka,0.006349206349206349,0.07968190728895957,0,0.32669795015228914,-1.1187192347985644,1,13.126355398673866
5052,2021,5,327,0,541000,51.8125,563,402,402,1704.9387660386492,Leka,0.01529051987767584,0.12365484170737448,0,0.3302171381252043,-1.1080048465861578,1,13.201174557828619
5052,2022,8,341,0,554000,51.714285714285715,570,399,399,1704.9387660386492,Leka,0.02346041055718475,0.1531679162134967,0,0.3343228574269386,-1.0956481138972525,1,13.224919965729422
5052,2023,12,340,0,597000,52.25,582,399,399,1704.9387660386492,Leka,0.03529411764705882,0.18786728732554484,0,0.3413612333727689,-1.0748140269944104,1,13.29967239237474
3432,2016,2,1228,200,463000,45.28260869565217,2055,976,976,2263.769653921244,Lesja,0.0016286644951140066,0.040356715613563084,5.991470797049389,0.907777872382193,-0.09675556424892323,1,13.045482333068371
3432,2017,5,1245,250,481000,45.535714285714285,2048,980,980,2263.769653921244,Lesja,0.004016064257028112,0.06337242505244779,6.214612098398192,0.9046856849823509,-0.10016770501985986,1,13.083622549087899
3432,2018,9,1248,250,490000,45.629629629629626,2038,983,983,2263.769653921244,Lesja,0.007211538461538462,0.08492077756084468,6.214612098398192,0.9002682744111481,-0.10506247739658807,1,13.102160670086809
3432,2019,13,1254,250,520000,46.18,2009,990,990,2263.769653921244,Lesja,0.01036682615629984,0.10181761221075576,6.214612098398192,0.8874577837546597,-0.11939432636432384,1,13.16158409055761
3432,2020,17,1236,250,524000,46.94827586206897,1975,993,993,2263.769653921244,Lesja,0.013754045307443365,0.11727764197596814,6.214612098398192,0.8724385878125699,-0.13646301384403597,1,13.169246963303179
3432,2021,32,1275,250,536000,47,1980,998,998,2263.769653921244,Lesja,0.025098039215686273,0.1584236068762679,6.214612098398192,0.8746472930981714,-0.13393456749067728,1,13.19188944005294
3432,2022,62,1261,250,574000,47.81481481481482,1986,988,988,2263.769653921244,Lesja,0.04916732751784298,0.22173706843431248,6.214612098398192,0.8772977394408931,-0.13090884657414031,1,13.260384675301703
3432,2023,87,1261,250,632000,48.035714285714285,1966,985,985,2263.769653921244,Lesja,0.0689928628072958,0.2626649249658123,6.214612098398192,0.8684629182984873,-0.14103039047214633,1,13.356644673128994
5037,2016,135,10941,0,516361.6255769606,39.526595744680854,19610,5951,7068,837.0197336762943,Levanger,0.012338908692075679,0.11108064049183224,0,23.42836042093112,3.1539472723046553,0.8419637804187889,13.154562623762256
5037,2017,197,11258,0,525656.1348373459,39.44978165938865,19892,6014,7196,837.0197336762943,Levanger,0.017498667614141056,0.13228252951218109,0,23.765270040446804,3.1682252729488924,0.8357420789327404,13.172402541890587
5037,2018,322,11440,0,544000,39.410714285714285,20115,6049,7309,837.0197336762943,Levanger,0.028146853146853147,0.1677702391571674,0,24.031691477156016,3.179373437498152,0.827609796141743,13.206704525838079
5037,2019,433,11474,22,556000,39.65,20254,6068,7365,837.0197336762943,Levanger,0.03773749346348266,0.19426140497660016,3.7847057630994327,24.197756856988214,3.1862599370064935,0.8238968092328581,13.228523573232719
5037,2020,597,11479,22,562000,40.121212121212125,20164,6115,7454,837.0197336762943,Levanger,0.05200801463542121,0.228052657593419,3.7847057630994327,24.09023251033427,3.181806468316785,0.8203649047491279,13.239257128875828
5037,2021,881,11666,55,578000,40.617283950617285,20170,6151,7534,837.0197336762943,Levanger,0.07551860106291788,0.2748064792957362,4.700563000177195,24.097400800111203,3.182103984062521,0.816432174143881,13.267329147654515
5037,2022,1444,11794,105,603000,40.97945205479452,20171,6168,7628,837.0197336762943,Levanger,0.12243513651008987,0.3499073256022084,5.347130205683185,24.098595515074024,3.1821535614155962,0.8085998951232302,13.309672475709322
5037,2023,1862,11774,105,641000,41.20454545454545,20344,6191,7685,837.0197336762943,Levanger,0.1581450653983353,0.39767457223002745,5.347130205683185,24.305281203642156,3.190693660216219,0.8055953155497723,13.370784735902808
3312,2016,804,13934,0,441000,40.06752873563219,25731,5821,7656,307.82005583170695,Lier,0.05770058848858906,0.24020946794118891,0,83.59104454866252,4.425936391728964,0.7603187042842215,12.996800154428984
3312,2017,1074,14014,0,476000,40.5,25740,5849,7728,307.82005583170695,Lier,0.07663764806621949,0.2768350557032463,0,83.62028240964491,4.4262861032205505,0.7568581780538303,13.073173133213556
3312,2018,1418,14165,50,487000,40.66208791208791,25980,5920,7799,307.82005583170695,Lier,0.10010589481115426,0.3163951561120275,4.605270170991424,84.39995870250874,4.435566912295023,0.759071675855879,13.096019402064726
3312,2019,1802,14605,262.5,502000,40.78537170263789,26373,5982,7988,307.82005583170695,Lier,0.1233824032865457,0.3512583141884982,6.263401890689793,85.67667863207325,4.450580660589721,0.7488733099649474,13.126355398673866
3312,2020,2243,14598,302.9,508000,40.984029484029485,26811,6019,8139,307.82005583170695,Lier,0.15365118509384848,0.39198365411563846,6.406552623424861,87.09958786654973,4.467052152119934,0.7395257402629316,13.138236726560619
3312,2021,2837,14995,324.9,531000,41.293398533007334,27118,6055,8226,307.82005583170695,Lier,0.18919639879959987,0.4349671238146624,6.476666991547696,88.09692379117136,4.4784376150926875,0.7360807196693411,13.182517300224076
3312,2022,3619,15324,524.9,523000,41.45273631840796,27584,6099,8353,307.82005583170695,Lier,0.2361654920386322,0.48596861219489496,6.956355856192077,89.61079525981528,4.495475795533852,0.7301568298814797,13.16733674304706
3312,2023,4084,15298,674.9,574000,41.501315789473686,28167,6125,8450,307.82005583170695,Lier,0.26696300169956855,0.5166846249885597,7.207712261168313,91.50475892123032,4.51639098099709,0.7248520710059172,13.260384675301703
5042,2016,3,811,0,494310.5953032114,46.73809523809524,1375,687,697,2959.6691927008465,Lierne,0.0036991368680641184,0.060820529988352766,0,0.4645789480091333,-0.76662377174922,0.9856527977044476,13.11091933403035
5042,2017,3,797,0,503208.1860186692,46.55263157894737,1389,690,700,2959.6691927008465,Lierne,0.0037641154328732747,0.061352387344530246,0,0.46930920638886264,-0.756493439095548,0.9857142857142858,13.12875925215868
5042,2018,3,830,0,543000,46.833333333333336,1379,692,702,2959.6691927008465,Lierne,0.0036144578313253013,0.06012036120421518,0,0.4659304504033417,-0.7637189040565899,0.9857549857549858,13.204864598916073
5042,2019,3,825,0,533000,46.95652173913044,1386,697,707,2959.6691927008465,Lierne,0.0036363636363636364,0.06030226891555272,0,0.46829557959320633,-0.7586556021000432,0.9858557284299858,13.186276703147982
5042,2020,1,799,0,538000,48.09375,1355,697,707,2959.6691927008465,Lierne,0.0012515644555694619,0.03537745688386125,0,0.45782143603809133,-0.7812760485360906,0.9858557284299858,13.195613839143922
5042,2021,4,802,0,555000,48.72,1328,693,703,2959.6691927008465,Lierne,0.004987531172069825,0.07062245515464487,0,0.4486987948771847,-0.8014034518135126,0.9857752489331437,13.226723392728571
5042,2022,34,788,0,592000,49.63461538461539,1309,698,708,2959.6691927008465,Lierne,0.04314720812182741,0.2077190605645698,0,0.4422791585046949,-0.8158140159399918,0.9858757062146892,13.291261913866142
5042,2023,47,779,0,622000,50.42,1295,703,713,2959.6691927008465,Lierne,0.06033376123234917,0.24562931672003072,0,0.4375489001249655,-0.8265668077162537,0.9859747545582047,13.340695371721317
3405,2016,186,14245,7.2,490000,41.65745856353591,27476,6713,9461,478.2854089047056,Lillehammer,0.013057213057213057,0.11426816292044367,2.6720162214278513,57.44687061000091,4.050860531270683,0.7095444456188563,13.102160670086809
3405,2017,274,14381,10.8,499000,41.68296089385475,27781,6723,9596,478.2854089047056,Lillehammer,0.019052917043321047,0.13803230434692107,3.0748298034738086,58.08456516292165,4.0618999687175945,0.7006044185077116,13.120361374733656
3405,2018,396,14340,10.8,514000,41.83916083916084,27938,6764,9719,478.2854089047056,Lillehammer,0.027615062761506277,0.1661778046596665,3.0748298034738086,58.41282104753987,4.067535404224406,0.6959563741125631,13.149978544437301
3405,2019,595,14663,221.8,533000,41.99185667752443,28023,6775,9784,478.2854089047056,Lillehammer,0.04057832639978176,0.20144062748060967,6.094928337229941,58.59053920163253,4.070573236477869,0.6924570727718724,13.186276703147982
3405,2020,887,15327,221.8,536000,41.85398230088496,28345,6811,9988,478.2854089047056,Lillehammer,0.05787172962745482,0.24056543730855193,6.094928337229941,59.26377738537181,4.081998282695314,0.6819183019623548,13.19188944005294
3405,2021,1324,15315,236.6,554000,42.02861445783133,28493,6833,10157,478.2854089047056,Lillehammer,0.08645119164218087,0.2940258349910444,6.159522597990089,59.57321605367433,4.087206077990497,0.672738013192872,13.224919965729422
3405,2022,1859,15364,586.6,577000,42.375,28425,6834,10148,478.2854089047056,Lillehammer,0.12099713616245769,0.3478464261171267,7.067491063636418,59.4310415304002,4.084816674555647,0.673433188805676,13.265597545490236
3405,2023,2174,14968,616,623000,42.366559485530544,28560,6808,10209,478.2854089047056,Lillehammer,0.14524318546231962,0.38110783967575323,7.11639480293073,59.71329977513561,4.08955477239043,0.6668625722401802,13.34230179776959
4215,2016,327,5154,22,546000,39.83461538461538,10577,3459,3768,853.2097895022404,Lillesand,0.06344586728754366,0.25188463090777025,3.7847057630994327,12.396716645938374,2.517431650930952,0.9179936305732485,13.210374254727043
4215,2017,441,5332,22,558000,39.89051094890511,10702,3487,3851,853.2097895022404,Lillesand,0.08270817704426106,0.28759029372400774,3.7847057630994327,12.543222231713386,2.529180458474149,0.9054790963386133,13.232114241363448
4215,2018,542,5399,44,572000,40.24125874125874,10871,3519,3951,853.2097895022404,Lillesand,0.10038896091868865,0.31684217036039986,4.477465921704087,12.741297783681201,2.5448485118068995,0.8906605922551253,13.256894270361935
4215,2019,688,5590,44,593000,40.55,10990,3543,4013,853.2097895022404,Lillesand,0.12307692307692308,0.35082320772281167,4.477465921704087,12.880771101339013,2.5557355870005662,0.8828806379267381,13.292949677979863
4215,2020,844,5586,44,598000,40.97202797202797,11074,3572,4042,853.2097895022404,Lillesand,0.1510920157536699,0.3887055643461641,4.477465921704087,12.97922285497982,2.563349836985812,0.8837209302325582,13.301346032932768
4215,2021,1079,5787,244,614000,41.46527777777778,11180,3584,4054,853.2097895022404,Lillesand,0.1864523932953171,0.4318013354487421,6.190319604966715,13.10345959171703,2.5728762863119896,0.8840651208682783,13.327750207129279
4215,2022,1334,5873,244,628000,41.8046357615894,11279,3606,4097,853.2097895022404,Lillesand,0.22714115443555252,0.4765932798892075,6.190319604966715,13.21949201565084,2.5816924082428163,0.8801562118623383,13.350295445450335
4215,2023,1508,5901,444,676000,42.08653846153846,11419,3624,4114,853.2097895022404,Lillesand,0.2555499067954584,0.5055194425494023,6.7889730111498094,13.383578271718852,2.5940284533045475,0.8808945065629558,13.423948355025102
3205,2016,1846,40385,73.6,545000,39.16512605042017,81339,14135,21696,456.7424401249818,Lillestrøm,0.045710040856753745,0.21379906654790087,4.991838354447064,178.08504937212012,5.182261241640752,0.651502581120944,13.208541073645382
3205,2017,2671,41243,73.6,555000,39.235758106923754,82496,14215,21869,456.7424401249818,Lillestrøm,0.0647625051523895,0.25448478373448874,4.991838354447064,180.618205694715,5.196385442628225,0.6500068590241895,13.226723392728571
3205,2018,3790,41508,138.4,570000,39.29213002566296,83821,14270,22401,456.7424401249818,Lillestrøm,0.0913076997205358,0.3021716395040008,5.623308275210411,183.51918419725448,5.212319208064153,0.6370251328065711,13.253391639810733
3205,2019,5219,42458,285.4,583000,39.28983739837398,85757,14332,22892,456.7424401249818,Lillestrøm,0.12292147534033633,0.3506015906129582,6.347041954837184,187.75789693756877,5.23515335067885,0.6260702428796086,13.27594246533263
3205,2020,6486,41732,368.4,587000,39.47137096774193,85983,14136,22845,456.7424401249818,Lillestrøm,0.15542030096808204,0.39423381509972233,6.602318326983256,188.2527053463038,5.237785237606243,0.6187787261982929,13.282780098810234
3205,2021,8551,43083,375.8,599000,39.75039556962025,86953,14195,23460,456.7424401249818,Lillestrøm,0.19847735765847319,0.4455079770985848,6.622206037751406,190.37644055193647,5.249003378104288,0.605072463768116,13.303016877097587
3205,2022,10858,44012,525.8,624000,39.81870669745958,89095,14282,24545,456.7424401249818,Lillestrøm,0.2467054439698264,0.4966945177569674,6.958068997126003,195.0661733462305,5.273338851490881,0.581870034630271,13.343905647351566
3205,2023,12478,44292,600.8,666000,39.701959306706854,91515,14328,25379,456.7424401249818,Lillestrøm,0.2817213040729703,0.5307742496325253,7.09140997360544,200.36456427162338,5.300138528583428,0.5645612514283462,13.409044949522526
4205,2016,395,11453,50,490333.3333333333,40.11073825503356,22762,7740,8371,2301.6921754380164,Lindesnes,0.03448878023225356,0.18571155115461602,4.605270170991424,9.889245939530705,2.2914478979887836,0.9246207143710429,13.102840710915466
4205,2017,528,11658,50,500000,40.391666666666666,22859,7767,8444,2301.6921754380164,Lindesnes,0.04529078744209985,0.21281632325106045,4.605270170991424,9.931388846838257,2.2957003320069966,0.919824727617243,13.122363377404328
4205,2018,676,11810,50,518666.6666666667,40.792338709677416,22905,7793,8513,2301.6921754380164,Lindesnes,0.057239627434377646,0.23924804583188897,4.605270170991424,9.951374143087198,2.297710646467791,0.9154234699870786,13.159016695052363
4205,2019,879,12031,50,535666.6666666666,41.03012048192771,22909,7817,8537,2301.6921754380164,Lindesnes,0.07306125841575929,0.27029846173398636,4.605270170991424,9.953111994934932,2.297885265580297,0.9156612393112334,13.19126735605154
4205,2020,1138,12190,50,527000,41.25085910652921,23046,7845,8590,2301.6921754380164,Lindesnes,0.0933552091878589,0.30554084700389716,4.605270170991424,10.012633420719824,2.3038476377209083,0.9132712456344587,13.1749558275235
4205,2021,1599,12507,50,554000,41.84241245136187,23055,7845,8582,2301.6921754380164,Lindesnes,0.12784840489325977,0.35755895303188784,4.605270170991424,10.016543587377226,2.304238084787755,0.9141225821486832,13.224919965729422
4205,2022,2074,12705,122,573000,42.05916030534351,23147,7863,8655,2301.6921754380164,Lindesnes,0.16324281778827232,0.40403318896876816,5.497185021430095,10.056514179875109,2.3082206016310374,0.9084922010398614,13.258640995696876
4205,2023,2375,12707,194,619000,42.272881355932206,23479,7911,8699,2301.6921754380164,Lindesnes,0.18690485559140632,0.4323249421342774,5.961011982133345,10.200755883237036,2.3224618237442063,0.9094148752730199,13.335860551666734
5415,2016,6,588,0,489000,43.541666666666664,1051,456,456,324.4071435574555,Loabák - Lavangen,0.01020408163265306,0.10101525445522107,0,3.23975603149398,1.175498028047521,1,13.10011776845701
5415,2017,7,594,33,512000,43.733333333333334,1076,461,461,324.4071435574555,Loabák - Lavangen,0.011784511784511785,0.10855649121315493,4.1898842314256335,3.3168196859063013,1.1990063978922993,1,13.146079904021645
5415,2018,10,605,33,521000,44.7,1061,458,458,324.4071435574555,Loabák - Lavangen,0.01652892561983471,0.128564869306645,4.1898842314256335,3.2705814932589083,1.1849677957845528,1,13.163505320735505
5415,2019,11,619,33,554000,45.93333333333333,1042,459,465,324.4071435574555,Loabák - Lavangen,0.017770597738287562,0.13330640546608238,4.1898842314256335,3.2120131159055445,1.166897879483882,0.9870967741935484,13.224919965729422
5415,2020,13,618,33,547000,46.57142857142857,1034,458,464,324.4071435574555,Loabák - Lavangen,0.021035598705501618,0.14503654265564117,4.1898842314256335,3.187352746493602,1.1591907122389442,0.9870689655172413,13.212204081404119
5415,2021,17,597,33,544000,47.214285714285715,1020,460,466,324.4071435574555,Loabák - Lavangen,0.02847571189279732,0.1687474796635414,4.1898842314256335,3.144197100022702,1.1455585634488865,0.9871244635193133,13.206704525838079
5415,2022,29,594,33,547000,48.42857142857143,970,460,466,324.4071435574555,Loabák - Lavangen,0.04882154882154882,0.22095598842653896,4.1898842314256335,2.9900697911980596,1.0952967286679982,0.9871244635193133,13.212204081404119
5415,2023,36,568,33,575000,48.70454545454545,983,461,467,324.4071435574555,Loabák - Lavangen,0.06338028169014084,0.25175440748900674,4.1898842314256335,3.0301428914924666,1.1086097773177361,0.987152034261242,13.262125319779487
3434,2016,1,1504,200,500000,45.7,2347,1051,1051,1972.7133092227,Lom,6.648936170212766e-4,0.025785531156469834,5.991470797049389,1.1897319235529356,0.17372800742010155,1,13.122363377404328
3434,2017,2,1534,200,499000,45.81481481481482,2360,1065,1065,1972.7133092227,Lom,0.001303780964797914,0.036107907233705945,5.991470797049389,1.1963218319492663,0.17925170958873385,1,13.120361374733656
3434,2018,7,1571,200,511000,46.42592592592592,2331,1066,1066,1972.7133092227,Lom,0.004455760661998727,0.0667514843430371,5.991470797049389,1.181621267065144,0.16688745060483526,1,13.144124869185841
3434,2019,13,1559,200,512000,46.84722222222222,2293,1072,1072,1972.7133092227,Lom,0.008338678640153944,0.09131636567534838,5.991470797049389,1.1623584579066388,0.1504510944269825,1,13.146079904021645
3434,2020,16,1555,200,509000,48.111111111111114,2228,1073,1073,1972.7133092227,Lom,0.010289389067524116,0.10143662586819475,5.991470797049389,1.1294089159249854,0.12169441261625277,1,13.14020329553266
3434,2021,29,1595,237,531000,48.64705882352941,2204,1072,1072,1972.7133092227,Lom,0.01818181818181818,0.13483997249264842,6.161211772519035,1.1172429311932979,0.11086398184188319,1,13.182517300224076
3434,2022,56,1603,244.4,563000,49.338235294117645,2211,1077,1077,1972.7133092227,Lom,0.034934497816593885,0.1869077254063991,6.191957593237234,1.1207913434067067,0.11403499242652439,1,13.241034907121827
3434,2023,78,1573,259.2,599000,49.38461538461539,2212,1080,1080,1972.7133092227,Lom,0.049586776859504134,0.22268088570756164,6.250750866105925,1.1212982594371936,0.11448717421130346,1,13.303016877097587
5432,2016,2,381,0,409000,51.55882352941177,951,580,601,2810.275405633762,Loppa,0.005249343832020997,0.07245235560022184,0,0.3384009973163233,-1.0835237041021561,0.9650582362728786,12.921470435024938
5432,2017,2,398,0,403000,50.61538461538461,968,582,603,2810.275405633762,Loppa,0.005025125628140704,0.0708881205008336,0,0.34445022650073703,-1.0658056793709694,0.9651741293532339,12.90669184092882
5432,2018,3,393,0,433000,50.72222222222222,941,580,601,2810.275405633762,Loppa,0.007633587786259542,0.0873704056661038,0,0.3348426272078446,-1.0940946270621668,0.9650582362728786,12.978493006984626
5432,2019,2,392,0,436000,50.11538461538461,917,579,600,2810.275405633762,Loppa,0.00510204081632653,0.07142857142857142,0,0.3263025389474957,-1.1199302943910816,0.965,12.985397522331171
5432,2020,2,372,0,454000,51.166666666666664,888,580,601,2810.275405633762,Loppa,0.005376344086021506,0.07332355751067665,0,0.3159832656329075,-1.1520660236553764,0.9650582362728786,13.025852477023484
5432,2021,9,400,0,474000,52.09090909090909,860,578,599,2810.275405633762,Loppa,0.0225,0.15,0,0.3060198293291672,-1.184105377399993,0.9649415692821369,13.068962600677214
5432,2022,9,408,0,474000,52.5,859,577,598,2810.275405633762,Loppa,0.022058823529411766,0.14852213144650114,0,0.3056639923183193,-1.185268844663291,0.9648829431438127,13.068962600677214
5432,2023,17,414,0,517000,51.13333333333333,862,575,596,2810.275405633762,Loppa,0.04106280193236715,0.20263958629144294,0,0.3067315033508629,-1.1817824959838534,0.964765100671141,13.155798153490567
1112,2016,9,1624,0,511000,38.564516129032256,3243,1289,1305,410.5426947314005,Lund,0.005541871921182266,0.07444375004781977,0,7.899300222895814,2.066774176169314,0.9877394636015325,13.144124869185841
1112,2017,14,1653,0,533000,38.723684210526315,3259,1284,1317,410.5426947314005,Lund,0.008469449485783424,0.09202961200495971,0,7.938273026955738,2.0716957486995575,0.9749430523917996,13.186276703147982
1112,2018,18,1631,0,548000,39.5,3237,1281,1318,410.5426947314005,Lund,0.011036174126302882,0.10505319664961596,0,7.884685421373343,2.0649223237882404,0.9719271623672231,13.214030565930152
1112,2019,36,1654,0,562000,39.7972972972973,3213,1282,1310,410.5426947314005,Lund,0.02176541717049577,0.14753107188147102,0,7.826226215283457,2.0574804289778545,0.9786259541984733,13.239257128875828
1112,2020,52,1641,0,572000,40.24390243902439,3202,1276,1304,410.5426947314005,Lund,0.031687995124923825,0.17801122190728264,0,7.7994324124922585,2.054050963418656,0.9785276073619632,13.256894270361935
1112,2021,81,1712,150,594000,41.07142857142857,3174,1289,1317,410.5426947314005,Lund,0.04731308411214953,0.2175157100352743,5.703793585582131,7.731230005387392,2.0452679709483506,0.9787395596051632,13.294634598344782
1112,2022,153,1727,150,630000,41.357142857142854,3178,1291,1319,410.5426947314005,Lund,0.08859293572669369,0.2976456546410407,5.703793585582131,7.740973206402373,2.046527416958657,0.9787717968157695,13.353475098367715
1112,2023,193,1736,150,656000,41.52941176470589,3206,1303,1331,410.5426947314005,Lund,0.11117511520737328,0.3334293256559376,5.703793585582131,7.809175613507239,2.055299403031494,0.9789631855747558,13.393916067926225
3234,2016,152,5247,0,526000,42.031007751937985,9044,3153,3216,292.023208625455,Lunner,0.028968934629311986,0.17020262815042542,0,30.97014118353761,3.433023552694049,0.980410447761194,13.173056491719846
3234,2017,261,5370,0,535000,42.375,9080,3166,3245,292.023208625455,Lunner,0.04860335195530726,0.2204616791084275,0,31.09341905644864,3.4369961908915276,0.9756548536209553,13.190022025878143
3234,2018,398,5412,0,548000,42.583333333333336,9065,3175,3292,292.023208625455,Lunner,0.07354028085735403,0.2711831131493147,0,31.042053276069044,3.43534284248514,0.9644592952612394,13.214030565930152
3234,2019,503,5460,0,555000,42.98062015503876,9051,3168,3285,292.023208625455,Lunner,0.09212454212454213,0.303520249941486,0,30.994111881048088,3.4337972471233593,0.9643835616438357,13.226723392728571
3234,2020,660,5426,0,553000,43.33076923076923,9048,3170,3287,292.023208625455,Lunner,0.12163656468853667,0.3487643397604415,0,30.98383872497217,3.433465737092145,0.9644052327350168,13.223113280504473
3234,2021,851,5505,0,575000,43.83050847457627,9062,3180,3297,292.023208625455,Lunner,0.15458673932788375,0.3931752018221441,0,31.031780119993126,3.4350118445232725,0.9645131938125568,13.262125319779487
3234,2022,1069,5490,0,600000,44,9144,3189,3342,292.023208625455,Lunner,0.1947176684881603,0.44126825003410375,0,31.31257971940158,3.4440199247708354,0.9542190305206463,13.304684934198283
3234,2023,1167,5398,0,640000,43.97586206896552,9307,3192,3361,292.023208625455,Lunner,0.21619118191922934,0.4649636350503438,0,31.870754532859856,3.4616888034818993,0.9497173460279679,13.369223455335854
1834,2016,1,760,0,475000,45.369565217391305,1923,856,856,1336.9858063203503,Lurøy,0.0013157894736842105,0.03627381250550058,0,1.4383099587964039,0.3634687846087443,1,13.071070083016778
1834,2017,1,795,0,488000,45.15,1920,862,862,1336.9858063203503,Lurøy,0.0012578616352201257,0.03546634510659543,0,1.43606610550655,0.3619075040417919,1,13.098070684835283
1834,2018,5,804,0,497000,45.458333333333336,1920,868,868,1336.9858063203503,Lurøy,0.006218905472636816,0.07886003723456397,0,1.43606610550655,0.3619075040417919,1,13.116345305078767
1834,2019,10,817,0,520000,45.90909090909091,1904,865,865,1336.9858063203503,Lurøy,0.012239902080783354,0.11063409095203591,0,1.424098887960662,0.3535392543712752,1,13.16158409055761
1834,2020,13,842,0,523000,46.36363636363637,1890,861,861,1336.9858063203503,Lurøy,0.015439429928741092,0.12425550260950656,0,1.41362757260801,0.34615914707365264,1,13.16733674304706
1834,2021,27,846,11,542000,46.5,1876,859,859,1336.9858063203503,Lurøy,0.031914893617021274,0.1786474002526241,3.093102195050827,1.4031562572553582,0.3387241685861346,1,13.203021280421783
1834,2022,46,854,11,552000,47.11363636363637,1869,856,856,1336.9858063203503,Lurøy,0.053864168618266976,0.23208655415225368,3.093102195050827,1.3979205995790323,0.3349858464755275,1,13.221303325259232
1834,2023,69,830,11,591000,47.81818181818182,1852,857,857,1336.9858063203503,Lurøy,0.08313253012048193,0.2883271234561222,3.093102195050827,1.3852054309365263,0.32584845422608927,1,13.289571296388235
4644,2016,34,2941,7.4,511000,42.05223880597015,5093,2416,2454,2814.883299164908,Luster,0.011560693641618497,0.10752066611409407,2.6991616063975625,1.8093112426760078,0.592946243949954,0.9845150774246129,13.144124869185841
4644,2017,61,3023,7.4,519000,42.08490566037736,5151,2421,2484,2814.883299164908,Luster,0.020178630499503806,0.14205150650205653,2.6991616063975625,1.8299160045207374,0.6042700666309345,0.9746376811594203,13.159659162148026
4644,2018,81,3050,57.4,538000,41.94444444444444,5223,2407,2475,2814.883299164908,Luster,0.026557377049180327,0.16296434287653336,4.743267353311623,1.8554943295693676,0.6181511455016481,0.9725252525252526,13.195613839143922
4644,2019,121,3073,57.4,564000,42.44915254237288,5195,2397,2482,2814.883299164908,Luster,0.039375203384315,0.19843186080948544,4.743267353311623,1.845547203161567,0.6127758205986771,0.9657534246575342,13.242809530480196
4644,2020,152,3068,57.4,561000,42.96,5174,2377,2476,2814.883299164908,Luster,0.04954367666232073,0.22258408896936172,4.743267353311623,1.8380868583557166,0.6087252798113238,0.960016155088853,13.237476184504834
4644,2021,212,3163,57.4,586000,43.05102040816327,5189,2291,2398,2814.883299164908,Luster,0.06702497628833386,0.25889182352545215,4.743267353311623,1.843415676074181,0.611620196433089,0.9553794829024187,13.281075068559149
4644,2022,325,3166,129.4,610000,42.98076923076923,5246,2287,2402,2814.883299164908,Luster,0.10265319014529374,0.320395365361757,5.556070492692827,1.8636651834043465,0.6225450774921684,0.9521232306411324,13.321214236149494
4644,2023,397,3154,155.2,660000,42.76923076923077,5302,2332,2448,2814.883299164908,Luster,0.1258719086873811,0.35478431291050777,5.737872167172882,1.8835594362199477,0.6331633039143203,0.9526143790849673,13.399995114002609
4225,2016,97,5659,50,515500,36.61742424242424,10247,3516,3740,881.9766551106029,Lyngdal,0.01714083760381693,0.13092302167234351,4.605270170991424,11.618221344775833,2.452574671271782,0.9401069518716577,13.152892582439152
4225,2017,150,5716,50,537500,36.80555555555556,10353,3543,3773,881.9766551106029,Lyngdal,0.026242127361791462,0.16199422014933576,4.605270170991424,11.738405931732624,2.462866024238177,0.9390405512854493,13.194684038983954
4225,2018,208,5742,50,540000,37.15289256198347,10357,3570,3800,881.9766551106029,Lyngdal,0.03622431208638105,0.1903268559252242,4.605270170991424,11.742941199164957,2.463252311060943,0.9394736842105263,13.199324418540456
4225,2019,275,5858,72,550000,37.475,10389,3593,3853,881.9766551106029,Lyngdal,0.04694434960737453,0.2166664478117794,4.969861521396496,11.77922333862361,2.4663372455425954,0.9325201141967299,13.217673557208654
4225,2020,350,5976,72,545000,37.82462686567164,10365,3601,3861,881.9766551106029,Lyngdal,0.05856760374832664,0.24200744564646484,4.969861521396496,11.752011734029619,2.4640244373419438,0.9326599326599326,13.208541073645382
4225,2021,524,6127,72,566000,38.25581395348837,10464,3630,3891,881.9766551106029,Lyngdal,0.08552309449975518,0.29244331843924076,4.969861521396496,11.86425960297983,2.473530486169044,0.9329221279876638,13.24634935718532
4225,2022,703,6131,72,589000,38.92253521126761,10480,3656,3918,881.9766551106029,Lyngdal,0.11466318708204208,0.33861953145387536,4.969861521396496,11.882400672709156,2.475058370347097,0.933129147524247,13.286181462633724
4225,2023,845,6194,72,628000,39.096666666666664,10751,3683,3945,881.9766551106029,Lyngdal,0.13642234420406846,0.3693539551758834,4.969861521396496,12.189665041249633,2.500588464957292,0.9335868187579214,13.350295445450335
5424,2016,9,1625,0,476000,46.94565217391305,2861,1514,1520,1299.8472826626091,Lyngen,0.005538461538461538,0.07442084075352508,0,2.20102779623428,0.7889244313761118,0.9960526315789474,13.073173133213556
5424,2017,8,1686,0,490000,47.108695652173914,2876,1512,1518,1299.8472826626091,Lyngen,0.004744958481613286,0.06888365903182907,0,2.2125676134113212,0.7941536571669389,0.9960474308300395,13.102160670086809
5424,2018,13,1718,0,505000,47.56666666666667,2877,1511,1517,1299.8472826626091,Lyngen,0.007566938300349243,0.0869881503444535,0,2.213336934556457,0.7945013018775494,0.996044825313118,13.132313708257497
5424,2019,19,1738,0,512000,48.09782608695652,2847,1521,1527,1299.8472826626091,Lyngen,0.01093210586881473,0.10455671125668944,0,2.1902573002023753,0.7840190256040391,0.9960707269155207,13.146079904021645
5424,2020,27,1712,0,525000,48.92156862745098,2794,1529,1545,1299.8472826626091,Lyngen,0.015771028037383176,0.1255827537418382,0,2.149483279510164,0.7652274781429087,0.9896440129449838,13.17115354157376
5424,2021,40,1733,0,540000,49.63725490196079,2773,1527,1547,1299.8472826626091,Lyngen,0.02308136180034622,0.15192551398743473,0,2.1333275354623065,0.7576829839417796,0.9870717517776342,13.199324418540456
5424,2022,78,1714,22,558000,50.55,2729,1528,1548,1299.8472826626091,Lyngen,0.045507584597432905,0.21332506790678143,3.7847057630994327,2.09947740507632,0.7416884590343401,0.9870801033591732,13.232114241363448
5424,2023,112,1708,44,596000,51.244897959183675,2714,1533,1553,1299.8472826626091,Lyngen,0.06557377049180328,0.25607375986579195,4.477465921704087,2.0879375878992787,0.736176778720816,0.9871216999356085,13.297995946047488
4642,2016,11,1236,33,521000,45.904761904761905,2172,1061,1063,1410.507094767198,Lærdal,0.00889967637540453,0.09433809609804795,4.1898842314256335,1.5398717298607316,0.43169912065831545,0.9981185324553151,13.163505320735505
4642,2017,20,1241,33,524000,45.77272727272727,2159,1066,1068,1410.507094767198,Lærdal,0.016116035455278,0.12694894822438665,4.1898842314256335,1.530655186357882,0.4256958701192967,0.99812734082397,13.169246963303179
4642,2018,15,1261,33,544000,46.01470588235294,2153,1067,1069,1410.507094767198,Lærdal,0.011895321173671689,0.10906567367266241,4.1898842314256335,1.5264013970488743,0.4229129369688524,0.9981290926099158,13.206704525838079
4642,2019,34,1274,33,552000,46.1551724137931,2151,1072,1074,1410.507094767198,Lærdal,0.026687598116169546,0.1633633928276759,4.1898842314256335,1.5249834672792053,0.42198356887221955,0.9981378026070763,13.221303325259232
4642,2020,49,1287,40.4,570000,46.7037037037037,2126,1074,1090,1410.507094767198,Lærdal,0.03807303807303807,0.19512313566832118,4.392130101604592,1.5072593451583405,0.4102929985063827,0.9853211009174312,13.253391639810733
4642,2021,75,1293,55.2,576000,47.01851851851852,2129,1073,1089,1410.507094767198,Lærdal,0.058004640371229696,0.240841525429544,4.704192170586209,1.5093862398128441,0.4117031044979688,0.9853076216712581,13.263862939678027
4642,2022,119,1303,55.2,621000,47.293103448275865,2117,1073,1089,1410.507094767198,Lærdal,0.09132770529547199,0.30220474068993686,4.704192170586209,1.500878661194829,0.4060507107393545,0.9853076216712581,13.339086360915616
4642,2023,149,1314,105.2,661000,47.17741935483871,2129,1076,1092,1410.507094767198,Lærdal,0.11339421613394216,0.33674057690445053,5.349033069697545,1.5093862398128441,0.4117031044979688,0.9853479853479854,13.401509118833824
1851,2016,7,1078,0,449000,49,2144,998,1046,1043.1152738521866,Lødingen,0.006493506493506494,0.08058229640253803,0,2.055381656988193,0.7204615518662956,0.9541108986615678,13.01477816672439
1851,2017,7,1069,0,459000,49.5625,2134,1000,1048,1043.1152738521866,Lødingen,0.006548175865294668,0.08092079995461407,0,2.045794988811942,0.7157864615373016,0.9541984732824428,13.036805489042683
1851,2018,10,1078,0,467000,50.59375,2102,1006,1058,1043.1152738521866,Lødingen,0.00927643784786642,0.09631426606617745,0,2.015117650647939,0.7006775811124994,0.9508506616257089,13.054084536651034
1851,2019,14,1093,0,487000,51.05,2077,994,1046,1043.1152738521866,Lødingen,0.012808783165599268,0.1131758948080344,0,1.991150980207312,0.6887128535517153,0.9502868068833652,13.096019402064726
1851,2020,16,1062,0,505000,51.90625,2034,995,1047,1043.1152738521866,Lødingen,0.015065913370998116,0.12274328238644311,0,1.949928307049433,0.6677926062841083,0.9503342884431709,13.132313708257497
1851,2021,29,1087,0,523000,52.89393939393939,2003,994,1046,1043.1152738521866,Lødingen,0.02667893284268629,0.16333686920804588,0,1.9202096357030551,0.6524343653414212,0.9502868068833652,13.16733674304706
1851,2022,65,1067,11,535000,53.96969696969697,1976,981,1033,1043.1152738521866,Lødingen,0.06091846298031865,0.24681665863615984,3.093102195050827,1.8943256316271777,0.638862907983416,0.9496611810261375,13.190022025878143
1851,2023,99,1086,11,557000,53.97826086956522,1985,978,1030,1043.1152738521866,Lødingen,0.09116022099447514,0.30192750950265385,3.093102195050827,1.9029536329858037,0.6434072227968938,0.9495145631067962,13.230320518909421
3222,2016,1038,17267,14.6,556000,39.954070981210855,36368,5012,10370,70.57742586169847,Lørenskog,0.060114669600972954,0.24518293089237056,3.375339479269934,515.2922419027537,6.244734199724538,0.4833172613307618,13.228523573232719
3222,2017,1552,17852,14.6,565000,39.75096525096525,37406,5019,10368,70.57742586169847,Lørenskog,0.08693703786690567,0.2948508739463149,3.375339479269934,529.9994940776069,6.2728760519751585,0.48408564814814814,13.244581010128577
3222,2018,2200,18008,14.6,582000,39.66131907308378,38670,5064,10979,70.57742586169847,Lørenskog,0.12216792536650378,0.34952528573266883,3.375339479269934,547.9089032770427,6.306109038233556,0.46124419346024226,13.274225726713574
3222,2019,2991,18564,29.4,598000,39.332142857142856,40106,5089,11663,70.57742586169847,Lørenskog,0.16111829347123466,0.4013954327981755,4.074430960841815,568.2553523358954,6.342570881669192,0.4363371345279945,13.301346032932768
3222,2020,3852,18898,186.8,602000,39.18301886792453,41460,5113,11945,70.57742586169847,Lørenskog,0.2038310932373796,0.45147656997609475,5.923192870783927,587.4399568106074,6.375774039621984,0.42804520719966516,13.308012724290958
3222,2021,5108,19719,186.8,626000,39.10016977928693,42740,5138,12755,70.57742586169847,Lørenskog,0.25903950504589485,0.5089592371161907,5.923192870783927,605.5760673923146,6.406180182505352,0.4028224225793806,13.347105650082236
3222,2022,6472,20756,216.2,652000,38.63533834586466,44693,5155,13594,70.57742586169847,Lørenskog,0.3118134515320871,0.5584025891165684,6.069356434180634,633.2478048658099,6.450861822418311,0.3792114168015301,13.38779984090879
3222,2023,7332,20638,516.2,701000,38.366760168302946,46797,5193,13862,70.57742586169847,Lørenskog,0.3552669832348096,0.5960427696355435,6.939642406061673,663.059036634491,6.496864030919192,0.3746212667724715,13.460263166016727
3412,2016,40,4670,22,490000,43,7588,2864,3042,369.49698209643566,Løten,0.008565310492505354,0.09254896267654951,3.7847057630994327,20.536026997967724,3.02218075823333,0.9414858645627876,13.102160670086809
3412,2017,70,4787,22,504000,43.09139784946237,7633,2888,3066,369.49698209643566,Løten,0.014622937121370378,0.12092533697025772,3.7847057630994327,20.657814190232955,3.0280936589768954,0.9419439008480104,13.130331547053506
3412,2018,113,4837,22,518000,43.57368421052632,7615,2911,3093,369.49698209643566,Løten,0.02336158776100889,0.15284497950868026,3.7847057630994327,20.609099313326862,3.0257326925076873,0.9411574523116715,13.15773052124162
3412,2019,168,4905,22,529000,43.5,7663,2933,3119,369.49698209643566,Løten,0.03425076452599388,0.18506962075390407,3.7847057630994327,20.739005651743106,3.0320162581488295,0.9403655017633857,13.178743710840436
3412,2020,256,4839,22,539000,43.608695652173914,7674,2927,3125,369.49698209643566,Løten,0.05290349245711924,0.2300075921727786,3.7847057630994327,20.768775854296827,3.0334506979853226,0.93664,13.197470849891134
3412,2021,357,4887,22,562000,43.813131313131315,7625,2922,3088,369.49698209643566,Løten,0.07305095150399017,0.2702793952634758,3.7847057630994327,20.636163133830244,3.0270450286540376,0.9462435233160622,13.239257128875828
3412,2022,738,5587,22,582000,44.070093457943926,7715,2923,3150,369.49698209643566,Løten,0.13209235725792018,0.3634451227598469,3.7847057630994327,20.879737518360702,3.0387791919756864,0.927936507936508,13.274225726713574
3412,2023,730,5629,22,626000,43.94252873563218,7836,2942,3188,369.49698209643566,Løten,0.12968555693728903,0.3601188094744414,3.7847057630994327,21.207209746451646,3.0543412062428565,0.9228356336260979,13.347105650082236
5031,2016,703,7238,0,594459.0244631558,37.99509803921568,13738,3918,4451,232.783563285303,Malvik,0.0971262779773418,0.3116508911865034,0,59.01619429702819,4.0778118858537304,0.88025162884745,13.295407068369466
5031,2017,848,7411,0,605159.2869034925,38.233830845771145,13820,3946,4543,232.783563285303,Malvik,0.11442450411550398,0.33826691253432395,0,59.36845284502327,4.083762988401564,0.8685890380805635,13.313246986497797
5031,2018,1126,7469,0,629000,38.4954128440367,13958,3988,4586,232.783563285303,Malvik,0.15075646003481055,0.3882736921744899,0,59.96127820628327,4.093698990657,0.8696031399912778,13.351886535682578
5031,2019,1371,7589,0,646000,38.83157894736842,14040,4015,4664,232.783563285303,Malvik,0.18065621293978126,0.42503671951936256,0,60.31353675427834,4.099556568659705,0.8608490566037735,13.37855478276474
5031,2020,1678,7702,0,647000,39.016304347826086,14148,4040,4723,232.783563285303,Malvik,0.2178654894832511,0.4667606340333888,0,60.77748703700356,4.107219441405275,0.8553885242430659,13.380101573483037
5031,2021,2080,7965,0,668000,39.04830917874396,14334,4065,4757,232.783563285303,Malvik,0.26114249843063403,0.5110210352134578,0,61.57651252391921,4.120280507633768,0.8545301660710531,13.412043452518782
5031,2022,2595,8084,75,699000,39.33762886597938,14425,4088,4821,232.783563285303,Malvik,0.3210044532409698,0.5665725489652405,5.01067973557803,61.967433595474716,4.1266089824562036,0.8479568554241859,13.457406021215947
5031,2023,2934,8060,75,746000,39.435,14662,4101,4923,232.783563285303,Malvik,0.3640198511166253,0.6033405763883491,5.01067973557803,62.9855467158995,4.142905282863435,0.8330286410725167,13.522480879185897
3122,2016,28,2248,0,459000,46.55769230769231,3610,1372,1447,412.9348863305333,Marker,0.012455516014234875,0.1116042831357062,0,8.742298409513356,2.1681731310121988,0.9481686247408431,13.036805489042683
3122,2017,54,2300,0,477000,47.09649122807018,3597,1381,1456,412.9348863305333,Marker,0.023478260869565216,0.15322617553657475,0,8.710816448481868,2.164565523380896,0.948489010989011,13.075271769870477
3122,2018,93,2334,0,496000,47.75961538461539,3567,1391,1466,412.9348863305333,Marker,0.03984575835475578,0.1996140234421314,0,8.638165769178434,2.1561902650441636,0.9488403819918144,13.114331205707064
3122,2019,124,2343,0,516000,48.25490196078432,3592,1402,1477,412.9348863305333,Marker,0.052923602219376864,0.2300513034507235,0,8.698708001931296,2.163174509107362,0.949221394719025,13.1538620444637
3122,2020,168,2339,0,513000,48.54878048780488,3595,1410,1485,412.9348863305333,Marker,0.07182556648140231,0.2680029225239947,0,8.70597306986164,2.1640093498404194,0.9494949494949495,13.148031124152906
3122,2021,218,2382,0,525000,48.71296296296296,3601,1425,1500,412.9348863305333,Marker,0.09151973131821999,0.3025222823499452,0,8.720503205722327,2.165676943334147,0.95,13.17115354157376
3122,2022,315,2393,150,543000,49.125,3578,1435,1510,412.9348863305333,Marker,0.1316339323025491,0.36281390863988267,5.703793585582131,8.664804351589693,2.1592693437539365,0.9503311258278145,13.204864598916073
3122,2023,340,2394,150,577000,49.275510204081634,3639,1446,1521,412.9348863305333,Marker,0.14202172096908938,0.37685769325978924,5.703793585582131,8.812527399506678,2.1761742772974317,0.9506903353057199,13.265597545490236
4634,2016,11,955,0,555000,46.02941176470589,1701,797,799,645.4159105180988,Masfjorden,0.011518324607329843,0.10732345786140997,0,2.6355098662419794,0.9690766609001144,0.9974968710888611,13.226723392728571
4634,2017,14,983,0,561000,45.31818181818182,1710,799,801,645.4159105180988,Masfjorden,0.014242115971515769,0.11934033673287406,0,2.6494543628887626,0.9743537180009583,0.9975031210986267,13.237476184504834
4634,2018,26,974,0,591000,45.18181818181818,1730,811,813,645.4159105180988,Masfjorden,0.026694045174537988,0.1633831238975984,0,2.680442133214947,0.9859817559960773,0.997539975399754,13.289571296388235
4634,2019,39,1006,0,608000,45.61764705882353,1711,812,814,645.4159105180988,Masfjorden,0.03876739562624255,0.1968943768273806,0,2.6510037514050717,0.9749383423964462,0.9975429975429976,13.317930160948304
4634,2020,62,996,0,601000,46.361111111111114,1691,822,824,645.4159105180988,Masfjorden,0.06224899598393574,0.24949748692909862,0,2.6200159810788874,0.963180417402833,0.9975728155339806,13.306350213517344
4634,2021,79,1012,0,629000,47.25,1660,829,831,645.4159105180988,Masfjorden,0.07806324110671936,0.27939799767843604,0,2.5719849370733017,0.9446779498548417,0.9975932611311673,13.351886535682578
4634,2022,105,1018,0,659000,48.43333333333333,1629,834,836,645.4159105180988,Masfjorden,0.1031434184675835,0.3211594907014014,0,2.523953893067716,0.9258266771062978,0.9976076555023924,13.398478813484644
4634,2023,134,1026,50,710000,47.4,1654,840,842,645.4159105180988,Masfjorden,0.13060428849902533,0.3613921533445702,4.605270170991424,2.5626886059754463,0.9410569440878893,0.997624703087886,13.473020249017498
5028,2016,441,9160,0,538412.6558507099,38.705882352941174,16096,4873,5251,696.9000351594125,Melhus,0.04814410480349345,0.21941764925250076,0,23.096569361369195,3.1396840940038353,0.9280137116739668,13.196380563445578
5028,2017,554,9388,0,548104.0836560226,39.011210762331835,16213,4899,5277,696.9000351594125,Melhus,0.059011504047720494,0.24292283558307254,0,23.26445570675191,3.1469266896544386,0.9283683911313246,13.214220481573909
5028,2018,771,9609,0,568000,39.09424083769633,16424,4916,5460,696.9000351594125,Melhus,0.08023727755229472,0.28326185333061477,0,23.56722509885236,3.159856979803139,0.9003663003663004,13.249876697703288
5028,2019,1037,9864,0,588000,39.44394618834081,16562,4938,5521,696.9000351594125,Melhus,0.10512976480129765,0.3242372045297974,0,23.765244890842233,3.168224214698015,0.894403187828292,13.284482226880764
5028,2020,1339,9900,0,586000,39.56341463414634,16733,4960,5589,696.9000351594125,Melhus,0.13525252525252526,0.3677669442085915,0,24.010617241786203,3.178496117598943,0.8874575058149937,13.281075068559149
5028,2021,1722,10183,0,613000,39.69895287958115,16949,4993,5692,696.9000351594125,Melhus,0.16910537169792791,0.41122423529982755,0,24.320561264031216,3.191322135122424,0.8771960646521434,13.32612021491835
5028,2022,2343,10334,150,640000,39.98588709677419,17123,5021,5757,696.9000351594125,Melhus,0.22672730791561835,0.47615891036041563,5.703793585582131,24.57023839306192,3.2015358890933405,0.8721556366162933,13.369223455335854
5028,2023,2678,10275,150,694000,40.08,17340,5005,5762,696.9000351594125,Melhus,0.26063260340632605,0.510521893170436,5.703793585582131,24.881617341335847,3.2141292714389023,0.8686220062478306,13.450227239488942
1837,2016,7,3357,0,505000,43.17613636363637,6471,2494,2651,2744.475496841114,Meløy,0.002085195114685731,0.045663936697198274,0,2.3578275730455998,0.8577406752029644,0.9407770652583931,13.132313708257497
1837,2017,11,3373,0,520000,43.52272727272727,6435,2497,2654,2744.475496841114,Meløy,0.003261191817373258,0.05710684562618792,0,2.3447103125557773,0.8521618601759254,0.9408440090429541,13.16158409055761
1837,2018,25,3398,0,527000,43.9125,6346,2500,2657,2744.475496841114,Meløy,0.0073572689817539725,0.08577452408351778,0,2.3122815296781605,0.8382347122888393,0.940910801656003,13.1749558275235
1837,2019,63,3483,7.4,545000,44.2710843373494,6331,2514,2671,2744.475496841114,Meløy,0.01808785529715762,0.13449109746432147,2.6991616063975625,2.3068160044740678,0.8358682206898249,0.9412205166604268,13.208541073645382
1837,2020,98,3531,14.8,553000,44.48648648648648,6288,2517,2689,2744.475496841114,Meløy,0.027754177286887567,0.16659585014905853,3.388913756318583,2.2911481655556685,0.8290530742547407,0.9360357010040907,13.223113280504473
1837,2021,189,3576,59,574000,44.8359375,6247,2520,2692,2744.475496841114,Meløy,0.05285234899328859,0.22989638751683025,4.770756435173042,2.2762090633311485,0.8225113676392682,0.9361069836552749,13.260384675301703
1837,2022,329,3529,59,591000,45.261538461538464,6214,2527,2699,2744.475496841114,Meløy,0.0932275432133749,0.30533185751469644,4.770756435173042,2.2641849078821443,0.817214830098691,0.9362726935902186,13.289571296388235
1837,2023,432,3514,59,627000,44.79365079365079,6212,2534,2706,2744.475496841114,Meløy,0.12293682413204325,0.3506234791511305,4.770756435173042,2.2634561711882655,0.8168929244142761,0.9364375461936437,13.348701819615057
5034,2016,6,1418,0,455721.29232415033,45.1875,2523,1144,1161,1273.707896573839,Meråker,0.004231311706629055,0.06504853347024094,0,1.9808309321051127,0.6835164193520403,0.9853574504737296,13.029636700593493
5034,2017,13,1420,22,463924.275585985,45.76315789473684,2508,1150,1168,1273.707896573839,Meråker,0.009154929577464789,0.09568139619311995,3.7847057630994327,1.9690542916050824,0.6775533724637939,0.9845890410958904,13.047476618721824
5034,2018,21,1415,22,464000,46.513888888888886,2469,1155,1173,1273.707896573839,Meråker,0.014840989399293287,0.12182359951706109,3.7847057630994327,1.9384350263050034,0.6618809600561621,0.9846547314578005,13.047639831208393
5034,2019,33,1430,22,478000,47.05555555555556,2432,1154,1172,1273.707896573839,Meråker,0.023076923076923078,0.15191090506255,3.7847057630994327,1.9093859797382617,0.6467817137970402,0.984641638225256,13.077366011473593
5034,2020,43,1401,22,496000,47.5,2422,1161,1179,1273.707896573839,Meråker,0.030692362598144184,0.17519235884633835,3.7847057630994327,1.9015348860715748,0.6426613948240202,0.9847328244274809,13.114331205707064
5034,2021,67,1423,22,503000,47.732142857142854,2413,1161,1179,1273.707896573839,Meråker,0.04708362614195362,0.21698761748531556,3.7847057630994327,1.8944689017715566,0.6389385363360144,0.9847328244274809,13.128345449081877
5034,2022,122,1465,22,529000,48.12068965517241,2399,1163,1181,1273.707896573839,Meråker,0.08327645051194539,0.28857659383939194,3.7847057630994327,1.8834773706381949,0.6331197335506772,0.9847586790855207,13.178743710840436
5034,2023,141,1417,72,548000,47.875,2426,1157,1175,1273.707896573839,Meråker,0.0995059985885674,0.3154457141705485,4.969861521396496,1.9046753235382494,0.6443115602149779,0.9846808510638297,13.214030565930152
4020,2016,72,5804,0,482000,40.047008547008545,10439,4269,4572,519.5028845508549,Midt-Telemark,0.012405237767057202,0.1113788030419487,0,20.094209888796318,3.0004317083322567,0.9337270341207349,13.085699393032737
4020,2017,123,5971,0,489000,39.95112781954887,10565,4268,4557,519.5028845508549,Midt-Telemark,0.020599564562049907,0.14352548401607956,0,20.33674944679884,3.0124295669741152,0.93658108404652185,13.10011776845701
4020,2018,181,5998,0,500000,39.49596774193548,10819,4299,4598,519.5028845508549,Midt-Telemark,0.03017672557519173,0.17371449443034892,0,20.825678397057892,3.0361867636115316,0.9349717268377555,13.122363377404328
4020,2019,281,6131,62.5,517000,39.47560975609756,10923,4325,4625,519.5028845508549,Midt-Telemark,0.045832653726961346,0.21408562242000592,4.828377731159175,21.025869778266326,3.0457535737675014,0.9351351351351351,13.155798153490567
4020,2020,396,5916,69.7,512000,39.47142857142857,10444,4114,4418,519.5028845508549,Midt-Telemark,0.06693711967545639,0.25872208965501264,4.937398954908022,20.103834474431338,3.0009105667429776,0.9311905839746492,13.146079904021645
4020,2021,571,6062,69.7,533000,40.22727272727273,10461,4128,4722,519.5028845508549,Midt-Telemark,0.09419333553282745,0.3069093278687167,4.937398954908022,20.136558065590407,3.002536972267719,0.8742058449809402,13.186276703147982
4020,2022,750,6104,69.7,556000,40.72692307692308,10539,4161,4814,519.5028845508549,Midt-Telemark,0.12287024901703801,0.3505285281072541,4.937398954908022,20.28670160149673,3.009965577857895,0.864353967594516,13.228523573232719
4020,2023,869,6129,69.7,588000,40.98863636363637,10735,4193,4848,519.5028845508549,Midt-Telemark,0.14178495676293032,0.37654343277094915,4.937398954908022,20.663985358389546,3.02839234723684,0.8648927392739274,13.284482226880764
5027,2016,48,3551,50,480528.70138211816,41.35897435897436,6298,2343,2441,1861.2965728405047,Midtre Gauldal,0.013517319065052097,0.11626400588768691,4.605270170991424,3.3836628143513368,1.2189587956303356,0.959852519459238,13.082642237933488
5027,2017,57,3633,50,489178.21800699626,41.513698630136986,6319,2352,2458,1861.2965728405047,Midtre Gauldal,0.01568951279933939,0.12525778538414045,4.605270170991424,3.394945272131803,1.222287640742821,0.9568755085435313,13.100482156061819
5027,2018,78,3621,50,513000,41.99305555555556,6225,2360,2466,1861.2965728405047,Midtre Gauldal,0.021541010770505385,0.14676856192831414,4.605270170991424,3.344442842066858,1.207300115302274,0.9570154095701541,13.148031124152906
5027,2019,106,3699,50,534000,42.397260273972606,6246,2355,2467,1861.2965728405047,Midtre Gauldal,0.02865639361989727,0.1692819943759444,4.605270170991424,3.3557252998473244,1.2106679318123894,0.954600729631131,13.188151117942333
5027,2020,150,3670,50,523000,42.6875,6238,2375,2502,1861.2965728405047,Midtre Gauldal,0.04087193460490463,0.20216808503051276,4.605270170991424,3.351427220692861,1.2093862911371143,0.9492406075139888,13.16733674304706
5027,2021,232,3716,50,554000,42.641666666666666,6243,2382,2509,1861.2965728405047,Midtre Gauldal,0.062432723358449946,0.24986541048822652,4.605270170991424,3.354113520164401,1.2101875090311098,0.9493822239936229,13.224919965729422
5027,2022,398,3679,50,581000,42.813559322033896,6120,2381,2508,1861.2965728405047,Midtre Gauldal,0.10818157107909758,0.3289096700905852,4.605270170991424,3.2880305531645253,1.1902887694757374,0.9493620414673046,13.272506035834049
5027,2023,495,3582,50,622000,42.62,6133,2384,2517,1861.2965728405047,Midtre Gauldal,0.13819095477386933,0.3717404400571309,4.605270170991424,3.2950149317905284,1.1924106995953494,0.9471593166468018,13.340695371721317
4629,2016,3,184,7.4,545000,40.833333333333336,381,164,164,420.7931305269981,Modalen,0.016304347826086956,0.1276884796138123,2.6991616063975625,0.9054330319576237,-0.0993419613702928,1,13.208541073645382
4629,2017,5,179,7.4,565000,39.833333333333336,383,166,166,420.7931305269981,Modalen,0.027932960893854747,0.1671315676162189,2.6991616063975625,0.9101859612592386,-0.09410634731634773,1,13.244581010128577
4629,2018,7,188,7.4,617000,40.333333333333336,380,167,167,420.7931305269981,Modalen,0.03723404255319149,0.19296124624698993,2.6991616063975625,0.9030565673068164,-0.10197008377656222,1,13.332624302887524
4629,2019,7,193,7.4,579000,40.166666666666664,380,169,169,420.7931305269981,Modalen,0.03626943005181347,0.1904453466268301,2.6991616063975625,0.9030565673068164,-0.10197008377656222,1,13.269057756555132
4629,2020,10,190,7.4,608000,39,388,171,171,420.7931305269981,Modalen,0.05263157894736842,0.22941573387056177,2.6991616063975625,0.9220682845132756,-0.0811359968737203,1,13.317930160948304
4629,2021,17,189,7.4,615000,40.25,376,155,155,420.7931305269981,Modalen,0.08994708994708994,0.29991180361414577,2.6991616063975625,0.8935507087035867,-0.11255219310709924,1,13.329377546788654
4629,2022,31,191,7.4,594000,41.25,378,160,160,420.7931305269981,Modalen,0.16230366492146597,0.40286929011959444,2.6991616063975625,0.8983036380052015,-0.10724714087740603,1,13.294634598344782
4629,2023,34,190,7.4,602000,42,380,161,161,420.7931305269981,Modalen,0.17894736842105263,0.4230217115244236,2.6991616063975625,0.9030565673068164,-0.10197008377656222,1,13.308012724290958
3316,2016,95,7933,0,462000,42.95977011494253,13794,4858,5202,517.832498687894,Modum,0.011975293079541156,0.10943168224760669,0,26.637957322014017,3.282337165630773,0.9338715878508266,13.043320170063875
3316,2017,157,8279,0,489000,43.331428571428575,13786,4878,5245,517.832498687894,Modum,0.01896364295204735,0.1377085434969354,0,26.622508310952966,3.2817570350851337,0.9300285986653957,13.10011776845701
3316,2018,243,8426,3.6,507000,43.41489361702128,13880,4923,5294,517.832498687894,Modum,0.028839306907192025,0.16982139708291186,1.992835764939741,26.804034190920294,3.288552405700332,0.9299206649036645,13.13626628257332
3316,2019,345,8563,33,522000,43.47093023255814,13980,4968,5348,517.832498687894,Modum,0.04028961812448908,0.20072273943051167,4.1898842314256335,26.997146829183407,3.2957311874273376,0.9289454001495886,13.165422866864775
3316,2020,488,8526,33,518000,43.5414201183432,14115,5008,5391,517.832498687894,Modum,0.0572366877785597,0.23924190222149566,4.1898842314256335,27.257848890838613,3.3053415123271264,0.928955666852161,13.15773052124162
3316,2021,688,8703,108,539000,44.01754385964912,14166,5039,5449,517.832498687894,Modum,0.07905320004596117,0.28116400915828677,5.3752998404656145,27.3563363363528,3.3089481779531047,0.9247568361167187,13.197470849891134
3316,2022,986,8802,108,559000,44.21345029239766,14273,5073,5496,517.832498687894,Modum,0.11201999545557828,0.33469388320609966,5.3752998404656145,27.562966859294335,3.3164730912693052,0.9230349344978166,13.233904752137237
3316,2023,1225,8863,415,595000,44.09943181818182,14527,5093,5535,517.832498687894,Modum,0.13821505133701906,0.3717728491122221,6.7214271523769735,28.053472960482644,3.3341124375124203,0.9201445347786811,13.296316684527767
1506,2016,248,16490,36.6,506666.6666666667,40.770392749244714,31790,7710,10322,1996.9433931440751,Molde,0.015039417828987265,0.12263530417048454,4.29338199718882,15.9193295659465,2.76753406683767,0.7469482658399536,13.13560860415435
1506,2017,343,16785,36.6,514666.6666666667,41.03323262839879,31870,7741,10401,1996.9433931440751,Molde,0.020434912123920165,0.1429507332052556,4.29338199718882,15.959390791655078,2.7700474203442034,0.7442553600615326,13.15127472089875
1506,2018,500,16884,86.6,526333.3333333334,41.265277777777776,31895,7760,10442,1996.9433931440751,Molde,0.029613835583984838,0.17208670949258353,5.1544803297506,15.97190992468901,2.7708315496088773,0.7431526527485156,13.17369000456967
1506,2019,743,17130,258.6,549333.3333333334,41.43213296398892,31976,7801,10620,1996.9433931440751,Molde,0.043374197314652654,0.20826472892607778,6.248433385252634,16.012471915718944,2.773367913323981,0.7345574387947269,13.216460700783445
1506,2020,1049,17248,291.6,548000,41.746684350132625,31967,7815,10673,1996.9433931440751,Molde,0.06081864564007421,0.24661436624834776,6.368533120800893,16.00796502782673,2.7730864126105508,0.7322214934882414,13.214030565930152
1506,2021,1616,17841,291.6,574000,42.27733333333333,31870,7835,10777,1996.9433931440751,Molde,0.09057788240569475,0.30096159623063995,6.368533120800893,15.959390791655078,2.7700474203442034,0.7270112276143639,13.260384675301703
1506,2022,2563,18149,291.6,597000,42.404639175257735,32002,7864,10820,1996.9433931440751,Molde,0.14121990192297096,0.375792365439974,6.368533120800893,16.025491814074233,2.7741806927616413,0.7268022181146025,13.29967239237474
1506,2023,3265,18329,363.6,640000,42.32219570405728,32446,7909,10884,1996.9433931440751,Molde,0.17813301325767908,0.4220580685849745,6.589203433861087,16.247831616756844,2.7879594609031657,0.7266629915472252,13.369223455335854
1874,2016,3,480,0,414000,45.8125,1062,596,599,1591.5007237944951,Moskenes,0.00625,0.07905694150420949,0,0.6672947012351672,-0.4045234997077786,0.994991652754591,12.933621252807452
1874,2017,4,484,0,440000,46.44117647058823,1073,596,597,1591.5007237944951,Moskenes,0.008264462809917356,0.09090909090909091,0,0.67420641659636,-0.39421895887896435,0.998324958123953,12.994530005894443
1874,2018,4,484,0,448000,46.93333333333333,1068,602,603,1591.5007237944951,Moskenes,0.008264462809917356,0.09090909090909091,0,0.6710647277958178,-0.3988896819895227,0.9983416252072969,13.012548511397123
1874,2019,4,499,0,472000,47.3,1039,603,604,1591.5007237944951,Moskenes,0.008016032064128256,0.08953229620716904,0,0.652842932752673,-0.4264187104104354,0.9983443708609272,13.064734264567692
1874,2020,5,485,0,455000,47.67857142857143,1015,605,606,1591.5007237944951,Moskenes,0.010309278350515464,0.1015346165133619,0,0.6377628265100703,-0.44978881003377513,0.9983498349834984,13.028052697933088
1874,2021,13,501,0,452000,48.65625,989,609,610,1591.5007237944951,Moskenes,0.02594810379241517,0.16108415127632875,0,0.6214260447472508,-0.4757383698869507,0.9983606557377049,13.021437458814368
1874,2022,30,508,0,465000,49.625,982,608,609,1591.5007237944951,Moskenes,0.05905511811023622,0.24301258837812542,0,0.6170276804264917,-0.4828413931551969,0.9983579638752053,13.049792684569493
1874,2023,33,480,200,501000,49.625,979,608,609,1591.5007237944951,Moskenes,0.06875,0.2622022120425379,5.991470797049389,0.6151426671461664,-0.48590105897915237,0.9983579638752053,13.124361380067002
3103,2016,754,22943,83,487500,42.4745269286754,47640,8910,14744,252.23728984555655,Moss,0.03286405439567624,0.18128445712657287,5.112024076118548,188.86977428741682,5.2410577526385635,0.6043136190992946,13.09704556942004
3103,2017,1071,23415,83,500500,42.70521861777151,48154,8953,14868,252.23728984555655,Moss,0.045739910313901344,0.2138689091801362,5.112024076118548,190.90753801503504,5.251789216673101,0.602165725047081,13.123362877737412
3103,2018,1467,23564,205,515000,43.01628895184136,48671,9007,15259,252.23728984555655,Moss,0.06225598370395519,0.2495114901241127,6.016163108485247,192.95719530526583,5.262468378323659,0.5902745920440395,13.151922179645874
3103,2019,2057,24295,227,527000,43.51443001443001,48871,9017,15528,252.23728984555655,Moss,0.08466762708376209,0.2909770215734605,6.118102049642983,193.75009947943636,5.266569181675576,0.5806929417825863,13.1749558275235
3103,2020,2810,24415,227,516000,43.88351822503962,49273,8997,16225,252.23728984555655,Moss,0.1150931804218718,0.3392538583743327,6.118102049642983,195.3438368695191,5.274761271832773,0.5545146379044684,13.1538620444637
3103,2021,4031,25235,227,537000,44.04444444444445,49668,9000,16323,252.23728984555655,Moss,0.1597384584901922,0.39967293940194676,6.118102049642983,196.90982261350584,5.28274587070606,0.5513692335967653,13.193753373491
3103,2022,5363,26017,252.6,561000,44.11437403400309,50290,9012,16670,252.23728984555655,Moss,0.20613445055156243,0.45402031953599,6.224958308533463,199.37575459517615,5.295191258335338,0.5406118776244752,13.237476184504834
3103,2023,6227,26177,752.6,606000,44.08995502248876,51240,9039,17026,252.23728984555655,Moss,0.23788058219047256,0.48773003002734266,7.316681500097903,203.1420494224861,5.3139054851799985,0.5308939269352755,13.314635265051452
5418,2016,12,4169,0,507000,40.686440677966104,6741,2788,2974,3356.4286242280364,Målselv,0.002878388102662509,0.053650611391320685,0,2.008384731121878,0.697330782640989,0.937457969065232,13.13626628257332
5418,2017,17,4249,0,525000,40.13709677419355,6781,2760,2952,3356.4286242280364,Målselv,0.004000941397975994,0.06325299516999962,0,2.020302160174671,0.7032470844713924,0.9349593495934959,13.17115354157376
5418,2018,36,4300,0,527000,40.276315789473685,6798,2759,3004,3356.4286242280364,Målselv,0.008372093023255815,0.0914991421995628,0,2.0253670675221076,0.7057509520436115,0.9184420772303595,13.1749558275235
5418,2019,51,4304,0,542000,40.41549295774648,6805,2779,3024,3356.4286242280364,Målselv,0.011849442379182156,0.1088551440180121,0,2.0274526176063463,0.7067801368731166,0.9189814814814815,13.203021280421783
5418,2020,60,4290,22,541000,41.44444444444444,6640,2795,3040,3356.4286242280364,Målselv,0.013986013986013986,0.11826247919781652,3.7847057630994327,1.9782932227635768,0.6822344642580297,0.9194078947368421,13.201174557828619
5418,2021,127,4428,22,556000,41.45744680851064,6609,2797,3066,3356.4286242280364,Målselv,0.028681120144534777,0.169355012162424,3.7847057630994327,1.9690572152476624,0.677554857258003,0.9122635355512068,13.228523573232719
5418,2022,268,4464,22,579000,41.122950819672134,6599,2806,3075,3356.4286242280364,Målselv,0.06003584229390681,0.24502212613130842,3.7847057630994327,1.9660778579844642,0.6760406231709718,0.912520325203252,13.269057756555132
5418,2023,347,4437,91.9,624000,40.51515151515152,6782,2810,3079,3356.4286242280364,Målselv,0.07820599504169484,0.2796533479894257,5.213877809784745,2.0206000959009907,0.7033945444731341,0.9126339720688535,13.343905647351566
5434,2016,0,477,0,407000,47.90625,1215,534,557,3890.659015928036,Måsøy,0,0,0,0.3122864262907365,-1.16383447932408,0.95870736086175945,12.916568464424731
5434,2017,1,495,0,437000,47.8421052631579,1204,536,559,3890.659015928036,Måsøy,0.00202020202020202,0.044946657497549475,0,0.309459141772878,-1.1729292092299626,0.9588550983899821,12.987688474077727
5434,2018,1,498,0,468000,47.794117647058826,1231,536,559,3890.659015928036,Måsøy,0.002008032128514056,0.04481107149482208,0,0.31639884013489433,-1.1507517089142754,0.9588550983899821,13.056223574899784
5434,2019,3,492,0,490000,48.404761904761905,1235,539,562,3890.659015928036,Måsøy,0.006097560975609756,0.07808688094430304,0,0.3174269435959338,-1.1475075860366513,0.9590747330960854,13.102160670086809
5434,2020,6,479,0,493000,48.785714285714285,1225,539,562,3890.659015928036,Måsøy,0.012526096033402923,0.11192004303699549,0,0.3148566849433352,-1.1556377121199015,0.9590747330960854,13.108264453024827
5434,2021,10,472,0,511000,49.32608695652174,1197,541,564,3890.659015928036,Måsøy,0.0211864406779661,0.1455556274348955,0,0.30765996071605894,-1.1787601295407557,0.9592198581560284,13.144124869185841
5434,2022,12,447,0,532000,50.041666666666664,1162,541,564,3890.659015928036,Måsøy,0.026845637583892617,0.16384638410380808,0,0.2986640554319636,-1.2084358976868723,0.9592198581560284,13.184398768323781
5434,2023,18,449,0,575000,50.958333333333336,1119,539,562,3890.659015928036,Måsøy,0.0400890868596882,0.20022259327979997,0,0.2876119432257894,-1.2461431267868037,0.9590747330960854,13.262125319779487
5007,2016,73,7750,14.8,492473.0094470657,41.216763005780344,15265,4609,5115,2594.696833479295,Namsos,0.009419354838709678,0.09705336078008674,3.388913756318583,5.883153593528217,1.7720929435694242,0.9010752688172043,13.107194934939367
5007,2017,108,7947,14.8,501337.5236171128,41.413333333333334,15272,4641,5213,2594.696833479295,Namsos,0.013590033975084938,0.11657630108682011,3.388913756318583,5.885851403888826,1.7725514038060295,0.8902743142144638,13.125034853067698
5007,2018,152,7948,36.8,488000,41.73795180722892,15281,4663,5274,2594.696833479295,Namsos,0.019124308002013084,0.13829066491275932,4.2988295800245915,5.889320017209609,1.773140544005703,0.8841486537732272,13.098070684835283
5007,2019,195,8129,36.8,501000,41.88484848484848,15294,4672,5318,2594.696833479295,Namsos,0.0239881904293271,0.15488121393289472,4.2988295800245915,5.89433023645074,1.7739909120046162,0.8785257615644979,13.124361380067002
5007,2020,314,8181,36.8,536000,42.25595238095238,15230,4723,5377,2594.696833479295,Namsos,0.03838161593937171,0.19591226592373362,4.2988295800245915,5.869664541725172,1.7697974842896533,0.8783708387576715,13.19188944005294
5007,2021,578,8334,59,558000,42.7124183006536,15096,4719,5401,2594.696833479295,Namsos,0.06935445164386848,0.2633523336594314,4.770756435173042,5.818020743393512,1.760960125448832,0.8737270875763747,13.232114241363448
5007,2022,948,8385,197,581000,43.1,15001,4730,5414,2594.696833479295,Namsos,0.11305903398926655,0.3362425225774791,5.976357351040425,5.781407602785246,1.7546471829293362,0.8736608792020687,13.272506035834049
5007,2023,1191,8298,226.4,620000,43.46467391304348,14923,4717,5418,2594.696833479295,Namsos,0.14352856109906,0.37885163467914457,6.115455404239698,5.7513462873384595,1.749433964331914,0.8706164636397195,13.337474757021274
5044,2016,0,493,7.4,460315.25696451473,48.861111111111114,867,427,427,1416.3374045272822,Namsskogan,0,0,2.6991616063975625,0.6121422743116571,-0.4907905491223362,1,13.03966687495343
5044,2017,0,534,51.4,468600.9315898759,49.111111111111114,872,427,427,1416.3374045272822,Namsskogan,0,0,4.632879966309094,0.6156725065741234,-0.4850401019938984,1,13.05750679308176
5044,2018,1,508,51.4,476000,48.5625,902,428,429,1416.3374045272822,Namsskogan,0.001968503937007874,0.044367825470805686,4.632879966309094,0.6368539001489212,-0.45121500584025453,0.9976689976689976,13.073173133213556
5044,2019,2,499,51.4,487000,49.28125,871,432,433,1416.3374045272822,Namsskogan,0.004008016032064128,0.06330889378329184,4.632879966309094,0.6149664601216301,-0.4861875490503753,0.9976905311778291,13.096019402064726
5044,2020,2,506,51.4,501000,50.5,843,432,433,1416.3374045272822,Namsskogan,0.003952569169960474,0.06286946134619315,4.632879966309094,0.5951971594518188,-0.5188625679010227,0.9976905311778291,13.124361380067002
5044,2021,6,533,51.4,497000,50.2,846,425,425,1416.3374045272822,Namsskogan,0.01125703564727955,0.10609917835346111,4.632879966309094,0.5973152988092986,-0.5153101662966549,1,13.116345305078767
5044,2022,10,491,51.4,525000,50.6,818,427,427,1416.3374045272822,Namsskogan,0.020366598778004074,0.1427115930049275,4.632879966309094,0.5775459981394874,-0.548967189300131,1,13.17115354157376
5044,2023,14,492,51.4,550000,51.142857142857146,814,426,426,1416.3374045272822,Namsskogan,0.028455284552845527,0.16868694244915794,4.632879966309094,0.5747218123295142,-0.5538691599003378,1,13.217673557208654
3238,2016,228,6874,0,538000,38.84593023255814,12267,3660,3919,341.1297838471501,Nannestad,0.033168460867035204,0.18212210427906658,0,35.959920771668735,3.582405006365974,0.9339117121714723,13.195613839143922
3238,2017,362,7283,0,560000,38.66761363636363,12657,3708,3997,341.1297838471501,Nannestad,0.04970479198132638,0.22294571532399177,0,37.103180664140474,3.61370269812567,0.9276957718288716,13.235692062711331
3238,2018,530,7527,0,566000,38.41747572815534,13240,3764,4102,341.1297838471501,Nannestad,0.07041317922146938,0.2653548175961186,0,38.812207631604636,3.658734826824221,0.9176011701608972,13.24634935718532
3238,2019,714,7877,0,579000,38.31797235023041,13682,3792,4298,341.1297838471501,Nannestad,0.09064364605814397,0.30107083229390386,0,40.107902176405936,3.691573376654165,0.8822708236389019,13.269057756555132
3238,2020,924,8049,0,578000,38.184895833333336,14139,3806,4386,341.1297838471501,Nannestad,0.1147968691762952,0.3388168667234487,0,41.44756825553308,3.7244292129250627,0.8677610579115367,13.267329147654515
3238,2021,1241,8369,0,606000,38.28663793103448,14637,3826,4580,341.1297838471501,Nannestad,0.14828533875014935,0.3850783540399919,0,42.907423195150834,3.7590448458171686,0.8353711790393014,13.314635265051452
3238,2022,1608,8614,0,639000,38.50892857142857,15074,3829,4667,341.1297838471501,Nannestad,0.186672858137915,0.4320565450701042,0,44.18846056184353,3.788463681736637,0.8204413970430684,13.367659733359671
3238,2023,1904,8842,150,684000,38.46320346320346,15530,3850,4712,341.1297838471501,Nannestad,0.21533589685591495,0.46404299031007346,5.703793585582131,45.52519520534894,3.8182659134759547,0.817062818336163,13.435713196604688
1806,2016,0,0,22,463333.3333333333,43.4377990430622,NA,NA,NA,4089.404252882905,Narvik,NA,NA,3.7847057630994327,NA,NA,NA,13.046202016438764
1806,2017,0,0,44,475000,43.4377990430622,NA,NA,NA,4089.404252882905,Narvik,NA,NA,4.477465921704087,NA,NA,NA,13.071070083016778
1806,2018,0,0,44,483666.6666666667,43.4377990430622,NA,NA,NA,4089.404252882905,Narvik,NA,NA,4.477465921704087,NA,NA,NA,13.089151243198215
1806,2019,0,0,47.6,504000,43.4377990430622,NA,NA,NA,4089.404252882905,Narvik,NA,NA,4.556090261792949,NA,NA,NA,13.130331547053506
1806,2020,878,11806,197.6,535000,43.4377990430622,21845,6210,7971,4089.404252882905,Narvik,0.07436896493308487,0.2727067379678853,5.979398368556079,5.341853886076423,1.675572762399888,0.7790741437711705,13.190022025878143
1806,2021,1295,12060,197.6,548000,43.859375,21661,6192,7966,4089.404252882905,Narvik,0.10737976782752902,0.3276885225752178,5.979398368556079,5.2968595571664645,1.66711410855533,0.7773035400451921,13.214030565930152
1806,2022,1836,12149,197.6,573000,44.21145374449339,21530,6187,7975,4089.404252882905,Narvik,0.15112354926331387,0.38874612443510465,5.979398368556079,5.2648255512577435,1.6610480113727606,0.7757993730407523,13.258640995696876
1806,2023,2308,12014,297.6,620000,44.39958158995816,21515,6076,7874,4089.404252882905,Narvik,0.19210920592641917,0.43830264193410834,6.388900306268233,5.2611575353139965,1.6603510662870518,0.7716535433070866,13.337474757021274
3228,2016,438,12679,7.4,614000,40.96439628482972,20783,6736,7457,640.8476067126392,Nes (Akershus),0.03454531114441202,0.18586368968793238,2.6991616063975625,32.430487033587774,3.479098938201764,0.903312323990881,13.327750207129279
3228,2017,624,13133,47.8,625000,41.02599388379205,21241,6834,7642,640.8476067126392,Nes (Akershus),0.047513896291784055,0.21797682512547992,4.560282218955596,33.14516552376644,3.5008968696095755,0.894268516095263,13.345506928718539
3228,2018,831,13302,69.8,649000,41.067474048442904,21681,6868,7700,640.8476067126392,Nes (Akershus),0.06247180875056382,0.24994361114172098,4.938832499586764,33.83175621302105,3.5213998943337814,0.8919480519480519,13.383187995686226
3228,2019,1082,13830,69.8,666000,41.217320261437905,21885,6915,7887,640.8476067126392,Nes (Akershus),0.07823571945046999,0.2797064880378537,4.938832499586764,34.15008462349364,3.530765064007686,0.8767592240395587,13.409044949522526
3228,2020,1440,14221,69.8,669000,41.21172638436482,23092,7195,8217,640.8476067126392,Nes (Akershus),0.10125870191969623,0.3182117249877764,4.938832499586764,36.03352771878982,3.5844498305635146,0.8756237069490082,13.413539339110365
3228,2021,1948,14594,113.8,687000,41.36212624584718,23422,7239,8368,640.8476067126392,Nes (Akershus),0.1334795121282719,0.36534848039682866,5.427609006056616,36.54847073573078,3.598639344984773,0.8650812619502868,13.440089571204487
3228,2022,2463,14688,150.6,724000,41.3013698630137,23898,7269,8490,640.8476067126392,Nes (Akershus),0.167687908496732,0.40949714101167056,5.707785518496217,37.2912370268335,3.61875836679239,0.8561837455830389,13.492546671367853
3228,2023,2842,14726,150.6,775000,41.23968253968254,24283,7313,8570,640.8476067126392,Nes (Akershus),0.1929919869618362,0.4393085327669339,5.707785518496217,37.89200387993128,3.6347401104077535,0.8533255542590432,13.560618308335483
3322,2016,13,1945,0,462000,46.37931034482759,3422,1510,1552,811.0831282010002,Nes (Buskerud),0.006683804627249357,0.08175453887858067,0,4.219049664601049,1.439609904725215,0.9729381443298969,13.043320170063875
3322,2017,19,1998,0,483000,46.98863636363637,3357,1512,1554,811.0831282010002,Nes (Buskerud),0.00950950950950951,0.09751671400077788,0,4.138909913520083,1.4204324472531114,0.972972972972973,13.087771932634709
3322,2018,30,1968,0,484000,47.52325581395349,3341,1502,1556,811.0831282010002,Nes (Buskerud),0.01524390243902439,0.1234661995811987,0,4.119183205561691,1.415654892629833,0.9652956298200515,13.089840185698769
3322,2019,47,1996,0,509000,48.13095238095238,3315,1510,1564,811.0831282010002,Nes (Buskerud),0.023547094188376753,0.15345062459428685,0,4.087127305129304,1.4078423528930393,0.9654731457800512,13.14020329553266
3322,2020,76,2019,350,512000,48.846774193548384,3273,1505,1559,811.0831282010002,Nes (Buskerud),0.037642397226349676,0.19401648699620783,6.5510823758534835,4.035344696738526,1.395091724774257,0.9653624118024374,13.146079904021645
3322,2021,101,2063,350,537000,49.583333333333336,3262,1516,1571,811.0831282010002,Nes (Buskerud),0.0489578284052351,0.2212641597847132,6.5510823758534835,4.021782585017132,1.3917252334540358,0.9649904519414386,13.193753373491
3322,2022,173,2031,350,557000,49.625,3273,1515,1569,811.0831282010002,Nes (Buskerud),0.08517971442639094,0.29185563970290335,6.5510823758534835,4.035344696738526,1.395091724774257,0.9655831739961759,13.230320518909421
3322,2023,206,1995,800,597000,49.81666666666667,3299,1528,1582,811.0831282010002,Nes (Buskerud),0.10325814536340852,0.3213380546455843,7.377759298852644,4.067400597170912,1.4030041215016578,0.965865992414665,13.29967239237474
1828,2016,4,770,7.4,424000,40.733333333333334,1838,754,1018,402.581793572646,Nesna,0.005194805194805195,0.07207499701564472,2.6991616063975625,4.565531848047501,1.5185350128570676,0.7406679764243614,12.957488734214095
1828,2017,6,815,7.4,456000,40.976190476190474,1837,758,1023,402.581793572646,Nesna,0.007361963190184049,0.08580188337201025,2.6991616063975625,4.563047880774352,1.517990795156561,0.7409579667644184,13.030248088496522
1828,2018,11,836,7.4,460000,42.232142857142854,1805,758,1023,402.581793572646,Nesna,0.013157894736842105,0.11470786693528089,2.6991616063975625,4.48356092803359,1.5004175807084166,0.7409579667644184,13.038981768465277
1828,2019,11,826,7.4,486000,42.9,1792,750,1015,402.581793572646,Nesna,0.013317191283292978,0.11540013554278426,2.6991616063975625,4.4512693534826555,1.4931893034763108,0.7389162561576355,13.093963902882631
1828,2020,18,834,7.4,494000,43.625,1761,745,1010,402.581793572646,Nesna,0.02158273381294964,0.14691063206231753,2.6991616063975625,4.374266368015043,1.4757388184376414,0.7376237623762376,13.110290796170059
1828,2021,31,867,7.4,525000,45.46551724137931,1701,739,1004,402.581793572646,Nesna,0.03575547866205306,0.18909119139201874,2.6991616063975625,4.2252283316261146,1.441073302337297,0.7360557768924303,13.17115354157376
1828,2022,61,909,7.4,536000,45.95454545454545,1698,737,1002,402.581793572646,Nesna,0.0671067106710671,0.25904962974508783,2.6991616063975625,4.217776429806668,1.4393080768127278,0.7355289421157685,13.19188944005294
1828,2023,79,883,7.4,564000,45.78846153846154,1783,733,999,402.581793572646,Nesna,0.08946772366930918,0.29911155723125976,2.6991616063975625,4.4289136480243165,1.4881543278045757,0.7337337337337337,13.242809530480196
3212,2016,313,7748,0,583000,41.24664429530201,18623,4617,5027,116.6340326369486,Nesodden,0.040397521941146104,0.20099134792608886,0,159.6703773243317,5.07311154849989,0.9184404217226975,13.27594246533263
3212,2017,460,7946,0,593000,41.32007575757576,18869,4661,5155,116.6340326369486,Nesodden,0.05789076264787314,0.24060499298201013,0,161.77953872806822,5.086234536356098,0.9041707080504364,13.292949677979863
3212,2018,551,7922,0,615000,41.46629213483146,19287,4715,5286,116.6340326369486,Nesodden,0.06955314314567028,0.26372929898983594,0,165.36339834905147,5.108145466378181,0.8919788119561105,13.329377546788654
3212,2019,732,8106,200,636000,41.55762081784387,19488,4777,5370,116.6340326369486,Nesodden,0.09030347890451518,0.30050537250524356,5.991470797049389,167.0867375447874,5.118513064078008,0.8895716945996276,13.36295384232226
3212,2020,1017,8128,200,638000,41.85220125786164,19616,4809,5448,116.6340326369486,Nesodden,0.125123031496063,0.3537273406114701,5.991470797049389,168.18418738087797,5.125059732304322,0.8827092511013216,13.366093562326927
3212,2021,1386,8357,200,670000,42.20757575757576,19805,4860,5606,116.6340326369486,Nesodden,0.16584898887160465,0.40724561246452323,5.991470797049389,169.80464065448044,5.1346486036244015,0.8669282911166607,13.415032991367148
3212,2022,1768,8454,200,691000,42.63449367088607,19939,4899,5675,116.6340326369486,Nesodden,0.20913177194227583,0.4573092738424138,5.991470797049389,170.95353345163772,5.1413917853752835,0.8632599118942731,13.445895102749807
3212,2023,2038,8474,200,740000,42.855172413793106,20322,4960,5788,116.6340326369486,Nesodden,0.24050035402407363,0.490408354357951,5.991470797049389,174.23730913306494,5.160418215614211,0.856945404284727,13.514405465180353
4030,2016,5,876,0,475000,45.05769230769231,1443,706,713,907.4883620684004,Nissedal,0.005707762557077625,0.07554973565193743,0,1.5901030363750674,0.4637988168841473,0.9901823281907434,13.071070083016778
4030,2017,11,866,3.6,492000,45,1476,715,722,907.4883620684004,Nissedal,0.012702078521939953,0.1127034982684209,1.992835764939741,1.6264671390780314,0.48641026327069414,0.9903047091412742,13.106233995474446
4030,2018,14,881,3.6,513000,45.77272727272727,1489,722,729,907.4883620684004,Nissedal,0.015891032917139614,0.12605964031814312,1.992835764939741,1.640792391657987,0.4951792907942853,0.99039780521262,13.148031124152906
4030,2019,18,890,3.6,523000,45.92857142857143,1476,723,730,907.4883620684004,Nissedal,0.020224719101123594,0.14221363894199315,1.992835764939741,1.6264671390780314,0.48641026327069414,0.9904109589041096,13.16733674304706
4030,2020,25,895,3.6,538000,46.4,1448,725,732,907.4883620684004,Nissedal,0.027932960893854747,0.1671315676162189,1.992835764939741,1.5956127489058194,0.467257831055938,0.9904371584699454,13.195613839143922
4030,2021,40,913,3.6,556000,47.733333333333334,1430,725,732,907.4883620684004,Nissedal,0.04381161007667032,0.20931223107279306,1.992835764939741,1.5757777837951117,0.45474898136422925,0.9904371584699454,13.228523573232719
4030,2022,62,890,3.6,579000,48.53333333333333,1414,725,732,907.4883620684004,Nissedal,0.0696629213483146,0.26393734360320176,1.992835764939741,1.558146703696705,0.4434971045667944,0.9904371584699454,13.269057756555132
4030,2023,79,894,3.6,611000,49.2,1442,735,742,907.4883620684004,Nissedal,0.0883668903803132,0.2972656898808088,1.992835764939741,1.589001093868917,0.46310557595517077,0.9905660377358491,13.322852238153732
3232,2016,730,11678,3.6,621000,39.875766871165645,22857,4882,6280,186.3183269114913,Nittedal,0.062510703887652,0.25002140685879676,1.992835764939741,122.67714281729243,4.809556049255999,0.7773885350318471,13.339086360915616
3232,2017,1074,12039,3.6,636000,39.92127071823205,23213,4926,6334,186.3183269114913,Nittedal,0.08921006728133565,0.29868054386138987,1.992835764939741,124.58785125859953,4.825011099662326,0.7777076097252921,13.36295384232226
3232,2018,1504,12286,3.6,652000,40.04641909814324,23545,4967,6521,186.3183269114913,Nittedal,0.12241575777307505,0.3498796332641771,1.992835764939741,126.36974789487468,4.839212116792535,0.7616929918724122,13.38779984090879
3232,2019,1912,12185,53.6,667000,40.06064690026954,24089,4986,6640,186.3183269114913,Nittedal,0.15691423881821912,0.3961240194916475,4.674783255547504,129.28948214226529,4.862053937861776,0.7509036144578313,13.410545324897761
3232,2020,2295,12181,53.6,659000,40.34754521963824,24249,5007,6661,186.3183269114913,Nittedal,0.18840817666858223,0.4340601072070344,4.674783255547504,130.14822750914487,4.868674012516833,0.751688935595256,13.398478813484644
3232,2021,2906,12487,53.6,681000,40.62184873949579,24454,5035,6791,186.3183269114913,Nittedal,0.23272203091214863,0.4824127184394589,4.674783255547504,131.24849501045935,4.877092434819015,0.7414224709173907,13.43131758513165
3232,2022,3586,12615,128.6,689000,40.67984693877551,24947,5060,6958,186.3183269114913,Nittedal,0.2842647641696393,0.5331648564652769,5.5498691087581955,133.89450417215707,4.897052207584116,0.7272204656510491,13.442996549995796
3232,2023,3995,12665,150.6,736000,40.8054794520548,25440,5088,7120,186.3183269114913,Nittedal,0.31543624161073824,0.5616371084701742,5.707785518496217,136.54051333385482,4.9166213715689375,0.7146067415730337,13.508985397711013
4018,2016,41,3896,0,459000,45.224489795918366,6534,2724,3045,430.5123518089963,Nome,0.010523613963039014,0.10258466729019018,0,15.177264885767816,2.719798576930159,0.8945812807881773,13.036805489042683
4018,2017,72,3997,0,475000,45.296875,6585,2734,3057,430.5123518089963,Nome,0.01801351013259945,0.13421441849741572,0,15.29572838579447,2.727573598946525,0.8943408570493948,13.071070083016778
4018,2018,98,3971,0,483000,45.33168316831683,6609,2734,3057,430.5123518089963,Nome,0.024678922185847392,0.15709526468308135,0,15.351475915218778,2.731211620239596,0.8943408570493948,13.087771932634709
4018,2019,140,3979,0,503000,45.922077922077925,6538,2733,2996,430.5123518089963,Nome,0.035184719778838906,0.18757590404643903,0,15.186556140671867,2.7204105720532996,0.9122162883845126,13.128345449081877
4018,2020,207,3942,0,510000,45.98295454545455,6515,2739,3006,430.5123518089963,Nome,0.05251141552511415,0.22915369411186493,0,15.133131424973572,2.716886474328089,0.9111776447105788,13.142166004700508
4018,2021,307,4017,0,533000,46.54022988505747,6488,2741,3024,430.5123518089963,Nome,0.07642519293004729,0.27645106787648205,0,15.070415454371226,2.7127335805643926,0.906415343915344,13.186276703147982
4018,2022,411,4063,0,548000,46.86419753086419,6494,2749,3032,430.5123518089963,Nome,0.10115678070391336,0.318051537810955,0,15.084352336727303,2.7136579374319347,0.9066622691292876,13.214030565930152
4018,2023,491,4026,0,601000,46.65243902439025,6559,2750,3046,430.5123518089963,Nome,0.12195727769498262,0.349223821774779,0,15.235335228918137,2.723617416062879,0.9028233749179252,13.306350213517344
3451,2016,20,4060,0,440000,44.45652173913044,6458,2689,2877,907.8843759848044,Nord-Aurdal,0.0049261083743842365,0.07018624063435965,0,7.113240596298234,1.9619579200490382,0.9346541536322558,12.994530005894443
3451,2017,42,4159,0,453000,44.91304347826087,6490,2699,2885,907.8843759848044,Nord-Aurdal,0.010098581389757152,0.10049169811361112,0,7.148487375344618,1.9669007784289534,0.9355285961871751,13.023647404465171
3451,2018,71,4165,0,469000,45.22527472527472,6443,2694,2891,907.8843759848044,Nord-Aurdal,0.017046818727490996,0.1305634662816938,0,7.096718668620242,1.9596325178694602,0.9318574887582152,13.058358047428417
3451,2019,103,4264,22,484000,45.82828282828283,6418,2694,2890,907.8843759848044,Nord-Aurdal,0.024155722326454035,0.15542111287226723,3.7847057630994327,7.069182122490255,1.95574479040062,0.9321799307958477,13.089840185698769
3451,2020,153,4241,172,490000,46.13942307692308,6413,2698,2902,907.8843759848044,Nord-Aurdal,0.03607639707616128,0.18993787688652647,5.840650107780075,7.0636748132642575,1.9549654278796806,0.9297036526533425,13.102160670086809
3451,2021,226,4288,379.4,501000,46.5609756097561,6360,2694,2898,907.8843759848044,Nord-Aurdal,0.052705223880597014,0.22957618317368422,6.631739974838519,7.005297335468685,1.9466666250649856,0.9296066252587992,13.124361380067002
3451,2022,344,4364,529.4,523000,46.93103448275862,6354,2700,2904,907.8843759848044,Nord-Aurdal,0.07882676443629698,0.2807610450833537,6.964892362366706,6.998688564397488,1.9457227835602793,0.9297520661157025,13.16733674304706
3451,2023,419,4257,679.4,568000,46.972527472527474,6401,2728,2948,907.8843759848044,Nord-Aurdal,0.09842612168193564,0.3137293765045531,7.214357777898794,7.050457271121864,1.9530924758728212,0.9253731343283582,13.249876697703288
3436,2016,28,3457,0,453000,46.29775280898876,5741,2623,2639,1142.7850081480267,Nord-Fron,0.00809950824414232,0.08999726798154664,0,5.02369208474632,1.6141651384234705,0.9939370973853733,13.023647404465171
3436,2017,57,3546,0,462000,46.542682926829265,5723,2632,2648,1142.7850081480267,Nord-Fron,0.016074450084602367,0.12678505465788295,0,5.00794109057711,1.611024870664936,0.9939577039274925,13.043320170063875
3436,2018,91,3560,0,479000,46.79347826086956,5728,2647,2663,1142.7850081480267,Nord-Fron,0.02556179775280899,0.15988057340655554,0,5.012316366735224,1.611898156896315,0.9939917386406308,13.079455876393052
3436,2019,120,3621,0,493000,47.193548387096776,5742,2653,2669,1142.7850081480267,Nord-Fron,0.033140016570008285,0.18204399624818252,0,5.024567139977942,1.6143393089368427,0.994005245410266,13.108264453024827
3436,2020,152,3664,0,492000,47.798850574712645,5723,2653,2669,1142.7850081480267,Nord-Fron,0.04148471615720524,0.20367797170338584,0,5.00794109057711,1.611024870664936,0.994005245410266,13.106233995474446
3436,2021,209,3686,22,507000,48.370588235294115,5705,2663,2686,1142.7850081480267,Nord-Fron,0.05670103092783505,0.23811978273095047,3.7847057630994327,4.9921900964079,1.6078747105520097,0.9914370811615786,13.13626628257332
3436,2022,257,3639,172,538000,48.75609756097561,5628,2666,2684,1142.7850081480267,Nord-Fron,0.07062379774663369,0.2657513833390782,5.840650107780075,4.9248108435729465,1.5942858664901132,0.9932935916542474,13.195613839143922
3436,2023,293,3615,172,582000,49.252941176470586,5589,2670,2691,1142.7850081480267,Nord-Fron,0.08105117565698479,0.28469488168385604,5.840650107780075,4.890683689539658,1.5873321075255318,0.992196209587514,13.274225726713574
3414,2016,27,3170,0,455000,46.58152173913044,5131,2260,2307,508.177728295332,Nord-Odal,0.008517350157728707,0.09228949104707809,0,10.096861224540076,2.3122246057007407,0.9796272214997833,13.028052697933088
3414,2017,37,3235,0,470000,47.142857142857146,5100,2274,2321,508.177728295332,Nord-Odal,0.01143740340030912,0.10694579655278239,0,10.035858944680255,2.306164573471193,0.9797501077121931,13.060487973686241
3414,2018,54,3295,0,485000,47.70945945945946,5097,2283,2357,508.177728295332,Nord-Odal,0.01638846737481032,0.12801744949345897,0,10.029955498242208,2.3055761650988176,0.9686041578277471,13.091904169919621
3414,2019,63,3373,0,501000,48.32051282051282,5024,2297,2371,508.177728295332,Nord-Odal,0.018677734954046843,0.1366665099943905,0,9.886304968249727,2.2911504629068107,0.9687895402783636,13.124361380067002
3414,2020,98,3380,0,495000,48.9468085106383,5016,2303,2377,508.177728295332,Nord-Odal,0.028994082840236687,0.17027648939368195,0,9.870562444414933,2.2895568370715327,0.9688683214135465,13.112313041550827
3414,2021,133,3442,0,512000,49.45161290322581,5038,2310,2394,508.177728295332,Nord-Odal,0.03864032539221383,0.19657142567579303,0,9.913854384960613,2.2939332116713316,0.9649122807017544,13.146079904021645
3414,2022,215,3451,0,542000,50.11827956989247,5016,2313,2412,508.177728295332,Nord-Odal,0.06230078238191829,0.24960124675553663,0,9.870562444414933,2.2895568370715327,0.9589552238805971,13.203021280421783
3414,2023,256,3384,62.5,581000,50.75,5010,2327,2426,508.177728295332,Nord-Odal,0.07565011820330969,0.27504566566901156,4.828377731159175,9.85875555153884,2.2883599488376865,0.9591920857378401,13.272506035834049
5435,2016,0,1309,7.4,449000,44.69230769230769,3276,1103,1216,4110.8749604801105,Nordkapp,0,0,2.6991616063975625,0.7969106410420702,-0.2270127256219461,0.9070723684210527,13.01477816672439
5435,2017,1,1330,7.4,478000,45.18627450980392,3291,1112,1226,4110.8749604801105,Nordkapp,7.518796992481203e-4,0.02742042485535409,2.6991616063975625,0.8005594992885998,-0.22244442165156622,0.9070146818923328,13.077366011473593
5435,2018,3,1318,7.4,487000,45.611111111111114,3239,1122,1231,4110.8749604801105,Nordkapp,0.002276176024279211,0.04770928656225338,2.6991616063975625,0.7879101240339638,-0.2383712514235769,0.9114541023558083,13.096019402064726
5435,2019,4,1360,7.4,506000,45.56818181818182,3218,1124,1233,4110.8749604801105,Nordkapp,0.0029411764705882353,0.05423261445466404,2.6991616063975625,0.7828017224888223,-0.24487584304257767,0.9115977291159773,13.134291948269603
5435,2020,12,1303,7.4,501000,46.06818181818182,3162,1125,1235,4110.8749604801105,Nordkapp,0.00920951650038373,0.09596622583171503,2.6991616063975625,0.7691793183684451,-0.26243115282548873,0.9109311740890689,13.124361380067002
5435,2021,22,1342,7.4,518000,46.75,3075,1124,1230,4110.8749604801105,Nordkapp,0.01639344262295082,0.12803687993289598,2.6991616063975625,0.7480159405385732,-0.2903309903542879,0.9138211382113821,13.15773052124162
5435,2022,41,1338,7.4,550000,47.88157894736842,2947,1152,1260,4110.8749604801105,Nordkapp,0.030642750373692077,0.17505070800682893,2.6991616063975625,0.7168790168348538,-0.3328481878572114,0.9142857142857143,13.217673557208654
5435,2023,55,1365,207.4,577000,48.026315789473685,2932,1148,1256,4110.8749604801105,Nordkapp,0.040293040293040296,0.20073126386549828,6.027802288263205,0.7132301585883242,-0.337951107588364,0.9140127388535032,13.265597545490236
3207,2016,1627,29470,29.4,614500,40.33232810615199,57053,9537,14916,212.09267303390297,Nordre Follo,0.05520868680013573,0.23496528850052667,4.074430960841815,269.0003345418731,5.5947126232511515,0.6393805309734514,13.328564207988226
3207,2017,2308,30336,29.4,628500,40.47943595769683,57686,9564,15275,212.09267303390297,Nordre Follo,0.07608122362869198,0.27582825023679497,4.074430960841815,271.98487894383277,5.605746472632436,0.6261211129296236,13.351091307012439
3207,2018,3075,30675,29.4,645500,40.775510204081634,58058,9594,15402,212.09267303390297,Nordre Follo,0.10024449877750612,0.31661411651647203,4.074430960841815,273.7388292084915,5.612174473753778,0.6229061160888196,13.377780489268835
3207,2019,4097,31226,123.4,663500,41.01580278128951,58237,9634,15589,212.09267303390297,Nordre Follo,0.13120476525971947,0.3622219834020562,5.50859470922766,274.5827999003569,5.6152528544469575,0.617999871704407,13.4052841327544
3207,2020,5297,28034,145.4,662000,41.03050847457627,59288,9731,15948,212.09267303390297,Nordre Follo,0.18894913319540557,0.43468279606559723,5.672647570723156,279.53818089002453,5.633138887523333,0.6101705543014798,13.403020834919145
3207,2021,6984,28930,145.4,689000,41.08424908424909,60034,9711,16185,212.09267303390297,Nordre Follo,0.2414103007258901,0.4913352223542396,5.672647570723156,283.05551125947466,5.645643031268115,0.6,13.442996549995796
3207,2022,8636,29472,145.4,714000,41.01946472019465,61032,9728,16633,212.09267303390297,Nordre Follo,0.2930238870792617,0.5413168084211516,5.672647570723156,287.7610014856291,5.662130279662203,0.5848614200685385,13.478638241321722
3207,2023,9611,29291,149,766000,40.90153301886792,62245,9750,17290,212.09267303390297,Nordre Follo,0.32812126591785873,0.5728187024860997,5.697104747069223,293.4801995260353,5.681810173708024,0.5639097744360902,13.548937448722729
3448,2016,13,4208,0,441000,45.275,6751,2975,3065,956.2947833952486,Nordre Land,0.0030893536121673003,0.05558195401537535,0,7.05953866655124,1.9543797046889666,0.9706362153344209,12.996800154428984
3448,2017,19,4267,7.4,456000,45.476851851851855,6773,2985,3075,956.2947833952486,Nordre Land,0.00445277712678697,0.06672913251936495,2.6991616063975625,7.082544125100214,1.9576331828619997,0.9707317073170731,13.030248088496522
3448,2018,26,4236,7.4,480000,45.96969696969697,6750,2989,3085,956.2947833952486,Nordre Land,0.006137865911237016,0.07834453338451264,2.6991616063975625,7.058492963889923,1.9542315675136714,0.9688816855753647,13.081541382884074
3448,2019,46,4268,7.4,481000,46.44387755102041,6671,2983,3083,956.2947833952486,Nordre Land,0.01077788191190253,0.10381657821322436,2.6991616063975625,6.975882453645878,1.9424588363566115,0.9675640609795654,13.083622549087899
3448,2020,90,4297,7.4,486000,46.95054945054945,6633,2986,3086,956.2947833952486,Nordre Land,0.02094484524086572,0.14472334034586723,2.6991616063975625,6.936145752515831,1.936746253172652,0.9675955930006481,13.093963902882631
3448,2021,133,4338,7.4,500000,47.70108695652174,6581,2990,3090,956.2947833952486,Nordre Land,0.03065928999538958,0.17509794400674605,2.6991616063975625,6.881769214127345,1.9288757721032153,0.9676375404530745,13.122363377404328
3448,2022,219,4321,207.4,522000,47.95569620253165,6577,2993,3097,956.2947833952486,Nordre Land,0.05068271233510761,0.22512821310335054,6.027802288263205,6.877586403482077,1.928267776948447,0.9664191152728447,13.165422866864775
3448,2023,257,4274,207.4,557000,48.17469879518072,6527,3003,3107,956.2947833952486,Nordre Land,0.06013102480112307,0.24521628168032208,6.027802288263205,6.825301270416226,1.9206364822823134,0.9665271966527197,13.230320518909421
5428,2016,12,2658,0,481000,42.34313725490196,4895,2071,2133,3684.224865376617,Nordreisa,0.004514672686230248,0.06719131406833957,0,1.3286376860440663,0.2841541210763331,0.9709329582747305,13.083622549087899
5428,2017,21,2719,0,500000,42.38636363636363,4919,2046,2108,3684.224865376617,Nordreisa,0.007723427730783376,0.08788303437400974,0,1.3351519464046502,0.2890451029070622,0.9705882352941176,13.122363377404328
5428,2018,28,2753,0,511000,42.625,4944,2057,2126,3684.224865376617,Nordreisa,0.010170722847802398,0.10085000172435496,0,1.3419376342802583,0.29411456524924906,0.9675446848541862,13.144124869185841
5428,2019,35,2765,0,528000,43.04545454545455,4909,2056,2125,3684.224865376617,Nordreisa,0.012658227848101266,0.1125087900926024,0,1.3324376712544068,0.2870101001697748,0.9675294117647059,13.176851562688398
5428,2020,46,2790,0,539000,43.372727272727275,4861,2066,2154,3684.224865376617,Nordreisa,0.016487455197132617,0.12840348592282305,0,1.3194091505332393,0.27718402315717783,0.9591457753017641,13.197470849891134
5428,2021,90,2854,0,561000,44.285714285714285,4812,2073,2167,3684.224865376617,Nordreisa,0.03153468815697267,0.17758008941593836,0,1.3061092022970475,0.2670526432062919,0.9566220581449008,13.237476184504834
5428,2022,163,2839,0,580000,44.58139534883721,4746,2074,2174,3684.224865376617,Nordreisa,0.057414582599506866,0.23961340237872103,0,1.288194986305442,0.2532420031074312,0.954001839926403,13.270783382522602
5428,2023,236,2814,0,635000,44.52542372881356,4772,2080,2188,3684.224865376617,Nordreisa,0.08386638237384506,0.2895969308778065,0,1.2952521016960745,0.2587053493295291,0.9506398537477148,13.36138027787483
3338,2016,5,1651,0,545000,45.85,2548,1366,1368,2508.2437164384123,Nore og Uvdal,0.0030284675953967293,0.05503151456571706,0,1.0158502474464641,0.015725944047084654,0.9985380116959064,13.208541073645382
3338,2017,8,1642,0,561000,46.292682926829265,2530,1370,1373,2508.2437164384123,Nore og Uvdal,0.0048721071863581,0.0698004812759776,0,1.0086739113185064,0.008636509076596601,0.9978150036416606,13.237476184504834
3338,2018,13,1655,0,570000,46.76923076923077,2482,1360,1363,2508.2437164384123,Nore og Uvdal,0.00785498489425982,0.08862835265455304,0,0.9895370149772857,-0.010518106880416746,0.9977989728539985,13.253391639810733
3338,2019,25,1691,0,587000,47.68421052631579,2448,1361,1364,2508.2437164384123,Nore og Uvdal,0.01478415138971023,0.12159009577144937,0,0.9759817134022544,-0.024311429012752628,0.9978005865102639,13.282780098810234
3338,2020,32,1694,0,591000,48.04054054054054,2439,1353,1356,2508.2437164384123,Nore og Uvdal,0.018890200708382526,0.1374416265488099,0,0.9723935453382755,-0.02799467442904905,0.9977876106194691,13.289571296388235
3338,2021,59,1744,7.4,606000,49.13513513513514,2412,1363,1366,2508.2437164384123,Nore og Uvdal,0.0338302752293578,0.1839300824480808,2.6991616063975625,0.9616290411463388,-0.03912651479789329,0.9978038067349927,13.314635265051452
3338,2022,91,1713,7.4,632000,49.34848484848485,2455,1372,1375,2508.2437164384123,Nore og Uvdal,0.053123175715119673,0.23048465396880477,2.6991616063975625,0.9787725107853491,-0.021456032416348324,0.9978181818181818,13.356644673128994
3338,2023,115,1689,69.9,676000,49.14634146341464,2486,1376,1379,2508.2437164384123,Nore og Uvdal,0.06808762581409118,0.26093605694516653,4.940263992366865,0.9911317563390541,-0.008907800574312829,0.9978245105148659,13.423948355025102
4005,2016,57,6509,3.6,521874.38314539794,42.82058823529412,12717,4495,4916,985.7159321109004,Notodden,0.008757105546166846,0.09357940770365479,1.992835764939741,12.901282799362567,2.557326748234669,0.9143612693246542,13.165182192589716
4005,2017,89,6571,3.6,531268.1220420151,42.91916167664671,12757,4504,4925,985.7159321109004,Notodden,0.01354436158879927,0.11638024569831114,1.992835764939741,12.941862441729045,2.5604672077522124,0.914517766497462,13.183022110718047
4005,2018,148,6519,3.6,542000,43.433734939759034,12664,4511,4948,985.7159321109004,Notodden,0.022702868538119342,0.15067471101057184,1.992835764939741,12.847514773226983,2.5531503897747703,0.9116814874696847,13.203021280421783
4005,2019,223,6611,214.6,560000,43.607142857142854,12682,4512,4949,985.7159321109004,Notodden,0.03373165935561942,0.1836618070139228,6.061928439221481,12.865775612291898,2.554570732473899,0.911699333198626,13.235692062711331
4005,2020,391,6911,236.6,568000,44.22832369942196,13049,4746,5177,985.7159321109004,Notodden,0.056576472290551294,0.23785809275816389,6.159522597990089,13.238093831004337,2.583098569676169,0.9167471508595711,13.249876697703288
4005,2021,607,7039,358.6,588000,44.58181818181818,12994,4755,5186,985.7159321109004,Notodden,0.08623384003409575,0.29365598926992065,6.5753566858290595,13.182296822750429,2.5788747796543987,0.9168916313150791,13.284482226880764
4005,2022,849,7134,458.6,616000,44.87083333333333,13029,4772,5200,985.7159321109004,Notodden,0.1190075693860387,0.3449747373157036,6.821326739680659,13.217804009821098,2.581564709416854,0.9176923076923077,13.331002242515657
4005,2023,1073,7237,458.6,664000,44.917682926829265,13025,4776,5209,985.7159321109004,Notodden,0.14826585601768688,0.3850530561074498,6.821326739680659,13.213746045584449,2.5812576548354897,0.9168746400460741,13.406037428458571
5060,2016,24,5303,0,498904.5599435759,41.36538461538461,9513,3596,3774,4778.080342994612,Nærøysund,0.004525740147086555,0.06727362148038825,0,1.9909669400908037,0.6886204202685615,0.9528351881293058,13.1201700938025
5060,2017,34,5457,0,507884.8420225602,41.257425742574256,9556,3574,3788,4778.080342994612,Nærøysund,0.006230529595015576,0.07893370379638584,0,1.9999663701784631,0.6931303655078047,0.9435058078141499,13.138010011930831
5060,2018,50,5513,0,524500,40.76704545454545,9609,3590,3818,4778.080342994612,Nærøysund,0.009069472156720479,0.09523377634390269,0,2.011058690984183,0.6986612953393724,0.9402828706128863,13.17020070681849
5060,2019,77,5659,0,542000,40.7196261682243,9650,3598,3858,4778.080342994612,Nærøysund,0.013606644283442304,0.11664752154864802,0,2.0196395429282306,0.7029190513951362,0.9326075686884396,13.203021280421783
5060,2020,113,5656,7.4,543000,40.86752136752137,9623,3572,3856,4778.080342994612,Nærøysund,0.019978783592644978,0.14134632500579908,2.6991616063975625,2.0139887379894676,0.7001172024185055,0.9263485477178424,13.204864598916073
5060,2021,231,5842,7.4,566000,41.14347826086957,9581,3593,3877,4778.080342994612,Nærøysund,0.03954125299554947,0.1988498252338922,2.6991616063975625,2.005198596973614,0.6957431067129779,0.926747485168945,13.24634935718532
5060,2022,366,5847,29.4,596000,40.8,9732,3608,3949,4778.080342994612,Nærøysund,0.06259620318111853,0.2501923323787492,4.074430960841815,2.0368012468163252,0.7113805609655178,0.9136490250696379,13.297995946047488
5060,2023,466,5738,51.4,635000,40.59047619047619,9890,3642,3996,4778.080342994612,Nærøysund,0.08121296619031021,0.28497888727116294,4.632879966309094,2.0698689201616784,0.7274852816788623,0.9114114114114115,13.36138027787483
5021,2016,21,3797,22,486960.2518786284,43.18348623853211,6886,2461,2676,2276.6955287005244,Oppdal,0.005530682117461154,0.07436855597267675,3.7847057630994327,3.0245590212628652,1.106765302761225,0.9196562032884903,13.095937780414733
5021,2017,41,3888,33,495725.5364124436,43.36813186813187,6973,2492,2709,2276.6955287005244,Oppdal,0.010545267489711935,0.10269015283712424,4.1898842314256335,3.0627722996320013,1.1193204860837667,0.9198966408268734,13.113777698543064
5021,2018,60,3986,33,514000,43.72527472527472,6970,2521,2742,2276.6955287005244,Oppdal,0.015052684395383844,0.12268938175483583,4.1898842314256335,3.061454600377893,1.1188901626173255,0.9194018964259665,13.149978544437301
5021,2019,82,4085,40.4,530000,44.19662921348315,6975,2526,2739,2276.6955287005244,Oppdal,0.0200734394124847,0.14168076585226627,4.392130101604592,3.0636507658014067,1.1196072655523224,0.9222343921139102,13.180632285528304
5021,2020,122,4076,62.4,530000,44.27777777777778,7001,2556,2777,2276.6955287005244,Oppdal,0.029931305201177625,0.17300666230286516,4.8267766550453,3.075070826003677,1.1233279338399536,0.920417716960749,13.180632285528304
5021,2021,192,4153,212.4,546000,44.59615384615385,6981,2568,2793,2276.6955287005244,Oppdal,0.046231639778473395,0.21501544079082646,6.051624011428192,3.066286164309623,1.1204671108331574,0.9194414607948442,13.210374254727043
5021,2022,350,4193,223.4,568000,44.34375,7066,2577,2815,2276.6955287005244,Oppdal,0.08347245409015025,0.28891599832849385,6.102116076418529,3.103620976509353,1.1325694867818463,0.9154529307282415,13.249876697703288
5021,2023,461,4186,223.4,616000,44.11827956989247,7256,2599,2878,2276.6955287005244,Oppdal,0.11012900143334926,0.3318568990293094,6.102116076418529,3.1870752626028684,1.1591036506577286,0.9030576789437109,13.331002242515657
5059,2016,0,0,0,490635.4235909199,43.542328042328045,NA,NA,NA,2151.9559806630905,Orkland,NA,NA,0,NA,NA,NA,13.10345661282876
5059,2017,0,0,50,499466.8612155564,43.542328042328045,NA,NA,NA,2151.9559806630905,Orkland,NA,NA,4.605270170991424,NA,NA,NA,13.12129653095709
5059,2018,0,0,50,506666.6666666667,43.542328042328045,NA,NA,NA,2151.9559806630905,Orkland,NA,NA,4.605270170991424,NA,NA,NA,13.13560860415435
5059,2019,0,0,100,519333.3333333333,43.542328042328045,NA,NA,NA,2151.9559806630905,Orkland,NA,NA,5.298342365610589,NA,NA,NA,13.16030121674472
5059,2020,630,10842,100,534000,43.542328042328045,18217,6074,6797,2151.9559806630905,Orkland,0.058107360265633644,0.24105468314395728,5.298342365610589,8.465321857739267,2.135978037040569,0.8936295424451964,13.188151117942333
5059,2021,978,11219,250,557000,43.77835051546392,18300,6112,6867,2151.9559806630905,Orkland,0.08717354487922274,0.29525166363497896,6.214612098398192,8.503891419917034,2.1405238728392524,0.8900538808795689,13.230320518909421
5059,2022,1531,11333,272,583000,43.822916666666664,18502,6153,6933,2151.9559806630905,Orkland,0.13509220859437043,0.3675489200016379,6.298952625947812,8.59775951100027,2.151501647341004,0.88749459108611,13.27594246533263
5059,2023,1838,11186,728.5,626000,43.64730290456431,18690,6195,7008,2151.9559806630905,Orkland,0.16431253352404793,0.4053548242269332,7.284135277259936,8.685121892800511,2.1616114344593487,0.8839897260273972,13.347105650082236
3430,2016,4,1257,0,467000,46.125,1956,854,854,1040.6015604805916,Os,0.0031821797931583136,0.056410812732651826,0,1.8796819784669943,0.6311026021427287,1,13.054084536651034
3430,2017,4,1279,0,474000,46.455882352941174,1963,853,853,1040.6015604805916,Os,0.003127443315089914,0.05592354884205682,0,1.8864088567130417,0.6346749458244271,1,13.068962600677214
3430,2018,6,1304,0,485000,47.285714285714285,1936,853,853,1040.6015604805916,Os,0.004601226993865031,0.0678323447469202,0,1.8604623263354299,0.6208250193844883,1,13.091904169919621
3430,2019,9,1288,0,521000,47.629629629629626,1912,860,860,1040.6015604805916,Os,0.006987577639751553,0.08359173188630292,0,1.8373987437775527,0.6083508451593127,1,13.163505320735505
3430,2020,18,1283,0,524000,48.05555555555556,1891,862,862,1040.6015604805916,Os,0.014029618082618862,0.1184466887786183,0,1.8172181090394102,0.5973068202064236,1,13.169246963303179
3430,2021,26,1296,0,536000,48.76923076923077,1870,866,866,1040.6015604805916,Os,0.020061728395061727,0.14163943093313291,0,1.7970374743012676,0.5861394613965983,1,13.19188944005294
3430,2022,45,1276,0,542000,49.145833333333336,1855,872,872,1040.6015604805916,Os,0.03526645768025078,0.18779365718855037,0,1.7826227352025943,0.5780857265895015,1,13.203021280421783
3430,2023,59,1272,0,605000,49.84848484848485,1844,878,878,1040.6015604805916,Os,0.046383647798742135,0.21536863234636128,0,1.772051926530234,0.5721381556645052,1,13.312983737012978
5020,2016,0,551,0,451127.3276837859,49.38461538461539,976,596,596,1752.8375050202462,Osen,0,0,0,0.556811454116351,-0.5855285988438607,1,13.019504901663085
5020,2017,1,561,0,459247.619582094,49.285714285714285,978,603,609,1752.8375050202462,Osen,0.0017825311942959,0.04222003309207491,0,0.5579524611944583,-0.5834815152221358,0.9901477832512315,13.037344819791416
5020,2018,4,577,0,488000,50.166666666666664,967,600,606,1752.8375050202462,Osen,0.006932409012131715,0.08326108942436265,0,0.5516769222648683,-0.5947926898036587,0.9900990099009901,13.098070684835283
5020,2019,5,596,0,486000,51.1,947,601,611,1752.8375050202462,Osen,0.008389261744966443,0.09159291318091396,0,0.5402668514837955,-0.6156920920708749,0.983633387888707,13.093963902882631
5020,2020,11,589,50,491000,51.1,948,600,614,1752.8375050202462,Osen,0.01867572156196944,0.13665914371885052,4.605270170991424,0.5408373550228491,-0.6146366830019313,0.9771986970684039,13.104199406776658
5020,2021,24,587,94,502000,52.388888888888886,925,600,620,1752.8375050202462,Osen,0.04088586030664395,0.20220252299772115,5.23647025497466,0.5277157736246154,-0.639197447744528,0.967741935483871,13.126355398673866
5020,2022,49,590,94,544000,52.666666666666664,904,602,622,1752.8375050202462,Osen,0.08305084745762711,0.28818543935741636,5.23647025497466,0.5157351993044891,-0.6621618248647766,0.9678456591639871,13.206704525838079
5020,2023,67,589,94,580000,52.54545454545455,904,605,625,1752.8375050202462,Osen,0.11375212224108659,0.33727158528563683,5.23647025497466,0.5157351993044891,-0.6621618248647766,0.968,13.270783382522602
0301,2016,16773,288314,298.8,446000,35.0900386224654,658390,26965,265028,481.040340328838,Oslo,0.058176155164161296,0.24119733656108497,6.392924433940895,1368.6793909008259,7.221601605677704,0.10174396667521922,13.008074231002201
0301,2017,24808,294058,490,460000,35.175349794238684,666759,27182,267126,481.040340328838,Oslo,0.0843643090818818,0.2904553478279954,6.887553612895811,1386.0771001953915,7.23423280604928,0.10175722318306717,13.038981768465277
0301,2018,36148,298951,620.2,475000,35.24743806987816,673469,27319,268053,481.040340328838,Oslo,0.12091613675819783,0.34772997678974676,7.123189837170477,1400.0260342814872,7.244246111345796,0.1019164120528403,13.071070083016778
0301,2019,49688,299799,664.4,493000,35.35552384834896,681071,27453,271483,481.040340328838,Oslo,0.16573771093299178,0.4071089669032012,7.1920321246432,1415.8292827051084,7.255470703923991,0.10112235388587867,13.108264453024827
0301,2020,67782,301297,818.8,501000,35.402550661137624,693494,27184,275460,481.040340328838,Oslo,0.2249673909796646,0.4743072748542495,7.400987407239965,1441.6545596278459,7.273546732716604,0.09868583460393524,13.124361380067002
0301,2021,89723,306953,1277.6,525000,35.560770440251574,697010,27210,274867,481.040340328838,Oslo,0.29230207881988446,0.5406496821601623,7.845885930622422,1448.9637179358506,7.278603902625446,0.09899333132023852,13.17115354157376
0301,2022,111301,304747,1986.4,548000,35.6963011280792,699827,27586,277287,481.040340328838,Oslo,0.36522426799935687,0.6043378756948441,8.287226478112645,1454.8197756587317,7.28263730640698,0.09948537075304648,13.214030565930152
0301,2023,119721,287016,2542.8,592000,35.812651791135394,709037,27845,279172,481.040340328838,Oslo,0.4171230872146501,0.6458506694388805,8.534168334286981,1473.9657790764577,7.295711856113738,0.09974137807516513,13.291261913866142
4630,2016,169,4219,14.8,531000,39.026041666666664,7957,2907,3008,313.4451286195516,Osterøy,0.040056885517895234,0.20014216326875062,3.388913756318583,25.385623426478322,3.2341830069505937,0.9664228723404256,13.182517300224076
4630,2017,211,4363,22.200000000000003,544000,39.04444444444445,8026,2922,3034,313.4451286195516,Osterøy,0.04836121934448774,0.2199118444843018,3.79374634791829,25.605757649983033,3.242817234399921,0.9630850362557679,13.206704525838079
4630,2018,298,4423,22.200000000000003,561000,39.03048780487805,8125,2925,3037,313.4451286195516,Osterøy,0.0673750847840832,0.25956711036663177,3.79374634791829,25.92160240544632,3.255076690770997,0.9631215014817254,13.237476184504834
4630,2019,426,4501,44.2,576000,39.35164835164835,8120,2937,3049,313.4451286195516,Osterøy,0.09464563430348812,0.30764530599943846,4.481999911345393,25.90565065011989,3.2544611167287827,0.9632666448015743,13.263862939678027
4630,2020,524,4467,144.2,579000,39.924528301886795,8098,2941,3053,313.4451286195516,Osterøy,0.11730467875531676,0.34249770620446024,5.664360428100978,25.835462926683604,3.2517480801651653,0.9633147723550606,13.269057756555132
4630,2021,722,4590,177.2,597000,40.53703703703704,8080,2963,3075,313.4451286195516,Osterøy,0.15729847494553376,0.3966087176872613,5.870434180459851,25.77803660750846,3.2495228350881997,0.9635772357723578,13.29967239237474
4630,2022,883,4598,177.2,623000,40.92718446601942,8131,2976,3089,313.4451286195516,Osterøy,0.19204001739886908,0.43822370702515523,5.870434180459851,25.940744511838034,3.2558148797808966,0.9634185820653933,13.34230179776959
4630,2023,1006,4525,184.6,665000,41.352380952380955,8152,2994,3136,313.4451286195516,Osterøy,0.22232044198895026,0.47150868707686633,5.9113458388400755,26.007741884209032,3.2583942584756196,0.954719387755102,13.407542319637992
5047,2016,24,2102,36.8,557707.3073402405,38.72222222222222,3825,1316,1371,729.8647631989949,Overhalla,0.011417697431018078,0.10685362619498731,4.2988295800245915,5.240696897374574,1.6564544851719796,0.9598832968636032,13.231589564928063
5047,2017,29,2121,36.8,567746.0388723647,38.787234042553195,3840,1328,1383,729.8647631989949,Overhalla,0.013672795851013672,0.11693073099495134,4.2988295800245915,5.261248649913297,1.6603683844931159,0.9602313810556761,13.249429483056394
5047,2018,43,2143,36.8,594000,39.46875,3845,1328,1383,729.8647631989949,Overhalla,0.02006532897806813,0.14165214074650664,4.2988295800245915,5.268099234092872,1.6616696208510877,0.9602313810556761,13.294634598344782
5047,2019,60,2193,36.8,604000,39.406976744186046,3879,1337,1392,729.8647631989949,Overhalla,0.027359781121751026,0.16540792339471233,4.2988295800245915,5.314683206513979,1.6704734063513105,0.9604885057471264,13.311329476916953
5047,2020,83,2172,36.8,607000,39.142857142857146,3884,1347,1414,729.8647631989949,Overhalla,0.03821362799263352,0.19548306318613262,4.2988295800245915,5.321533790693554,1.6717615683225588,0.9526166902404526,13.316284070041636
5047,2021,153,2219,36.8,627000,39.34444444444444,3865,1357,1427,729.8647631989949,Overhalla,0.06894997746732763,0.2625832772042569,4.2988295800245915,5.29550157081117,1.6668576999328657,0.9509460406447092,13.348701819615057
5047,2022,295,2227,59,666000,39.83653846153846,3817,1341,1411,729.8647631989949,Overhalla,0.13246519982038618,0.3639576896019456,4.770756435173042,5.229735962687254,1.6543607916565732,0.9503897944720057,13.409044949522526
5047,2023,381,2236,59,695000,39.74038461538461,3873,1348,1424,729.8647631989949,Overhalla,0.17039355992844366,0.41278754817514013,4.770756435173042,5.306462505498489,1.6689254184260955,0.9466292134831461,13.45166712454693
5436,2016,5,2273,0,484000,45.648148148148145,3978,1752,1794,6012.752962389166,Porsanger - Porsá?gu - Porsanki,0.002199736031676199,0.046901343602035524,0,0.6615937865538621,-0.4131035268617047,0.9765886287625418,13.089840185698769
5436,2017,11,2321,0,498000,45.94262295081968,3971,1758,1800,6012.752962389166,Porsanger - Porsá?gu - Porsanki,0.004739336492890996,0.06884283908215143,0,0.6604295943703837,-0.4148647551443708,0.9766666666666667,13.11835535600679
5436,2018,17,2357,22,520000,46.28813559322034,3964,1770,1812,6012.752962389166,Porsanger - Porsá?gu - Porsanki,0.007212558336868901,0.08492678221190827,3.7847057630994327,0.6592654021869053,-0.4166290908257437,0.9768211920529801,13.16158409055761
5436,2019,25,2396,22,526000,46.767857142857146,3944,1782,1824,6012.752962389166,Porsanger - Porsá?gu - Porsanki,0.010434056761268781,0.10214723080567961,3.7847057630994327,0.6559391388055386,-0.4216872705530962,0.9769736842105263,13.173056491719846
5436,2020,31,2401,22,524000,46.906976744186046,3998,1780,1828,6012.752962389166,Porsanger - Porsá?gu - Porsanki,0.012911286963765098,0.1136278441393882,3.7847057630994327,0.6649200499352289,-0.40808847121527697,0.973741794310722,13.169246963303179
5436,2021,51,2469,22,542000,47.3,3921,1784,1838,6012.752962389166,Porsanger - Porsá?gu - Porsanki,0.020656136087484813,0.14372242722513703,3.7847057630994327,0.6521139359169666,-0.4275359839832906,0.970620239390642,13.203021280421783
5436,2022,80,2478,22,574000,47.41463414634146,3904,1788,1852,6012.752962389166,Porsanger - Porsá?gu - Porsanki,0.03228410008071025,0.17967776735230837,3.7847057630994327,0.6492866120428048,-0.4318810387426392,0.9654427645788337,13.260384675301703
5436,2023,107,2439,44,622000,47.9390243902439,3863,1786,1858,6012.752962389166,Porsanger - Porsá?gu - Porsanki,0.043870438704387046,0.20945271233475837,4.477465921704087,0.6424677721110028,-0.44243862360934105,0.961248654467169,13.340695371721317
4001,2016,660,18473,25.6,469000,41.94400785854617,35955,9004,12044,199.3301468663024,Porsgrunn,0.03572781897905051,0.1890180387662789,3.9361207836781484,180.37913765305282,5.195060956002401,0.7475921620724012,13.058358047428417
4001,2017,960,18594,44,483000,42.1605415860735,36198,9029,12080,199.3301468663024,Porsgrunn,0.05162955792191029,0.22722138526536248,4.477465921704087,181.59822068600212,5.201796668134622,0.7474337748344371,13.087771932634709
4001,2018,1277,18513,44,495000,42.56852248394004,36091,9075,12166,199.3301468663024,Porsgrunn,0.06897855560957165,0.26263768885971345,4.477465921704087,181.06142280729605,5.198836326225278,0.7459312839059674,13.112313041550827
4001,2019,1740,18875,44,513000,42.70666666666666,36224,9095,12323,199.3301468663024,Porsgrunn,0.09218543046357616,0.30362053695950175,4.477465921704087,181.7286575537251,5.202514682028661,0.7380507993183478,13.148031124152906
4001,2020,2326,18983,116,517000,43.046840958605664,36397,9100,12393,199.3301468663024,Porsgrunn,0.12253068535005004,0.35004383346953855,5.446755950221091,182.59656440434333,5.207279153111704,0.7342854837408215,13.155798153490567
4001,2021,3183,19280,345.4,538000,43.18961625282167,36526,9116,12476,199.3301468663024,Porsgrunn,0.16509336099585062,0.4063168234221303,6.537852441802979,183.24373194035343,5.210817135217793,0.7306829111894838,13.195613839143922
4001,2022,4073,19398,345.4,563000,43.40501043841336,36624,9135,12515,199.3301468663024,Porsgrunn,0.20997010001031033,0.4582249447709174,6.537852441802979,183.73537859561694,5.213496562658154,0.7299240910906911,13.241034907121827
4001,2023,4690,19486,645.4,603000,43.46284501061571,37056,9122,12596,199.3301468663024,Porsgrunn,0.240685620445448,0.49059720794705713,7.16301806035805,185.90263732086012,5.225223081398473,0.724198158145443,13.309672475709322
5043,2016,1,259,0,496148.1811593572,47.9,469,228,228,1583.6535729519564,Raarvihke - Røyrvik,0.003861003861003861,0.062136976600120006,0,0.29615062789633734,-1.2168870760644248,1,13.114629913426885
5043,2017,1,268,0,505078.8484202256,49.375,469,226,226,1583.6535729519564,Raarvihke - Røyrvik,0.0037313432835820895,0.06108472217815261,0,0.29615062789633734,-1.2168870760644248,1,13.132469831555216
5043,2018,1,278,0,507000,48.22222222222222,474,227,227,1583.6535729519564,Raarvihke - Røyrvik,0.0035971223021582736,0.059976014390406715,0,0.2993078840572791,-1.2062825228156275,1,13.13626628257332
5043,2019,1,258,0,545000,47.6,482,225,225,1583.6535729519564,Raarvihke - Røyrvik,0.003875968992248062,0.062257280636469035,0,0.30435949391478595,-1.1895457304601036,1,13.208541073645382
5043,2020,1,265,0,540000,49.5,461,225,225,1583.6535729519564,Raarvihke - Røyrvik,0.0037735849056603774,0.06142951168339512,0,0.29109901803883054,-1.2340918015140554,1,13.199324418540456
5043,2021,6,260,0,533000,49.7,459,225,225,1583.6535729519564,Raarvihke - Røyrvik,0.023076923076923078,0.15191090506255,0,0.2898361155744538,-1.238439634450159,1,13.186276703147982
5043,2022,13,241,0,542000,51.125,441,224,229,1583.6535729519564,Raarvihke - Røyrvik,0.05394190871369295,0.23225397459180963,0,0.2784699933950635,-1.278444969063858,0.9781659388646288,13.203021280421783
5043,2023,11,225,0,638000,51.3,429,226,231,1583.6535729519564,Raarvihke - Røyrvik,0.04888888888888889,0.22110831935702666,0,0.2708925786088033,-1.306032925582687,0.9783549783549783,13.366093562326927
3120,2016,54,4630,0,486000,42.214285714285715,8084,2779,2953,434.9671416143403,Rakkestad,0.011663066954643628,0.10799568025918271,0,18.585311915739158,2.9223715868066122,0.9410768709786658,13.093963902882631
3120,2017,76,4757,0,495000,42.190677966101696,8173,2801,2975,434.9671416143403,Rakkestad,0.015976455749421904,0.12639800532216441,0,18.78992507265415,2.93332082579923,0.9415126050420168,13.112313041550827
3120,2018,114,4837,0,508000,42.679245283018865,8202,2812,3002,434.9671416143403,Rakkestad,0.023568327475708084,0.15351979506144503,0,18.856596775469146,2.936862814235105,0.9367088607594937,13.138236726560619
3120,2019,155,4959,0,524000,43.090090090090094,8230,2824,3024,434.9671416143403,Rakkestad,0.03125630167372454,0.17679451822306183,0,18.920969454049143,2.940270801954216,0.9338624338624338,13.169246963303179
3120,2020,227,4975,0,531000,43.319047619047616,8255,2843,3043,434.9671416143403,Rakkestad,0.04562814070351759,0.21360744533727655,0,18.97844505992414,2.9433038646373286,0.9342753861321065,13.182517300224076
3120,2021,350,5124,0,549000,43.74193548387097,8222,2868,3091,434.9671416143403,Rakkestad,0.06830601092896176,0.2613541867446584,0,18.902577260169142,2.939298275740924,0.9278550630863798,13.215853720491667
3120,2022,505,5137,0,584000,43.91428571428571,8312,2878,3115,434.9671416143403,Rakkestad,0.09830640451625462,0.3135385215826831,0,19.109489441319134,2.9501850410621637,0.923916532905297,13.277656261810364
3120,2023,653,5172,0,625000,44.2688679245283,8371,2897,3136,434.9671416143403,Rakkestad,0.1262567672080433,0.3553262827431195,0,19.245131871184128,2.957258138943157,0.9237882653061225,13.345506928718539
1833,2016,93,14030,33,500000,42.066964285714285,26039,6882,8772,4584.680699427824,Rana,0.006628652886671418,0.08141653939262844,4.1898842314256335,5.679566736948488,1.7368749511174395,0.7845417236662107,13.122363377404328
1833,2017,130,14310,83,516000,42.237864077669904,26101,6882,8852,4584.680699427824,Rana,0.009084556254367574,0.09531293854649313,5.112024076118548,5.693090034221456,1.739253164743145,0.7774514234071396,13.1538620444637
1833,2018,200,14402,83,531000,42.25827814569536,26230,6893,9042,4584.680699427824,Rana,0.013886960144424386,0.1178429469439066,5.112024076118548,5.721227217257147,1.744183330851004,0.7623313426233135,13.182517300224076
1833,2019,297,14546,127,548000,42.316071428571426,26315,6904,9060,4584.680699427824,Rana,0.02041798432558779,0.14289151243369141,5.5373497666891724,5.73976722158299,1.7474186557779638,0.7620309050772627,13.214030565930152
1833,2020,443,14556,177,551000,42.6140350877193,26184,6904,9073,4584.680699427824,Rana,0.030434185215718605,0.17445396302669253,5.869304892865257,5.711193803151397,1.742428074171101,0.7609390499283588,13.219490088135052
1833,2021,776,14930,199,565000,42.902061855670105,26083,6900,9085,4584.680699427824,Rana,0.051975887474882784,0.2279822086805959,5.9864583181965525,5.6891639156583365,1.7385632980899997,0.759493670886076,13.244581010128577
1833,2022,1422,15049,199,590000,43.04391891891892,26092,6902,9128,4584.680699427824,Rana,0.09449132832746363,0.30739441817876856,5.9864583181965525,5.6911269749398965,1.7389082909060711,0.7561349693251533,13.287877815881902
1833,2023,1826,14954,206.4,647000,43.140221402214024,25980,6885,9128,4584.680699427824,Rana,0.12210779724488431,0.349439261166922,6.022969082528051,5.666697792769374,1.734606548214675,0.7542725679228747,13.380101573483037
1127,2016,339,5160,0,614000,36.410714285714285,10737,2915,3584,91.30074073630009,Randaberg,0.06569767441860465,0.25631557584080733,0,117.60036023159117,4.767292098653638,0.8133370535714286,13.327750207129279
1127,2017,477,5264,0,619000,36.65963855421687,10873,2918,3599,91.30074073630009,Randaberg,0.09061550151975684,0.3010240879394153,0,119.08994288889734,4.779879030217251,0.810780772436788,13.335860551666734
1127,2018,756,5312,0,632000,36.88976377952755,10972,2910,3609,91.30074073630009,Randaberg,0.14231927710843373,0.37725227250267657,0,120.17427144090698,4.788942951276995,0.8063175394846218,13.356644673128994
1127,2019,983,5485,0,645000,37.04135338345865,11053,2918,3674,91.30074073630009,Randaberg,0.17921604375569736,0.4233391592514179,0,121.06144934709668,4.796298262530457,0.7942297223734349,13.37700559577791
1127,2020,1164,5541,200,646000,37.44932432432432,11221,2922,3774,91.30074073630009,Randaberg,0.21007038440714673,0.45833435874604334,5.991470797049389,122.90152204141609,4.8113834008843686,0.7742448330683624,13.37855478276474
1127,2021,1425,5782,211,679000,37.982394366197184,11315,2929,3836,91.30074073630009,Randaberg,0.24645451400899343,0.49644185360321247,6.045010929316312,123.9310865251424,4.819725657287139,0.763555787278415,13.428376406540833
1127,2022,1686,5824,211,704000,38.070422535211264,11454,2936,3882,91.30074073630009,Randaberg,0.28949175824175827,0.538044383152318,6.045010929316312,125.45352762341857,4.831935392173304,0.7563111798042246,13.46453363514018
1127,2023,1861,5812,211,757000,38.26331360946745,11671,2945,3891,91.30074073630009,Randaberg,0.32019958706125257,0.5658618091559569,6.045010929316312,127.83028818691446,4.850703510631855,0.7568748393729119,13.537118532419585
1539,2016,58,4260,7.4,482000,44.03225806451613,7492,2586,2693,1559.6101849901895,Rauma,0.013615023474178404,0.11668343273223669,2.6991616063975625,4.803764474035624,1.5693998759625047,0.9602673598217601,13.085699393032737
1539,2017,92,4325,29.4,499000,44.34466019417476,7503,2586,2705,1559.6101849901895,Rauma,0.021271676300578034,0.14584812751824425,4.074430960841815,4.810817518511651,1.5708670319442541,0.9560073937153419,13.120361374733656
1539,2018,132,4304,29.4,504000,44.463855421686745,7507,2586,2720,1559.6101849901895,Rauma,0.03066914498141264,0.1751260830984712,4.074430960841815,4.813382261957479,1.571400009971528,0.950735294117647,13.130331547053506
1539,2019,187,4427,29.4,521000,44.575892857142854,7487,2601,2735,1559.6101849901895,Rauma,0.042240795120849335,0.2055256556268568,4.074430960841815,4.800558544728339,1.5687322746292107,0.9510054844606947,13.163505320735505
1539,2020,249,4419,149.3,519000,44.82022471910113,7468,2605,2739,1559.6101849901895,Rauma,0.05634758995247793,0.23737647303909024,5.699116100461696,4.788376013360657,1.566191317060139,0.9510770354143848,13.159659162148026
1539,2021,303,4243,149.3,548000,45.12048192771084,7026,2435,2578,1559.6101849901895,Rauma,0.07141173697855291,0.2672297456844071,5.699116100461696,4.504971862596676,1.5051816452242979,0.9445306439100077,13.214030565930152
1539,2022,453,4259,156.7,573000,45.0679012345679,7019,2437,2581,1559.6101849901895,Rauma,0.10636299600845268,0.3261334021661269,5.747490511037865,4.500483561566477,1.504184849128947,0.9442076714451763,13.258640995696876
1539,2023,540,4245,156.7,616000,45,7046,2444,2575,1559.6101849901895,Rauma,0.127208480565371,0.3566629789666584,5.747490511037865,4.517795579825815,1.5080241712997084,0.949126213592233,13.331002242515657
3424,2016,0,1209,0,401000,51.675,1881,1155,1155,3179.982301155453,Rendalen,0,0,0,0.5915127261294929,-0.5250720807833178,1,12.901716706288706
3424,2017,2,1218,0,405000,51.65217391304348,1858,1151,1151,3179.982301155453,Rendalen,0.0016420361247947454,0.04052204492365539,0,0.5842799814718754,-0.5373749907105645,1,12.911642346088676
3424,2018,3,1204,0,420000,52.166666666666664,1827,1165,1165,3179.982301155453,Rendalen,0.0024916943521594683,0.04991687442297913,0,0.5745314995420433,-0.5542003537063416,1,12.948009990259552
3424,2019,7,1229,0,434000,52.93055555555556,1791,1165,1165,3179.982301155453,Rendalen,0.005695687550854353,0.07546977905661546,0,0.5632106818170769,-0.5741015080236366,1,12.980799813082541
3424,2020,11,1190,0,445000,53.51282051282051,1780,1063,1063,3179.982301155453,Rendalen,0.009243697478991597,0.09614414947874673,0,0.5597515430677816,-0.5802622667982175,1,13.005829561148378
3424,2021,13,1209,0,464000,54.48684210526316,1741,1054,1054,3179.982301155453,Rendalen,0.010752688172043012,0.10369516947304253,0,0.5474873238657347,-0.6024159703161592,1,13.047639831208393
3424,2022,30,1232,0,478000,55.25,1722,1059,1059,3179.982301155453,Rendalen,0.024350649350649352,0.15604694598308982,0,0.5415124478442247,-0.6133892250966722,1,13.077366011473593
3424,2023,44,1240,150,507000,55.41428571428571,1769,1082,1082,3179.982301155453,Rendalen,0.035483870967741936,0.18837162994395398,5.703793585582131,0.5562924043184864,-0.586461215924563,1,13.13626628257332
5022,2016,5,1506,0,469503.1862452436,46.65116279069768,2562,1085,1100,948.7555775918458,Rennebu,0.0033200531208499337,0.057619902124612585,0,2.7003793816980024,0.9933922748794344,0.9863636363636363,13.05943036407227
5022,2017,8,1558,0,477954.24359765794,46.827586206896555,2556,1089,1094,948.7555775918458,Rennebu,0.005134788189987163,0.07165743639000186,0,2.6940553082045646,0.9910476079201803,0.9954296160877514,13.077270282200601
5022,2018,15,1541,0,496000,46.9054054054054,2541,1097,1102,948.7555775918458,Rennebu,0.00973393900064893,0.09866072673890523,0,2.67824512447097,0.9851617757429191,0.9954627949183303,13.114331205707064
5022,2019,21,1563,0,511000,47.53947368421053,2501,1098,1103,948.7555775918458,Rennebu,0.013435700575815739,0.11591246945784452,0,2.6360846345147166,0.9692947233003739,0.9954669084315503,13.144124869185841
5022,2020,39,1548,0,511000,47.94871794871795,2486,1094,1099,948.7555775918458,Rennebu,0.025193798449612403,0.1587255444142889,0,2.620274450781122,0.9632790644934113,0.9954504094631483,13.144124869185841
5022,2021,75,1590,0,536000,48.60526315789474,2454,1107,1112,948.7555775918458,Rennebu,0.04716981132075472,0.2171861213815347,0,2.5865460588161198,0.9503234176936117,0.9955035971223022,13.19188944005294
5022,2022,114,1575,0,546000,49.1625,2443,1108,1113,948.7555775918458,Rennebu,0.07238095238095238,0.2690370836538197,0,2.57495192407815,0.9458308636804954,0.995507637017071,13.210374254727043
5022,2023,168,1549,200,581000,49.2027027027027,2481,1110,1115,948.7555775918458,Rennebu,0.10845706907682376,0.32932820874748,5.991470797049389,2.6150043895365904,0.9612657761145559,0.9955156950672646,13.272506035834049
5061,2016,5,1243,0,514524.0397208149,43.77777777777778,2036,721,727,632.7569448912051,Rindal,0.004022526146419952,0.06342338800805229,0,3.217665197416467,1.1686560025784984,0.9917469050894085,13.15099755759776
5061,2017,10,1266,0,523785.4724357895,44.18518518518518,2026,729,735,632.7569448912051,Rindal,0.007898894154818325,0.08887572309026985,0,3.201861340847624,1.1637323097167138,0.9918367346938776,13.168837475726091
5061,2018,11,1298,0,539499.0366088632,44.24074074074074,2039,732,738,632.7569448912051,Rindal,0.00847457627118644,0.09205746178983233,0,3.22240635438712,1.17012839548254,0.991869918699187,13.198396277967635
5061,2019,14,1301,0,567000,44.72727272727273,2028,738,744,632.7569448912051,Rindal,0.010760953112990008,0.10373501392003574,0,3.2050221121613927,1.1647189896191588,0.9919354838709677,13.248114582709889
5061,2020,18,1326,0,560000,45.274193548387096,2003,745,752,632.7569448912051,Rindal,0.013574660633484163,0.1165103456070926,0,3.1655124707392845,1.1523149605739031,0.9906914893617021,13.235692062711331
5061,2021,40,1335,0,577000,46.265625,1989,751,757,632.7569448912051,Rindal,0.0299625468164794,0.1730969289631662,0,3.143387071542904,1.1453009037620572,0.9920739762219286,13.265597545490236
5061,2022,76,1319,50,592000,46.86363636363637,1980,760,766,632.7569448912051,Rindal,0.0576194086429113,0.2400404312671332,4.605270170991424,3.1291636006309456,1.140765748596666,0.9921671018276762,13.291261913866142
5061,2023,95,1269,72,648000,47.47727272727273,1957,762,768,632.7569448912051,Rindal,0.07486209613869188,0.27360938605737173,4.969861521396496,3.092814730522606,1.1290815923041613,0.9921875,13.381645975334411
3439,2016,14,2784,0,447000,45.57377049180328,4462,2093,2104,1248.4727775336382,Ringebu,0.005028735632183908,0.07091357861639692,0,3.573966593660692,1.2736760696484186,0.9947718631178707,13.010313873595706
3439,2017,41,2843,0,465000,45.83870967741935,4502,2099,2110,1248.4727775336382,Ringebu,0.014421385860007034,0.12008907469044398,0,3.606005738381989,1.2826007161226183,0.9947867298578199,13.049792684569493
3439,2018,53,2838,0,487000,46.403225806451616,4454,2099,2111,1248.4727775336382,Ringebu,0.018675123326286118,0.13665695491370397,0,3.5675587647164324,1.2718815424732537,0.9943154902889626,13.096019402064726
3439,2019,65,2877,0,494000,46.8359375,4425,2113,2125,1248.4727775336382,Ringebu,0.02259297879735836,0.1503096097971063,0,3.544330384793492,1.2653492520979708,0.9943529411764706,13.110290796170059
3439,2020,97,2907,0,489000,47.215384615384615,4392,2115,2134,1248.4727775336382,Ringebu,0.033367733058135535,0.18266836906847211,0,3.5178980903984223,1.2578636778453074,0.9910965323336457,13.10011776845701
3439,2021,142,2926,436.6,511000,47.625,4408,2127,2157,1248.4727775336382,Ringebu,0.048530416951469584,0.2202962027622573,6.772165936186046,3.530713748286941,1.2615000454886913,0.9860917941585535,13.144124869185841
3439,2022,205,2905,436.6,541000,48.24603174603175,4385,2118,2148,1248.4727775336382,Ringebu,0.07056798623063683,0.2656463555756729,6.772165936186046,3.5122912400721953,1.2562685994622242,0.9860335195530726,13.201174557828619
3439,2023,252,2873,686.6,581000,48.114754098360656,4416,2132,2162,1248.4727775336382,Ringebu,0.08771319178558998,0.29616412980911444,7.224899591896283,3.5371215772312006,1.2633132826128721,0.9861239592969473,13.272506035834049
3305,2016,336,17106,22,461000,42.96748878923767,29801,9028,10972,1556.6713327151192,Ringerike,0.019642230796211857,0.14015074311687348,3.7847057630994327,19.144053965471063,2.951992169525577,0.8228217280349982,13.041153321978786
3305,2017,480,17305,22,472000,43.18058690744921,30034,9064,11097,1556.6713327151192,Ringerike,0.027737648078590003,0.16654623405706298,3.7847057630994327,19.29373231767249,2.9597802927883525,0.8167973326124178,13.064734264567692
3305,2018,714,17256,22,488000,43.3421052631579,30283,9125,11223,1556.6713327151192,Ringerike,0.041376912378303196,0.2034131568466091,3.7847057630994327,19.45368901165599,2.9680367184891043,0.8130624610175532,13.098070684835283
3305,2019,969,17476,22,504000,43.58133971291866,30442,9196,11353,1556.6713327151192,Ringerike,0.05544747081712062,0.23547286641377732,3.7847057630994327,19.555830033115335,2.9732734533877387,0.8100061657711618,13.130331547053506
3305,2020,1353,17766,22,509000,43.840852130325814,30641,9212,11463,1556.6713327151192,Ringerike,0.07615670381627829,0.27596504093141633,3.7847057630994327,19.683666909029856,2.979789200945794,0.803629067434354,13.14020329553266
3305,2021,1913,18195,22,529000,44.12222222222222,30835,9245,11646,1556.6713327151192,Ringerike,0.10513877438856829,0.3242510977445848,3.7847057630994327,19.808291803137486,2.9861006279737197,0.7938347930619956,13.178743710840436
3305,2022,2756,18441,72,547000,44.271907216494846,31011,9276,11781,1556.6713327151192,Ringerike,0.14944959600889324,0.3865871130921118,4.969861521396496,19.92135356274028,2.991792199784721,0.7873694932518462,13.212204081404119
3305,2023,3179,18257,802,587000,44.21621621621622,31444,9310,11901,1556.6713327151192,Ringerike,0.17412499315331106,0.41728286947023246,7.380256177105408,20.199511187217613,3.0056584054617734,0.7822872027560709,13.282780098810234
3411,2016,225,20330,25.6,486000,42.75829875518672,33597,11869,12607,1280.6487616484478,Ringsaker,0.011067388096409248,0.10520165443760496,3.9361207836781484,26.234359495068755,3.2670699827018517,0.9414610930435472,13.093963902882631
3411,2017,339,20788,47.6,498000,42.888636363636365,33842,11920,12735,1280.6487616484478,Ringsaker,0.01630748508755051,0.1277007638487355,4.556090261792949,26.425668780906534,3.2743358400796203,0.9360031409501374,13.11835535600679
3411,2018,506,21179,47.6,510000,43.00328947368421,34151,11995,12965,1280.6487616484478,Ringsaker,0.023891590726663203,0.154569048410939,4.556090261792949,26.666952737330508,3.283425073598125,0.9251831854994215,13.142166004700508
3411,2019,754,21770,69.6,528000,42.950892857142854,34488,11999,13102,1280.6487616484478,Ringsaker,0.03463481855764814,0.18610432170599409,4.935963352440429,26.93010061213594,3.293244642878019,0.9158143794840482,13.176851562688398
3411,2020,1200,21638,194.6,525000,43.13846153846154,34768,11997,13209,1280.6487616484478,Ringsaker,0.055457990572141604,0.235495202864393,5.9640999519244655,27.148739795950547,3.3013306289472593,0.9082443788326141,13.17115354157376
3411,2021,1735,22184,694.6,550000,43.44871794871795,34897,12026,13326,1280.6487616484478,Ringsaker,0.07820952037504508,0.2796596509599572,7.236483839037351,27.249469991350846,3.3050340710614177,0.9024463454900196,13.217673557208654
3411,2022,2465,22376,694.6,577000,43.595238095238095,35073,12035,13411,1280.6487616484478,Ringsaker,0.1101626742938863,0.33190762915890665,7.236483839037351,27.386900335462883,3.310064809125977,0.8973976586384311,13.265597545490236
3411,2023,2848,22183,1215.6,621000,43.67767653758542,35475,12047,13580,1280.6487616484478,Ringsaker,0.12838660235315333,0.3583107622625273,7.796140410786282,27.70080373508242,3.321461428479292,0.8871134020618556,13.339086360915616
4201,2016,64,3529,0,454000,44.598214285714285,6920,2639,2861,576.4879493042018,Risør,0.018135449135732503,0.13466792170272956,0,12.003720126937894,2.485216612322808,0.9224047535826634,13.025852477023484
4201,2017,89,3550,0,463000,45.243478260869566,6936,2656,2884,576.4879493042018,Risør,0.025070422535211266,0.15833642201089193,0,12.031474393127347,2.4875260821714704,0.9209431345353676,13.045482333068371
4201,2018,131,3570,0,474000,45.857142857142854,6882,2662,2902,576.4879493042018,Risør,0.03669467787114846,0.19155854945981518,0,11.937803744737947,2.4797101500685184,0.9172984148862853,13.068962600677214
4201,2019,194,3664,0,485000,46.81818181818182,6848,2680,3007,576.4879493042018,Risør,0.05294759825327511,0.23010345119809722,0,11.87882592908536,2.4747574815326705,0.8912537412703692,13.091904169919621
4201,2020,253,3578,0,491000,47.38659793814433,6809,2689,3045,576.4879493042018,Risør,0.07070989379541644,0.2659133200789619,0,11.811174905248572,2.469046109194059,0.8830870279146141,13.104199406776658
4201,2021,338,3661,0,519000,48.07920792079208,6762,2695,3064,576.4879493042018,Risør,0.09232450150232177,0.3038494717821997,0,11.729646748317059,2.462119546978924,0.8795691906005222,13.159659162148026
4201,2022,459,3697,0,541000,48.7,6735,2700,3078,576.4879493042018,Risør,0.12415472004327834,0.3523559564464298,0,11.682811424122358,2.458118652555557,0.8771929824561403,13.201174557828619
4201,2023,567,3669,22.200000000000003,580000,48.92929292929293,6806,2713,3106,576.4879493042018,Risør,0.1545380212591987,0.39311324228420325,3.79374634791829,11.805970980338051,2.468605418771944,0.8734707018673535,13.270783382522602
3336,2016,5,843,0,493000,47.523809523809526,1404,706,706,450.0676978986997,Rollag,0.005931198102016607,0.07701427206704357,0,3.11953069850396,1.1376825733614309,1,13.108264453024827
3336,2017,6,852,0,512000,47.55263157894737,1399,708,712,450.0676978986997,Rollag,0.007042253521126761,0.08391813582966891,0,3.1084212586944733,1.1341149634411556,0.9943820224719101,13.146079904021645
3336,2018,10,885,0,523000,47.45238095238095,1411,717,729,450.0676978986997,Rollag,0.011299435028248588,0.10629880069054677,0,3.135083914237242,1.1426559406284886,0.9835390946502057,13.16733674304706
3336,2019,8,886,0,540000,47.416666666666664,1419,721,737,450.0676978986997,Rollag,0.009029345372460496,0.09502286762911596,0,3.152859017932421,1.148309665935717,0.9782903663500678,13.199324418540456
3336,2020,21,900,0,538000,48.111111111111114,1390,724,740,450.0676978986997,Rollag,0.023333333333333334,0.15275252316519466,0,3.0884242670373965,1.1276610149004118,0.9783783783783784,13.195613839143922
3336,2021,29,905,0,566000,48.333333333333336,1386,726,746,450.0676978986997,Rollag,0.032044198895027624,0.17900893523795852,0,3.079536715189807,1.124779168525523,0.9731903485254692,13.24634935718532
3336,2022,44,869,0,589000,49.6,1370,727,747,450.0676978986997,Rollag,0.05063291139240506,0.2250175801852048,0,3.0439865077994486,1.1131680075978452,0.9732262382864793,13.286181462633724
3336,2023,65,870,0,626000,49.84,1366,730,750,450.0676978986997,Rollag,0.07471264367816093,0.273336136795267,0,3.0350989559518586,1.11024402890641,0.9733333333333334,13.347105650082236
3112,2016,128,4142,0,535000,43.06967213114754,7357,2391,2576,158.9595175454474,Råde,0.03090294543698696,0.17579233611561956,0,46.282224012768495,3.8347579567622105,0.9281832298136646,13.190022025878143
3112,2017,183,4290,0,543000,43.52475247524752,7398,2406,2600,158.9595175454474,Råde,0.04265734265734266,0.2065365407315196,0,46.5401513179912,3.8403154092223453,0.9253846153846154,13.204864598916073
3112,2018,241,4424,0,571000,43.845238095238095,7465,2413,2607,158.9595175454474,Råde,0.0544755877034358,0.2334000593475413,0,46.96164228018442,3.849331146803237,0.9255849635596471,13.255144488638146
3112,2019,315,4340,0,582000,43.97196261682243,7542,2418,2612,158.9595175454474,Råde,0.07258064516129033,0.26940795304016235,0,47.44604234121245,3.8595931146482485,0.9257274119448698,13.274225726713574
3112,2020,431,4333,0,593000,44.48245614035088,7508,2428,2622,158.9595175454474,Råde,0.09946918993768751,0.3153873648986077,0,47.2321514051741,3.8550748345363455,0.9260106788710908,13.292949677979863
3112,2021,627,4471,0,622000,44.75213675213675,7568,2441,2668,158.9595175454474,Råde,0.1402370834265265,0.3744824207176173,0,47.60960599818295,3.8630345475616603,0.9149175412293853,13.340695371721317
3112,2022,834,4545,0,585000,44.91279069767442,7633,2455,2682,158.9595175454474,Råde,0.1834983498349835,0.4283670737054653,0,48.0185151406092,3.8715866686284164,0.9153616703952274,13.279367126213993
3112,2023,984,4580,0,679000,43.013888888888886,8317,2467,2694,158.9595175454474,Råde,0.21484716157205241,0.4635160855591232,0,52.32149750091009,3.9574073286986335,0.9157386785449146,13.428376406540833
3224,2016,365,8351,10.8,583000,37.9875,17426,2987,5309,71.7091375166376,Rælingen,0.04370734043827087,0.20906300590556634,3.0748298034738086,243.00947694367272,5.493100442348278,0.5626294970804294,13.27594246533263
3224,2017,573,8421,10.8,595000,38.02325581395349,17730,3027,5349,71.7091375166376,Rælingen,0.06804417527609548,0.26085278468150475,3.0748298034738086,247.2488251010741,5.510395218625299,0.5659001682557487,13.296316684527767
3224,2018,812,8420,10.8,596000,38.05905511811024,17874,3058,5394,71.7091375166376,Rælingen,0.09643705463182897,0.31054316065859344,3.0748298034738086,249.25693738615897,5.518484241498383,0.5669262143121987,13.297995946047488
3224,2019,1098,8552,10.8,611000,38.01636363636363,18161,3085,5463,71.7091375166376,Rælingen,0.1283910196445276,0.3583169262601581,3.0748298034738086,253.2592167321267,5.534413536275544,0.5647080358777229,13.322852238153732
3224,2020,1365,8547,10.8,614000,38.19063545150502,18530,3128,5599,71.7091375166376,Rælingen,0.1597051597051597,0.3996312796881141,3.0748298034738086,258.4050044626567,5.554528138836451,0.5586711912841579,13.327750207129279
3224,2021,1763,8659,28.8,631000,38.551515151515154,18730,3178,5650,71.7091375166376,Rælingen,0.2036031874350387,0.4512240989076699,4.053823839701724,261.19404930305234,5.56526361499518,0.5624778761061947,13.35506114152335
3224,2022,2227,8831,28.8,660000,38.55593220338983,19024,3236,5709,71.7091375166376,Rælingen,0.25217982108481485,0.5021750900680109,4.053823839701724,265.2939452184339,5.580838438487609,0.5668243124890524,13.399995114002609
3224,2023,2553,8905,28.8,704000,38.587859424920126,19618,3262,5945,71.7091375166376,Rælingen,0.286692869174621,0.5354370823678736,4.053823839701724,273.577408394409,5.611584610681307,0.5486963835155593,13.46453363514018
1836,2016,0,574,0,462000,43.8421052631579,1268,676,676,3101.3848757225114,Rødøy,0,0,0,0.40884961099986067,-0.894407889824131,1,13.043320170063875
1836,2017,0,568,0,474000,44.125,1267,681,681,3101.3848757225114,Rødøy,0,0,0,0.40852717439812575,-0.8951968445001631,1,13.068962600677214
1836,2018,1,578,0,485000,44.90625,1249,681,681,3101.3848757225114,Rødøy,0.0017301038062283738,0.04159451654038515,0,0.40272331556689744,-0.9095055146957245,1,13.091904169919621
1836,2019,3,601,0,521000,45.3125,1238,671,671,3101.3848757225114,Rødøy,0.004991680532445923,0.07065182610835988,0,0.3991765129478135,-0.9183515715767608,1,13.163505320735505
1836,2020,7,607,0,565000,45.96153846153846,1213,664,664,3101.3848757225114,Rødøy,0.011532125205930808,0.10738773303283206,0,0.39111559790444084,-0.938752115877252,1,13.244581010128577
1836,2021,12,597,25.6,571000,46.75,1206,659,659,3101.3848757225114,Rødøy,0.020100502512562814,0.1417762410016672,3.9361207836781484,0.3888585416922965,-0.9445396475341714,1,13.255144488638146
1836,2022,30,608,25.6,575000,47.31818181818182,1153,649,649,3101.3848757225114,Rødøy,0.049342105263157895,0.22213082915965965,3.9361207836781484,0.3717694018003465,-0.9894815045522432,1,13.262125319779487
1836,2023,40,604,33,624000,48.11538461538461,1139,648,648,3101.3848757225114,Rødøy,0.06622516556291391,0.2573425063274894,4.1898842314256335,0.3672552893760578,-1.0016980613741202,1,13.343905647351566
5025,2016,4,3158,22,467665.6003890978,45.97413793103448,5635,2138,2150,1956.339523892581,Røros,0.001266624445851805,0.03558966768391923,3.7847057630994327,2.8803793672725533,1.0579220102203262,0.9944186046511628,13.055508790419088
5025,2017,8,3209,22,476083.5811961016,46.31896551724138,5623,2175,2187,1956.339523892581,Røros,0.0024929884699283265,0.04992983546866869,3.7847057630994327,2.8742454626749896,1.0557901920386512,0.9945130315500685,13.07334870854742
5025,2018,15,3232,25.6,485000,46.34756097560975,5663,2183,2205,1956.339523892581,Røros,0.004641089108910891,0.06812553932932121,3.9361207836781484,2.894691811333535,1.0628786498602545,0.9900226757369615,13.091904169919621
5025,2019,29,3305,25.6,498000,47.03703703703704,5610,2164,2198,1956.339523892581,Røros,0.008774583963691377,0.09367274931212054,3.9361207836781484,2.8676003993609624,1.0534755822631914,0.9845313921747043,13.11835535600679
5025,2020,51,3282,25.6,509000,47.31159420289855,5581,2177,2211,1956.339523892581,Røros,0.015539305301645339,0.124656749924123,3.9361207836781484,2.852776796583517,1.048292834534883,0.984622342831298,13.14020329553266
5025,2021,105,3348,25.6,539000,47.62686567164179,5550,2187,2221,1956.339523892581,Røros,0.03136200716845878,0.17709321604301725,3.9361207836781484,2.8369308763731445,1.0427227904869296,0.984691580369203,13.197470849891134
5025,2022,173,3268,197.6,557000,47.76470588235294,5572,2204,2238,1956.339523892581,Røros,0.052937576499388,0.2300816735409146,5.979398368556079,2.8481763681353445,1.0466789186461458,0.9848078641644326,13.230320518909421
5025,2023,225,3243,205,598000,47.90625,5598,2211,2245,1956.339523892581,Røros,0.06938020351526364,0.2634012215523376,6.016163108485247,2.8614664947633988,1.0513342538218482,0.9848552338530067,13.301346032932768
1856,2016,2,195,0,459000,45.125,551,271,274,3370.126076446943,Røst,0.010256410256410256,0.10127393670836667,0,0.1634953670875448,-1.8109706249022919,0.9890510948905109,13.036805489042683
1856,2017,2,206,0,471000,46.875,535,270,273,3370.126076446943,Røst,0.009708737864077669,0.0985329278164293,0,0.1587477702211188,-1.8404386871592,0.989010989010989,13.062613372998555
1856,2018,5,211,0,462000,48.1875,517,277,280,3370.126076446943,Røst,0.023696682464454975,0.1539372679517698,0,0.15340672374638958,-1.8746625595467774,0.9892857142857143,13.043320170063875
1856,2019,8,218,0,498000,48,508,277,280,3370.126076446943,Røst,0.03669724770642202,0.19156525704423027,0,0.15073620050902498,-1.8922239864767245,0.9892857142857143,13.11835535600679
1856,2020,13,200,0,493000,48.6,498,278,281,3370.126076446943,Røst,0.065,0.25495097567963926,0,0.14776895246750874,-1.9121053570305535,0.9893238434163701,13.108264453024827
1856,2021,19,192,0,508000,49.2,488,280,283,3370.126076446943,Røst,0.09895833333333333,0.3145764348029479,0,0.1448017044259925,-1.9323900282020594,0.9893992932862191,13.138236726560619
1856,2022,26,195,0,496000,50.25,469,282,285,3370.126076446943,Røst,0.13333333333333333,0.3651483716701107,0,0.13916393314711165,-1.972102665608927,0.9894736842105263,13.114331205707064
1856,2023,31,204,0,565000,50.5,469,282,285,3370.126076446943,Røst,0.15196078431372548,0.3898214774915891,0,0.13916393314711165,-1.972102665608927,0.9894736842105263,13.244581010128577
5417,2016,4,1279,0,442000,43.85294117647059,2230,1054,1071,521.3118594336414,Salangen,0.003127443315089914,0.05592354884205682,0,4.277669804831786,1.453408423210041,0.9841269841269841,12.999065161059836
5417,2017,8,1288,0,446000,44.48484848484848,2220,1057,1079,521.3118594336414,Salangen,0.006211180124223602,0.07881104062391006,0,4.258487429025365,1.4489140336222017,0.9796107506950881,13.008074231002201
5417,2018,11,1290,0,464000,44.516129032258064,2226,1060,1082,521.3118594336414,Salangen,0.008527131782945736,0.09234247009337435,0,4.269996854509217,1.4516130905913665,0.9796672828096118,13.047639831208393
5417,2019,14,1317,0,478000,45.65,2183,1063,1085,521.3118594336414,Salangen,0.010630220197418374,0.10310295920786354,0,4.187512638541609,1.4321069153058203,0.9797235023041475,13.077366011473593
5417,2020,19,1266,0,487000,46.833333333333336,2146,1064,1086,521.3118594336414,Salangen,0.015007898894154818,0.12250672999535503,0,4.1165378480578525,1.4150124819465202,0.9797421731123389,13.096019402064726
5417,2021,44,1287,0,522000,47.85,2089,1046,1068,521.3118594336414,Salangen,0.03418803418803419,0.18490006540840973,0,4.007198305961255,1.3880923203124422,0.9794007490636704,13.165422866864775
5417,2022,101,1280,0,549000,48.65,2087,1048,1070,521.3118594336414,Salangen,0.07890625,0.2809025631780529,0,4.003361830799971,1.387134465833077,0.9794392523364486,13.215853720491667
5417,2023,133,1263,0,577000,49.15625,2048,1040,1064,521.3118594336414,Salangen,0.10530482977038796,0.324507056580266,0,3.9285505651549313,1.3682705449152748,0.9774436090225563,13.265597545490236
1840,2016,5,2720,11,481000,45.53623188405797,4700,1913,1969,2244.1891172568885,Saltdal,0.001838235294117647,0.04287464628562721,3.093102195050827,2.0942976524834465,0.7392182477542115,0.9715591670898933,13.083622549087899
1840,2017,7,2799,22,506000,45.69230769230769,4702,1912,1972,2244.1891172568885,Saltdal,0.002500893176134334,0.050008930963722206,3.7847057630994327,2.095188842973865,0.7396436891560765,0.9695740365111561,13.134291948269603
1840,2018,9,2761,22,514000,46.009803921568626,4691,1925,1989,2244.1891172568885,Saltdal,0.0032596885186526622,0.05709368195039327,3.7847057630994327,2.0902872952765637,0.7373015183845197,0.9678230266465561,13.149978544437301
1840,2019,14,2767,36.8,537000,46.35964912280702,4657,1933,2044,2244.1891172568885,Saltdal,0.005059631369714492,0.07113108581846964,4.2988295800245915,2.0751370569394494,0.7300272030384389,0.9456947162426614,13.193753373491
1840,2020,20,2773,36.8,540000,46.58474576271186,4671,1943,2053,2244.1891172568885,Saltdal,0.00721240533717995,0.08492588143304695,4.2988295800245915,2.0813753903723784,0.7330289205581696,0.9464198733560643,13.199324418540456
1840,2021,53,2862,36.8,561000,46.96363636363636,4632,1940,2056,2244.1891172568885,Saltdal,0.018518518518518517,0.13608276348795434,4.2988295800245915,2.063997175809218,0.7246444793088928,0.943579766536965,13.237476184504834
1840,2022,129,2856,36.8,578000,47.35454545454545,4617,1943,2059,2244.1891172568885,Saltdal,0.045168067226890755,0.21252780342084834,4.2988295800245915,2.0573132471310793,0.7214008825630505,0.9436619718309859,13.267329147654515
1840,2023,184,2813,36.8,617000,47.12,4650,1942,2059,2244.1891172568885,Saltdal,0.06541059367223605,0.2557549484804469,4.2988295800245915,2.0720178902229844,0.7285229586374636,0.9431762991743565,13.332624302887524
4623,2016,59,1395,0,534000,42.44230769230769,2443,1007,1047,291.67949818504894,Samnanger,0.04229390681003584,0.20565482442684355,0,8.375631524331883,2.125326480758623,0.9617956064947469,13.188151117942333
4623,2017,90,1439,0,547000,42.291666666666664,2488,1013,1059,291.67949818504894,Samnanger,0.06254343293954134,0.2500868507929622,0,8.52991045130484,2.1435788633599526,0.9565627950897073,13.212204081404119
4623,2018,128,1452,0,562000,43.1,2463,1019,1065,291.67949818504894,Samnanger,0.0881542699724518,0.2969078476100822,0,8.444199936319864,2.1334798076214203,0.9568075117370892,13.239257128875828
4623,2019,171,1479,0,580000,43.6875,2465,1029,1081,291.67949818504894,Samnanger,0.11561866125760649,0.34002744191845236,0,8.451056777518662,2.134291495977673,0.9518963922294172,13.270783382522602
4623,2020,202,1504,22,584000,43.84285714285714,2485,1026,1078,291.67949818504894,Samnanger,0.13430851063829788,0.3664812555074241,3.7847057630994327,8.519625189506643,2.1423723480316115,0.9517625231910947,13.277656261810364
4623,2021,233,1526,22,612000,44.142857142857146,2504,1031,1083,291.67949818504894,Samnanger,0.1526867627785059,0.39075153586199235,3.7847057630994327,8.584765180895225,2.1499891417208716,0.9519852262234534,13.324487561494463
4623,2022,294,1472,22,634000,44.670731707317074,2501,1030,1082,291.67949818504894,Samnanger,0.19972826086956522,0.446909678648343,3.7847057630994327,8.574479919097028,2.1487903403785014,0.9519408502772643,13.359804233419363
4623,2023,323,1442,22,683000,44.80434782608695,2495,1033,1085,291.67949818504894,Samnanger,0.22399445214979197,0.4732805216251689,3.7847057630994327,8.553909395500632,2.1463884176865013,0.9520737327188941,13.434250138552928
1514,2016,10,1342,0,498000,45.233333333333334,2559,1173,1188,460.5208609128454,Sande,0.007451564828614009,0.0863224468409811,0,5.556751533312833,1.7150136809196843,0.9873737373737373,13.11835535600679
1514,2017,12,1358,0,511000,45.48780487804878,2540,1175,1202,460.5208609128454,Sande,0.008836524300441826,0.09400278879076847,0,5.515493901764204,1.707561204772478,0.9775374376039934,13.144124869185841
1514,2018,22,1345,0,517000,46.2,2522,1170,1197,460.5208609128454,Sande,0.016356877323420074,0.1278940081607425,0,5.476407724507607,1.7004493612847604,0.9774436090225563,13.155798153490567
1514,2019,25,1357,0,536000,46.477777777777774,2493,1169,1196,460.5208609128454,Sande,0.018422991893883568,0.13573132244947578,0,5.4134355500386455,1.6888839282834536,0.9774247491638796,13.19188944005294
1514,2020,44,1378,0,532000,46.94047619047619,2461,1160,1187,460.5208609128454,Sande,0.03193033381712627,0.17869060920240398,0,5.343949012693585,1.6759648951509516,0.9772535804549284,13.184398768323781
1514,2021,71,1362,0,543000,47.59756097560975,2445,1153,1180,460.5208609128454,Sande,0.052129221732745964,0.22831824660492198,0,5.309205744021054,1.669442246668868,0.9771186440677966,13.204864598916073
1514,2022,137,1383,0,561000,48.2,2422,1150,1177,460.5208609128454,Sande,0.09906001446131597,0.31473800924152134,0,5.259262295304292,1.6599907688729332,0.9770603228547153,13.237476184504834
1514,2023,176,1400,0,613000,48.333333333333336,2442,1143,1170,460.5208609128454,Sande,0.12571428571428572,0.35456210417116735,0,5.302691381144955,1.6682144994305457,0.9769230769230769,13.32612021491835
3907,2016,967,33597,69.4,477772.32259789953,41.26182237600923,63414,14810,19527,607.1806697540992,Sandefjord,0.02878233175581153,0.16965356393489506,4.933085950450711,104.44008374917782,4.648613545718559,0.7584370358990117,13.076889585444038
3907,2017,1296,32998,369.4,491000,41.48882352941177,62019,14319,19084,607.1806697540992,Sandefjord,0.039275107582277716,0.1981794832526256,6.605029080407613,102.1425797779711,4.6263696781745844,0.7503143994969608,13.104199406776658
3907,2018,1728,33320,398.4,504000,41.77402135231317,62615,14385,19282,607.1806697540992,Sandefjord,0.051860744297719086,0.2277295419960245,6.6806052813420695,103.12416570402071,4.63593375447929,0.7460325692355565,13.130331547053506
3907,2019,2429,34331,398.4,520000,41.8577694235589,63271,14475,19477,607.1806697540992,Sandefjord,0.07075238122979231,0.26599319771338575,6.6806052813420695,104.20456900517598,4.646355976776149,0.7431842686245315,13.16158409055761
3907,2020,3379,34562,398.4,520000,42.15667074663403,63764,14573,19697,607.1806697540992,Sandefjord,0.0977663329668422,0.31267608313851286,6.6806052813420695,105.0165184372942,4.654117656234694,0.7398588617555973,13.16158409055761
3907,2021,4739,35578,810.9,541000,42.41517323775388,64345,14664,20033,607.1806697540992,Sandefjord,0.13320029231547587,0.36496615228740853,7.391292302704371,105.97340001956739,4.663188119408923,0.7319922128487995,13.201174557828619
3907,2022,6293,35963,810.9,568000,42.630489335006274,64943,14741,20233,607.1806697540992,Sandefjord,0.17498540166282012,0.4183125645528952,7.391292302704371,106.95827985812053,4.672438850560036,0.7285622497899471,13.249876697703288
3907,2023,7268,36074,810.9,610000,42.90530303030303,65574,14836,20548,607.1806697540992,Sandefjord,0.2014747463547153,0.44885938372135575,7.391292302704371,107.99750925298177,4.682108164385886,0.7220167412886899,13.321214236149494
1108,2016,1726,37700,32.8,568000,34.9991652754591,76058,16372,22350,1146.6688599807487,Sandnes,0.045782493368700265,0.21396844012307112,4.183807991555116,66.32952428940726,4.194635111634877,0.7325279642058166,13.249876697703288
1108,2017,2464,38413,76.8,573500,35.30272952853598,76742,16455,22563,1146.6688599807487,Sandnes,0.06414495092807122,0.2532685352112876,5.0343942035442,66.92603477632454,4.2035880510175465,0.7292913176439303,13.259513215551562
1108,2018,4329,38995,76.8,589000,35.64828137490008,77574,16551,22789,1146.6688599807487,Sandnes,0.1110142325939223,0.3331879838678494,5.0343942035442,67.65161478380287,4.214371224011194,0.7262714467506253,13.286181462633724
1108,2019,5811,39600,270.8,613500,36.042494042891185,78439,16664,23013,1146.6688599807487,Sandnes,0.14674242424242423,0.3830697380927189,6.294531130703773,68.40597380600089,4.225460157159951,0.7241124581758137,13.326935543133104
1108,2020,6865,39513,431.8,610000,36.37194189602447,79537,16698,23192,1146.6688599807487,Sandnes,0.1737402880064789,0.4168216501172641,6.761111039471087,69.36353011394705,4.239361226706954,0.7199896516040014,13.321214236149494
1108,2021,8912,41004,431.8,636000,36.804545454545455,80450,16786,23415,1146.6688599807487,Sandnes,0.21734464930250708,0.46620236947328686,6.761111039471087,70.1597495211919,4.250774777949116,0.7168908819133034,13.36295384232226
1108,2022,10923,41721,431.8,660000,37.23654708520179,81305,16921,23759,1146.6688599807487,Sandnes,0.2618105989789315,0.511674309477163,6.761111039471087,70.9053876298385,4.261346419788409,0.712193274127699,13.399995114002609
1108,2023,12368,41857,481.8,713000,37.58015815959741,82548,17033,24168,1146.6688599807487,Sandnes,0.2954822371407411,0.5435827785542338,6.870677347715949,71.98939718428029,4.276518846842601,0.7047749089705395,13.477236699396434
3105,2016,485,28209,57.2,467000,41.27154046997389,54678,12915,16965,427.2301624285947,Sarpsborg,0.017193094402495657,0.13112244049931215,4.739777479793925,127.98253683490483,4.851893823634759,0.7612732095490716,13.054084536651034
3105,2017,684,28669,60.8,481000,41.40553306342781,55127,12982,17123,427.2301624285947,Sarpsborg,0.023858523143465066,0.15446204434573907,4.800804591654574,129.03349259478765,4.860072003180717,0.7581615371138235,13.083622549087899
3105,2018,1038,28909,90.2,493000,41.485155195681514,55543,13028,17250,427.2301624285947,Sarpsborg,0.03590577328859525,0.18948818772840498,5.195207333691569,130.00720661730713,4.867589884436838,0.7552463768115942,13.108264453024827
3105,2019,1553,29673,112.2,507000,41.64366998577525,55997,13070,17487,427.2301624285947,Sarpsborg,0.05233714150911603,0.22877312234857491,5.413450031916122,131.06986567072983,4.875730506764292,0.7474123634700063,13.13626628257332
3105,2020,2336,30169,319.6,512000,41.66712898751734,56732,13137,17755,427.2301624285947,Sarpsborg,0.07743047499088468,0.27826331952106925,6.460219841964308,132.7902498210948,4.888770814325075,0.7399042523232893,13.146079904021645
3105,2021,3677,31153,319.6,533000,41.73737373737374,57372,13172,17925,427.2301624285947,Sarpsborg,0.1180303662568613,0.34355547769881545,6.460219841964308,134.2882713942017,4.899988768324681,0.734839609483961,13.186276703147982
3105,2022,5010,31820,469.6,557000,41.76332899869961,58182,13194,18054,427.2301624285947,Sarpsborg,0.15744814582023883,0.3967973611558409,6.845029582734538,136.1842049476651,4.914008417443179,0.7308075772681955,13.230320518909421
3105,2023,6192,32064,469.6,600000,41.75668449197861,59038,13244,18272,427.2301624285947,Sarpsborg,0.19311377245508982,0.43944712134122554,6.845029582734538,138.18780880169558,4.928613693272395,0.7248248686514887,13.304684934198283
1135,2016,7,2261,50,485000,42.666666666666664,4710,1800,1854,567.5106014625027,Sauda,0.0030959752321981426,0.055641488407465724,4.605270170991424,8.29940443026456,2.116183756838199,0.970873786407767,13.091904169919621
1135,2017,11,2281,50,504000,42.05084745762712,4760,1801,1855,567.5106014625027,Sauda,0.004822446295484437,0.06944383554704073,4.605270170991424,8.387508511265246,2.1267435170532014,0.9708894878706199,13.130331547053506
1135,2018,19,2291,50,521000,42.956896551724135,4663,1801,1863,567.5106014625027,Sauda,0.008293321693583587,0.09106767644770337,4.605270170991424,8.216586594123916,2.1061548666360563,0.9667203435319377,13.163505320735505
1135,2019,34,2323,50,536000,43.64035087719298,4597,1805,1867,567.5106014625027,Sauda,0.014636246233318984,0.12098035474125121,4.605270170991424,8.100289207203012,2.091899765633964,0.9667916443492234,13.19188944005294
1135,2020,58,2269,72,548000,43.877049180327866,4595,1809,1871,567.5106014625027,Sauda,0.025561921551344204,0.15988096056549136,4.969861521396496,8.096765043962984,2.091464604617523,0.9668626402993051,13.214030565930152
1135,2021,104,2318,72,565000,44.041666666666664,4561,1814,1876,567.5106014625027,Sauda,0.04486626402070751,0.21181658108067816,4.969861521396496,8.036854268882518,2.084037746539436,0.9669509594882729,13.244581010128577
1135,2022,173,2318,72,594000,44.45522388059702,4525,1815,1883,567.5106014625027,Sauda,0.07463330457290768,0.2731909672242252,4.969861521396496,7.973419330562025,2.076113425961762,0.9638874137015401,13.294634598344782
1135,2023,230,2283,72,637000,43.84426229508197,4543,1814,1882,567.5106014625027,Sauda,0.10074463425317565,0.31740295249599626,4.969861521396496,8.00513679972227,2.080083435587139,0.9638682252922423,13.3645249345543
3437,2016,23,3533,0,448000,45.29054054054054,5935,2521,2577,905.9311024909996,Sel,0.006510048117746957,0.08068486919954049,0,6.551270823665052,1.8796590497080925,0.9782693053938688,13.012548511397123
3437,2017,39,3611,11,464000,45.78260869565217,5916,2523,2580,905.9311024909996,Sel,0.010800332317917475,0.1039246473071594,3.093102195050827,6.530297926335712,1.8764525664950145,0.977906976744186,13.047639831208393
3437,2018,52,3615,11,470000,46.225806451612904,5872,2527,2588,905.9311024909996,Sel,0.014384508990318118,0.11993543675794122,3.093102195050827,6.481729111467765,1.8689873129586756,0.9764296754250387,13.060487973686241
3437,2019,65,3640,11,483000,46.827777777777776,5789,2529,2601,905.9311024909996,Sel,0.017857142857142856,0.1336306209562122,3.093102195050827,6.390110665239594,1.8547515867433286,0.972318339100346,13.087771932634709
3437,2020,90,3605,11,488000,47.33516483516483,5739,2528,2600,905.9311024909996,Sel,0.024965325936199722,0.158004195944917,3.093102195050827,6.3349188301623816,1.8460770007726865,0.9723076923076923,13.098070684835283
3437,2021,126,3579,25.8,512000,48.44086021505376,5592,2535,2598,905.9311024909996,Sel,0.03520536462699078,0.18763092662722416,3.9438970394659694,6.172654835035379,1.8201290265779704,0.9757505773672055,13.146079904021645
3437,2022,207,3602,40.6,528000,49.05913978494624,5531,2503,2583,905.9311024909996,Sel,0.05746807329261521,0.23972499513529083,4.397066878573666,6.10532079624118,1.809160652659002,0.9690282617111885,13.176851562688398
3437,2023,253,3552,40.6,570000,49.19375,5567,2506,2586,905.9311024909996,Sel,0.07122747747747747,0.2668847644161755,4.397066878573666,6.145058917496773,1.815648330847832,0.9690641918020109,13.253391639810733
5032,2016,34,2532,0,505336.1104400861,43.44897959183673,4132,1833,1847,1235.007622112212,Selbu,0.013428120063191154,0.11587976554684236,0,3.3457283388527697,1.2076844094457178,0.9924201407688142,13.13297905209508
5032,2017,40,2512,0,514432.16042800754,44,4098,1842,1864,1235.007622112212,Selbu,0.01592356687898089,0.12618861628126718,0,3.318198144389799,1.1994219080050337,0.9881974248927039,13.150818970223412
5032,2018,69,2586,0,529000,44.385245901639344,4093,1843,1865,1235.007622112212,Selbu,0.02668213457076566,0.1633466699102423,0,3.314149586380539,1.1982010556985918,0.9882037533512065,13.178743710840436
5032,2019,95,2655,7.4,549000,44.714285714285715,4088,1851,1873,1235.007622112212,Selbu,0.035781544256120526,0.1891601021783413,2.6991616063975625,3.3101010283712786,1.1969787110897292,0.98825413774693,13.215853720491667
5032,2020,122,2630,7.4,550000,45.44444444444444,4062,1848,1870,1235.007622112212,Selbu,0.04638783269961977,0.2153783477966617,2.6991616063975625,3.2890485267231244,1.1905983213465188,0.9882352941176471,13.217673557208654
5032,2021,169,2700,29.4,571000,45.83653846153846,4069,1850,1872,1235.007622112212,Selbu,0.06259259259259259,0.2501851166488378,4.074430960841815,3.294716507936089,1.1923201272078787,0.9882478632478633,13.255144488638146
5032,2022,263,2766,29.4,600000,46,4090,1855,1877,1235.007622112212,Selbu,0.09508315256688359,0.30835556191981295,4.074430960841815,3.3117204515749825,1.1974678282430362,0.988279168886521,13.304684934198283
5032,2023,313,2739,29.4,646000,45.625,4144,1859,1881,1235.007622112212,Selbu,0.11427528294998175,0.338046273385733,4.074430960841815,3.3554448780749944,1.2105843631455075,0.9883040935672515,13.37855478276474
4022,2016,19,1624,25.6,460000,44.30487804878049,2991,1440,1478,716.851641757634,Seljord,0.011699507389162561,0.10816426114554918,3.9361207836781484,4.172411452760892,1.4284941547015633,0.9742895805142084,13.038981768465277
4022,2017,25,1630,25.6,468000,44.3974358974359,2979,1443,1481,716.851641757634,Seljord,0.015337423312883436,0.12384435115451749,3.9361207836781484,4.155671587353627,1.4244740487848975,0.974341661039838,13.056223574899784
4022,2018,37,1586,25.6,482000,44.68604651162791,2959,1446,1484,716.851641757634,Seljord,0.023329129886506934,0.15273876353600266,3.9361207836781484,4.127771811674851,1.4177377484718248,0.9743935309973046,13.085699393032737
4022,2019,50,1610,33,493000,45.22727272727273,2934,1447,1485,716.851641757634,Seljord,0.031055900621118012,0.17622684421256035,4.1898842314256335,4.092897092076382,1.4092530547745423,0.9744107744107744,13.108264453024827
4022,2020,58,1648,33,499000,45.76923076923077,2888,1445,1483,716.851641757634,Seljord,0.03519417475728155,0.18760110542659802,4.1898842314256335,4.028727608015197,1.393450596084332,0.9743762643290627,13.120361374733656
4022,2021,88,1670,233,514000,46.2,2900,1446,1488,716.851641757634,Seljord,0.05269461077844311,0.22955306745596565,6.144190239078273,4.045467473422463,1.3975971120461808,0.9717741935483871,13.149978544437301
4022,2022,145,1687,233,531000,46.5921052631579,2889,1446,1488,716.851641757634,Seljord,0.08595139300533491,0.29317468002086217,6.144190239078273,4.030122596799137,1.3937967965378506,0.9717741935483871,13.182517300224076
4022,2023,170,1677,433,572000,46.62820512820513,2939,1447,1489,716.851641757634,Seljord,0.10137149672033392,0.31838890797314834,6.763886241971329,4.099872035996075,1.4109557624905325,0.9717931497649429,13.256894270361935
5421,2016,29,8452,22,452000,41.931472081218274,14989,6321,6616,4728.873115657842,Senja,0.003431140558447705,0.058575938391524765,3.7847057630994327,3.1696769258556965,1.1536296665615375,0.9554111245465539,13.021437458814368
5421,2017,38,8646,22,466500,42.005025125628144,15072,6327,6638,4728.873115657842,Senja,0.004395095998149434,0.06629552019668775,3.7847057630994327,3.1872286761289654,1.159151785647086,0.9531485387164809,13.053013299269535
5421,2018,73,8735,36.8,479000,42.27808988764045,15025,6327,6639,4728.873115657842,Senja,0.00835718374356039,0.0914176336576286,4.2988295800245915,3.1772897332031382,1.15602854823435,0.9530049706281066,13.079455876393052
5421,2019,114,8834,36.8,492000,42.63513513513514,15011,6315,6665,4728.873115657842,Senja,0.012904686438759338,0.11359879593886256,4.2988295800245915,3.1743291970124665,1.1550963334911177,0.9474868717179294,13.106233995474446
5421,2020,162,8781,77.2,531000,43.1796875,14851,6314,6672,4728.873115657842,Senja,0.018448923812777587,0.1358268155143806,5.039588582386371,3.140494497690503,1.1443802708618869,0.9463429256594724,13.182517300224076
5421,2021,298,8950,77.2,547000,43.82163742690059,14725,6306,6666,4728.873115657842,Senja,0.03329608938547486,0.1824721605765517,5.039588582386371,3.1138496719744566,1.1358597973507292,0.945994599459946,13.212204081404119
5421,2022,626,8959,84.6,565000,44.04117647058823,14738,6155,6553,4728.873115657842,Senja,0.06987386985154594,0.264336660059754,5.1311163753981575,3.1165987412943665,1.1367422601578865,0.9392644590264001,13.244581010128577
5421,2023,778,8901,99.4,602000,44.00299401197605,14851,6091,6564,4728.873115657842,Senja,0.08740590944837659,0.2956449043166085,5.292324595983949,3.140494497690503,1.1443802708618869,0.9279402803168799,13.308012724290958
3332,2016,10,2243,0,508000,45.92592592592592,3512,1812,1823,843.7528563144988,Sigdal,0.004458314757021846,0.06677061297473497,0,4.1623562797053735,1.4260813273123694,0.9939659901261657,13.138236726560619
3332,2017,11,2292,0,497000,46.16981132075472,3502,1810,1821,843.7528563144988,Sigdal,0.004799301919720768,0.06927699415910572,0,4.150504467975005,1.4232298854031593,0.9939593629873695,13.116345305078767
3332,2018,16,2324,0,508000,46.67307692307692,3488,1809,1820,843.7528563144988,Sigdal,0.0068846815834767644,0.08297398136450224,0,4.13391193155249,1.4192241575862325,0.993956043956044,13.138236726560619
3332,2019,26,2352,0,507000,47.113207547169814,3490,1819,1830,843.7528563144988,Sigdal,0.011054421768707483,0.10514001031342675,0,4.136282293898564,1.4197973877538352,0.9939890710382514,13.13626628257332
3332,2020,37,2347,0,511000,47.822916666666664,3467,1820,1831,843.7528563144988,Sigdal,0.015764806135492117,0.12555797917891207,0,4.109023126918716,1.4131853182423857,0.99399235390497,13.144124869185841
3332,2021,65,2395,0,516000,48.3936170212766,3465,1828,1842,843.7528563144988,Sigdal,0.027139874739039668,0.1647418427086442,0,4.106652764572642,1.4126082841813656,0.992399565689468,13.1538620444637
3332,2022,128,2374,0,529000,48.69090909090909,3492,1838,1851,843.7528563144988,Sigdal,0.05391743892165122,0.23220128966405681,0,4.138652656244637,1.420370289516855,0.9929767693138843,13.178743710840436
3332,2023,160,2349,50,564000,49.3,3479,1841,1854,843.7528563144988,Sigdal,0.06811409110259685,0.2609867642287571,4.605270170991424,4.123245300995158,1.4166405477093043,0.9929881337648327,13.242809530480196
4010,2016,28,1418,0,567000,42.28378378378378,2335,901,935,214.2595049669974,Siljan,0.019746121297602257,0.1405208927441121,0,10.897999602676494,2.3885792497025187,0.9636363636363636,13.248114582709889
4010,2017,44,1436,0,582000,42.44285714285714,2357,909,943,214.2595049669974,Siljan,0.03064066852367688,0.17504476148596074,0,11.00067882805503,2.3979569825356517,0.9639448568398727,13.274225726713574
4010,2018,53,1420,0,591000,42.732142857142854,2351,913,947,214.2595049669974,Siljan,0.03732394366197183,0.1931940570047946,0,10.972675402951793,2.3954081281395903,0.9640971488912354,13.289571296388235
4010,2019,60,1413,0,600000,43.517857142857146,2329,921,955,214.2595049669974,Siljan,0.04246284501061571,0.20606514749131088,0,10.869996177573256,2.386006349483862,0.9643979057591623,13.304684934198283
4010,2020,96,1424,0,608000,44,2340,928,962,214.2595049669974,Siljan,0.06741573033707865,0.2596453934447493,0,10.921335790262525,2.390718287951268,0.9646569646569647,13.317930160948304
4010,2021,146,1429,0,644000,44.544117647058826,2347,930,964,214.2595049669974,Siljan,0.10216934919524143,0.3196394049475775,0,10.954006452882968,2.3937052754505443,0.9647302904564315,13.37545400508649
4010,2022,190,1446,0,676000,44.6125,2349,934,968,214.2595049669974,Siljan,0.1313969571230982,0.3624871820121343,0,10.96334092791738,2.3945570642584335,0.9648760330578512,13.423948355025102
4010,2023,231,1440,0,716000,44.891304347826086,2375,955,989,214.2595049669974,Siljan,0.16041666666666668,0.40052049468993056,0,11.084689103364742,2.4055647960682625,0.9656218402426694,13.481435445942783
4228,2016,19,1107,0,559000,40.473684210526315,1832,860,881,1561.4716761081988,Sirdal,0.017163504968383016,0.13100956059915253,0,1.1732521492583612,0.15977950757510262,0.9761634506242906,13.233904752137237
4228,2017,22,1140,400,561000,40.57142857142857,1836,868,889,1561.4716761081988,Sirdal,0.01929824561403509,0.13891812557774846,6.684613290164266,1.1758138351737726,0.16196053352146292,0.9763779527559056,13.237476184504834
4228,2018,30,1142,400,601000,40.54545454545455,1842,862,887,1561.4716761081988,Sirdal,0.02626970227670753,0.162079308601399,6.684613290164266,1.1796563640468893,0.16522317915627918,0.971815107102593,13.306350213517344
4228,2019,39,1160,400,595000,40.15909090909091,1839,863,888,1561.4716761081988,Sirdal,0.03362068965517241,0.18335945477441956,6.684613290164266,1.177735099610331,0.16359318694534827,0.9718468468468469,13.296316684527767
4228,2020,51,1149,400,607000,40.80769230769231,1822,859,884,1561.4716761081988,Sirdal,0.044386422976501305,0.2106808557427592,6.684613290164266,1.166847934469833,0.1543060401609307,0.97171945701357465,13.316284070041636
4228,2021,74,1179,400,626000,41.629629629629626,1772,860,885,1561.4716761081988,Sirdal,0.06276505513146735,0.250529549417763,6.684613290164266,1.1348268605271923,0.1264800935060534,0.9717514124293786,13.347105650082236
4228,2022,119,1192,400,655000,41.73076923076923,1810,869,894,1561.4716761081988,Sirdal,0.09983221476510067,0.3159623628932735,6.684613290164266,1.1591628767235993,0.14769808660089856,0.9720357941834452,13.39239051461739
4228,2023,139,1170,600,672000,41.21875,1837,882,917,1561.4716761081988,Sirdal,0.1188034188034188,0.34467871823397916,7.090077530219813,1.1764542566526253,0.1625050475561527,0.9618320610687023,13.418013619505286
5029,2016,383,4506,0,608240.918384249,37.070093457943926,7755,2388,2483,252.97943951855467,Skaun,0.08499778073679538,0.2915437887124255,0,30.654665117285994,3.4227848569105186,0.9617398308497785,13.318326329805572
5029,2017,427,4602,0,619189.2549151655,36.74015748031496,8000,2404,2564,252.97943951855467,Skaun,0.09278574532811822,0.30460752670956476,0,31.623123267348543,3.4538886019618524,0.9375975039001561,13.336166247933903
5029,2018,525,4656,0,626000,36.78761061946903,8142,2428,2588,252.97943951855467,Skaun,0.11275773195876289,0.33579418094833463,0,32.184433705343984,3.4714829103628038,0.9381761978361669,13.347105650082236
5029,2019,616,4781,0,647000,37.123931623931625,8231,2436,2596,252.97943951855467,Skaun,0.12884333821376281,0.35894754242613613,0,32.53624095169323,3.4823545742725233,0.938366718027735,13.380101573483037
5029,2020,723,4827,0,662000,37.50431034482759,8325,2449,2608,252.97943951855467,Skaun,0.1497824735860783,0.3870174073424583,0,32.90781265008458,3.493710096148524,0.9390337423312883,13.403020834919145
5029,2021,897,4924,0,675000,37.86785714285714,8367,2456,2625,252.97943951855467,Skaun,0.1821689683184403,0.4268125681355228,0,33.07383404723816,3.498742457595478,0.9356190476190476,13.422467969854667
5029,2022,1221,4961,150,708000,38.67857142857143,8360,2465,2646,252.97943951855467,Skaun,0.24611973392461198,0.49610455946767107,5.703793585582131,33.04616381437923,3.4979054873786266,0.9315948601662888,13.470199372675857
5029,2023,1378,4919,150,758000,39.052083333333336,8441,2472,2691,252.97943951855467,Skaun,0.280138239479569,0.5292808701243311,5.703793585582131,33.366347937461136,3.5075478452835993,0.9186176142697882,13.53843866462451
4003,2016,830,28181,62.4,444000,41.67444876783398,53952,13935,18733,784.6550943623091,Skien,0.02945246797487669,0.17161721351565143,4.8267766550453,68.75887302286223,4.2306057903696015,0.7438744461645225,13.003579841414362
4003,2017,1235,28323,62.4,458000,41.941605839416056,54316,13991,18834,784.6550943623091,Skien,0.04360413797973379,0.20881603860751163,4.8267766550453,69.22277111339311,4.237329870826759,0.7428586598704471,13.034624463096321
4003,2018,1675,28305,69.8,481000,42.26011560693642,54510,13996,19010,784.6550943623091,Skien,0.05917682388270624,0.24326286992203772,4.938832499586764,69.47001350230242,4.240895199066401,0.7362440820620726,13.083622549087899
4003,2019,2253,28662,219.8,490000,42.57478632478632,54645,14069,19148,784.6550943623091,Skien,0.07860581955202009,0.28036729401272914,6.085870397182814,69.64206361829602,4.243368747118848,0.734750365573428,13.102160670086809
4003,2020,3087,28740,219.8,504000,42.73848439821694,54942,14120,19279,784.6550943623091,Skien,0.10741127348643006,0.32773659161959634,6.085870397182814,70.02057387348194,4.248789111343862,0.73240313294258,13.130331547053506
4003,2021,4327,29625,227.2,520000,42.87082066869301,55144,14176,19405,784.6550943623091,Skien,0.1460590717299578,0.38217675456515904,6.118982710470846,70.2780118248205,4.252458973573562,0.73053336768874,13.16158409055761
4003,2022,5684,30041,227.2,546000,42.97131782945736,55513,14216,19582,784.6550943623091,Skien,0.18920808228754035,0.4349805539188394,6.118982710470846,70.74828214186965,4.259128255548279,0.7259728321928302,13.210374254727043
4003,2023,6568,30034,427.2,589000,42.97305389221557,55924,14244,19898,784.6550943623091,Skien,0.2186854897782513,0.4676382039336086,6.75040083806733,71.27207916167237,4.266504654115789,0.7158508392803297,13.286181462633724
3116,2016,38,2101,0,518000,39.97959183673469,3742,1199,1242,101.24148248235184,Skiptvet,0.018086625416468348,0.1344865250367796,0,36.96113399615909,3.6098669280170705,0.965378421900161,13.15773052124162
3116,2017,58,2159,0,533000,39.83653846153846,3783,1213,1268,101.24148248235184,Skiptvet,0.026864289022695692,0.16390329167742695,0,37.36610633550771,3.6207640458160646,0.9566246056782335,13.186276703147982
3116,2018,85,2213,0,550000,40.04807692307692,3831,1224,1279,101.24148248235184,Skiptvet,0.03840939900587438,0.19598316000583924,0,37.840220293769505,3.6333725658836844,0.9569976544175137,13.217673557208654
3116,2019,104,2256,0,558000,40.5,3797,1232,1287,101.24148248235184,Skiptvet,0.04609929078014184,0.21470745394639154,0,37.504389573334066,3.624457981414838,0.9572649572649573,13.232114241363448
3116,2020,145,2260,0,559000,41.33,3805,1239,1294,101.24148248235184,Skiptvet,0.06415929203539823,0.2532968456878179,0,37.5834085663777,3.6265626914788216,0.9574961360123647,13.233904752137237
3116,2021,212,2303,0,576000,41.75,3825,1254,1309,101.24148248235184,Skiptvet,0.09205384281372124,0.30340376202961167,0,37.78095604898678,3.6318051674436718,0.957983193277311,13.263862939678027
3116,2022,277,2309,0,598000,41.94117647058823,3846,1260,1322,101.24148248235184,Skiptvet,0.11996535296665223,0.3463601492184865,0,37.988380905726316,3.6372803473317608,0.9531013615733737,13.301346032932768
3116,2023,327,2333,0,633000,42.264150943396224,3886,1258,1359,101.24148248235184,Skiptvet,0.14016288041148736,0.37438333351190645,0,38.38347587094448,3.6476270511204207,0.9256806475349522,13.358225701126313
5427,2016,5,1292,0,487000,41.72093023255814,2920,1132,1148,1562.2451726902748,Skjervøy,0.003869969040247678,0.062209075224179934,0,1.869104831331688,0.62545961643053,0.9860627177700348,13.096019402064726
5427,2017,7,1330,0,495000,41.8125,2912,1133,1149,1562.2451726902748,Skjervøy,0.005263157894736842,0.07254762501100116,0,1.8639839961773548,0.6227161304847793,0.9860748476936466,13.112313041550827
5427,2018,10,1348,0,511000,41.81666666666667,2925,1144,1160,1562.2451726902748,Skjervøy,0.00741839762611276,0.08613012031869433,0,1.8723053533031464,0.6271704808341595,0.9862068965517241,13.144124869185841
5427,2019,15,1385,0,526000,42.046875,2917,1148,1164,1562.2451726902748,Skjervøy,0.010830324909747292,0.10406884697039404,0,1.8671845181488131,0.6244316910359241,0.9862542955326461,13.173056491719846
5427,2020,20,1374,0,517000,42.08064516129032,2927,1154,1174,1562.2451726902748,Skjervøy,0.01455604075691412,0.12064841796274876,0,1.8735855620917299,0.6278540078600886,0.9829642248722317,13.155798153490567
5427,2021,34,1367,0,532000,42.385714285714286,2893,1160,1180,1562.2451726902748,Skjervøy,0.02487198244330651,0.15770853636790405,0,1.851822012685813,0.6161700261443378,0.9830508474576272,13.184398768323781
5427,2022,57,1340,0,554000,43,2804,1166,1186,1562.2451726902748,Skjervøy,0.04253731343283582,0.20624575979359144,0,1.794852721593854,0.5849229693226834,0.9831365935919055,13.224919965729422
5427,2023,93,1306,62.5,581000,43.1025641025641,2790,1166,1186,1562.2451726902748,Skjervøy,0.07120980091883614,0.26685164589868304,4.828377731159175,1.7858912600737704,0.5799175959836139,0.9831365935919055,13.272506035834049
3433,2016,2,1499,0,447000,47.19230769230769,2204,1126,1126,2080.9445949444057,Skjåk,0.00133422281521014,0.036527014868589246,0,1.059134397597396,0.057451968479442894,1,13.010313873595706
3433,2017,7,1525,50,460000,47.53846153846154,2202,1131,1131,2080.9445949444057,Skjåk,0.0045901639344262295,0.06775074858941582,4.605270170991424,1.0581732956032057,0.056544115489262886,1,13.038981768465277
3433,2018,10,1565,50,489000,47.955882352941174,2179,1142,1142,2080.9445949444057,Skjåk,0.006389776357827476,0.07993607669774315,4.605270170991424,1.0471206226700207,0.04604413315125763,1,13.10011776845701
3433,2019,14,1627,50,497000,48.23684210526316,2204,1149,1149,2080.9445949444057,Skjåk,0.008604794099569761,0.09276202940627033,4.605270170991424,1.059134397597396,0.057451968479442894,1,13.116345305078767
3433,2020,21,1632,50,512000,48.625,2197,1150,1150,2080.9445949444057,Skjåk,0.012867647058823529,0.11343565162162876,4.605270170991424,1.0557705406177307,0.05427087059124782,1,13.146079904021645
3433,2021,30,1660,79.4,532000,49.42592592592592,2183,1147,1147,2080.9445949444057,Skjåk,0.018072289156626505,0.13443321448446624,5.067685201550292,1.0490428266584007,0.047878154756581574,1,13.184398768323781
3433,2022,55,1643,101.4,541000,49.910714285714285,2151,1150,1150,2080.9445949444057,Skjåk,0.033475349969567865,0.18296270103375678,5.312244585260611,1.0336651947513604,0.03311092747436774,1,13.201174557828619
3433,2023,73,1618,101.4,587000,50.30357142857143,2147,1152,1152,2080.9445949444057,Skjåk,0.04511742892459827,0.2124086366525577,5.312244585260611,1.0317429907629805,0.031249596085418795,1,13.282780098810234
1573,2016,10,1124,0,457000,47.171875,2141,1024,1035,2159.6374007699446,Smøla,0.008896797153024912,0.09432283473806813,0,0.9913701250203854,-0.008667327982865472,0.9893719806763285,13.032438669876342
1573,2017,11,1151,0,476000,46.78260869565217,2160,1024,1035,2159.6374007699446,Smøla,0.009556907037358819,0.09775943451840757,0,1.0001678981989874,1.6788410566229956e-4,0.9893719806763285,13.073173133213556
1573,2018,19,1139,0,484000,46.80769230769231,2172,1025,1036,2159.6374007699446,Smøla,0.016681299385425813,0.12915610471605984,0,1.0057243865223153,0.0057080644812778514,0.9893822393822393,13.089840185698769
1573,2019,28,1165,0,502000,47.08,2134,1040,1051,2159.6374007699446,Smøla,0.0240343347639485,0.15503010921736624,0,0.9881288401651108,-0.011942184710849625,0.9895337773549001,13.126355398673866
1573,2020,38,1159,0,516000,47.39393939393939,2150,1051,1062,2159.6374007699446,Smøla,0.03278688524590164,0.18107149208503706,0,0.995537491262881,-0.0044724954508398715,0.9896421845574388,13.1538620444637
1573,2021,72,1165,0,521000,47.92857142857143,2128,1063,1074,2159.6374007699446,Smøla,0.061802575107296136,0.24860123713951252,0,0.985350596003447,-0.014757766111013277,0.9897579143389199,13.163505320735505
1573,2022,125,1164,44,548000,48.233333333333334,2120,1060,1083,2159.6374007699446,Smøla,0.10738831615120274,0.3277015656831727,4.477465921704087,0.9816462704545619,-0.018524248906490116,0.9787626962142197,13.214030565930152
1573,2023,159,1158,44,594000,47.92857142857143,2158,1066,1077,2159.6374007699446,Smøla,0.13730569948186527,0.37054783696827226,4.477465921704087,0.9992418168117663,-7.584707544683002e-4,0.989786443825441,13.294634598344782
5041,2016,7,1163,0,480528.70138211816,45.19444444444444,2139,943,944,2341.5710217462024,Snåase - Snåsa,0.0060189165950128975,0.07758167692833726,0,0.9134892685872338,-0.09048365081136713,0.9989406779661016,13.082642237933488
5041,2017,8,1177,0,489178.21800699626,44.70454545454545,2159,947,948,2341.5710217462024,Snåase - Snåsa,0.006796941376380629,0.08244356479665729,0,0.9220305427208217,-0.08117692937896541,0.9989451476793249,13.100482156061819
5041,2018,19,1188,0,508000,45.523809523809526,2094,938,943,2341.5710217462024,Snåase - Snåsa,0.015993265993265993,0.1264644851065547,0,0.8942714017866608,-0.11174596846329068,0.9946977730646872,13.138236726560619
5041,2019,33,1220,0,524000,45.83870967741935,2100,937,968,2341.5710217462024,Snåase - Snåsa,0.027049180327868853,0.16446635013846708,0,0.8968337840267372,-0.10888473618225844,0.9679752066115702,13.169246963303179
5041,2020,45,1203,0,523000,46.46774193548387,2063,936,966,2341.5710217462024,Snåase - Snåsa,0.03740648379052369,0.19340755877297994,0,0.8810324268795995,-0.12666084682252093,0.968944099378882,13.16733674304706
5041,2021,63,1193,18.4,549000,47.3,2054,935,965,2341.5710217462024,Snåase - Snåsa,0.05280804694048617,0.22980001510114434,3.606235450164927,0.8771888535194848,-0.1310329694052693,0.9689119170984456,13.215853720491667
5041,2022,112,1176,18.4,576000,47.25,2033,940,970,2341.5710217462024,Snåase - Snåsa,0.09523809523809523,0.3086066999241838,3.606235450164927,0.8682205156792174,-0.14130954626542622,0.9690721649484536,13.263862939678027
5041,2023,145,1179,40.4,611000,47.4375,2021,938,971,2341.5710217462024,Snåase - Snåsa,0.12298558100084818,0.3506930010719464,4.392130101604592,0.8630957511990647,-0.14722964249015183,0.9660144181256437,13.322852238153732
4640,2016,66,5712,0,529666.6666666666,38.459349593495936,11431,4264,4477,1478.6449461054997,Sogndal,0.011554621848739496,0.10749242693668934,0,7.730726723888191,2.045202871619955,0.9524234978780434,13.180003156850743
4640,2017,99,5862,22,538333.3333333334,38.028225806451616,11561,4284,4507,1478.6449461054997,Sogndal,0.016888433981576252,0.12995550770004421,3.7847057630994327,7.818645057726478,2.056511273269498,0.9505214111382294,13.196233225970785
4640,2018,138,5935,22,558666.6666666666,37.67088607594937,11666,4283,4510,1478.6449461054997,Sogndal,0.02325189553496209,0.152485722397089,3.7847057630994327,7.889656019672787,2.0655525369077594,0.9496674057649668,13.233308271356055
4640,2019,184,5988,22,586333.3333333334,37.53515625,11801,4201,4499,1478.6449461054997,Sogndal,0.03072812291249165,0.1752943892784126,3.7847057630994327,7.9809558278894706,2.077058182219925,0.933763058457435,13.281643735051585
4640,2020,231,5952,22,587000,37.35314685314685,11847,4127,4443,1478.6449461054997,Sogndal,0.03881048387096774,0.19700376613396947,3.7847057630994327,8.012065392170712,2.0809485795489358,0.928876884987621,13.282780098810234
4640,2021,384,6137,369.8,608000,37.23571428571429,11938,4117,4449,1478.6449461054997,Sogndal,0.06257128890337299,0.25014253717305457,6.60611132763425,8.073608225857512,2.0886004983227715,0.9253764890986739,13.317930160948304
4640,2022,560,6189,432.3,642000,37.28181818181818,12097,4125,4463,1478.6449461054997,Sogndal,0.09048311520439489,0.3008041143408695,6.762268309964146,8.181139111090495,2.1018313965540245,0.9242661886623348,13.372343582672098
4640,2023,735,6181,487.3,689000,37.65116279069768,12198,4136,4554,1478.6449461054997,Sogndal,0.11891279728199321,0.34483734902413515,6.882028183210918,8.249444893534088,2.1101459124505784,0.9082125603864735,13.442996549995796
1111,2016,21,1732,0,510000,40.51315789473684,3313,1624,1664,873.1377711452064,Sokndal,0.01212471131639723,0.1101122668752089,0,3.79436110713052,1.333516045457682,0.9759615384615384,13.142166004700508
1111,2017,28,1712,0,517000,40.666666666666664,3316,1627,1667,873.1377711452064,Sokndal,0.016355140186915886,0.12788721666732716,0,3.797796991018655,1.3344211594129718,0.976004799040192,13.155798153490567
1111,2018,43,1730,0,525000,40.46969696969697,3331,1634,1674,873.1377711452064,Sokndal,0.02485549132947977,0.15765624418169985,0,3.8149764104593302,1.3389344813514659,0.97610513739546,13.17115354157376
1111,2019,63,1768,0,547000,41.015625,3305,1628,1668,873.1377711452064,Sokndal,0.035633484162895926,0.1887683346403626,0,3.785198750095493,1.331098395443573,0.9760191846522782,13.212204081404119
1111,2020,81,1732,0,548000,42.11764705882353,3280,1626,1666,873.1377711452064,Sokndal,0.04676674364896074,0.21625619909949573,0,3.756566384361034,1.3235053445359757,0.9759903961584634,13.214030565930152
1111,2021,112,1766,0,584000,42.464285714285715,3257,1633,1673,873.1377711452064,Sokndal,0.06342015855039637,0.2518335929744012,0,3.7302246078853316,1.3164684484340197,0.9760908547519426,13.277656261810364
1111,2022,153,1795,22,614000,42.84722222222222,3281,1640,1681,873.1377711452064,Sokndal,0.08523676880222841,0.2919533675130815,3.7847057630994327,3.7577116789904124,1.3238101761188878,0.975609756097561,13.327750207129279
1111,2023,184,1789,22,668000,42.638888888888886,3324,1645,1686,873.1377711452064,Sokndal,0.10285075461151481,0.3207035307125801,3.7847057630994327,3.806959348053682,1.336830799133125,0.9756820877817319,13.412043452518782
1124,2016,799,13566,22,628000,35.09254498714653,26096,6878,8704,569.1650840697978,Sola,0.05889724310776942,0.24268754213549862,3.7847057630994327,45.84961504209172,3.825366802638693,0.7902113970588235,13.350295445450335
1124,2017,1159,13827,44,630000,35.75615763546798,26016,6920,8828,569.1650840697978,Sola,0.08382150864251103,0.2895194443254391,4.477465921704087,45.70905828230603,3.822296490125435,0.7838695061169008,13.353475098367715
1124,2018,1895,13995,44,646000,36.09101941747573,26265,6939,8943,569.1650840697978,Sola,0.1354055019649875,0.36797486594193834,4.477465921704087,46.14654119713899,3.83182201116596,0.7759141227775914,13.37855478276474
1124,2019,2513,14409,44,665000,36.40441176470589,26582,6967,9095,569.1650840697978,Sola,0.17440488583524186,0.41761811004222726,4.477465921704087,46.70349735778978,3.843819051759176,0.766025288620121,13.407542319637992
1124,2020,2873,14582,224,672000,36.60697115384615,27153,6991,9192,569.1650840697978,Sola,0.1970237278836922,0.4438735494301189,6.104798214839483,47.70672123076014,3.8650722942731783,0.7605526544821584,13.418013619505286
1124,2021,3502,15052,224,692000,36.86233480176212,27457,7008,9283,569.1650840697978,Sola,0.23266011161307468,0.4823485374841254,6.104798214839483,48.24083691794576,3.8762059013137473,0.754928363675536,13.447341234599806
1124,2022,4260,15405,224,725000,37.291666666666664,27568,7052,9354,569.1650840697978,Sola,0.2765335929892892,0.5258646146959207,6.104798214839483,48.4358594221484,3.8802404365456087,0.7539020739790464,13.493926933836812
1124,2023,4828,15533,246,780000,37.53356481481482,28315,7104,9525,569.1650840697978,Sola,0.31082212064636583,0.5575142335818574,6.1984828476055815,49.74830816664727,3.9069764563258036,0.7458267716535433,13.567049198665774
4636,2016,4,332,0,516000,50.31818181818182,785,398,398,1759.9583895351,Solund,0.012048192771084338,0.10976425998969035,0,0.44603327252944935,-0.8073617276607029,1,13.1538620444637
4636,2017,8,339,0,517000,49.375,794,411,411,1759.9583895351,Solund,0.02359882005899705,0.1536190745285137,0,0.4511470297941182,-0.7959619841959756,1,13.155798153490567
4636,2018,9,358,0,531000,48.8125,807,408,408,1759.9583895351,Solund,0.025139664804469275,0.158554926774507,0,0.45853356806530654,-0.7797217771731625,1,13.182517300224076
4636,2019,14,379,0,532000,47.92857142857143,820,412,412,1759.9583895351,Solund,0.036939313984168866,0.1921960300947157,0,0.46592010633649483,-0.7637411051848126,1,13.184398768323781
4636,2020,19,364,22,578000,48.92307692307692,802,397,397,1759.9583895351,Solund,0.0521978021978022,0.22846838336584385,3.7847057630994327,0.45569259180715715,-0.7859368375765968,1,13.267329147654515
4636,2021,26,369,22,606000,49.45454545454545,786,389,389,1759.9583895351,Solund,0.07046070460704607,0.26544435312706516,3.7847057630994327,0.44660146778107923,-0.8060886530139048,1,13.314635265051452
4636,2022,31,361,22,632000,50.5,768,391,391,1759.9583895351,Solund,0.08587257617728532,0.2930402296226327,3.7847057630994327,0.4363739532517415,-0.8292557122954393,1,13.356644673128994
4636,2023,43,369,22,666000,51.25,756,386,386,1759.9583895351,Solund,0.11653116531165311,0.341366614231171,3.7847057630994327,0.4295556102321831,-0.8450040692635783,1,13.409044949522526
1870,2016,51,5486,0,491000,39.89655172413793,10214,3716,4148,1092.1682353920164,Sortland,0.00929639081297849,0.0964177930310505,0,9.352039062309707,2.2355944010547253,0.8958534233365477,13.104199406776658
1870,2017,69,5659,0,495000,39.774193548387096,10378,3724,4184,1092.1682353920164,Sortland,0.012192966955292454,0.11042176848471706,0,9.502199078583331,2.2515232537748213,0.890057361376673,13.112313041550827
1870,2018,107,5806,0,504000,40.224409448818896,10401,3726,4211,1092.1682353920164,Sortland,0.018429211160868066,0.13575423072916756,0,9.52325810525585,2.2537370282002693,0.8848254571360722,13.130331547053506
1870,2019,153,5956,44,526000,40.239669421487605,10518,3746,4271,1092.1682353920164,Sortland,0.025688381464069845,0.1602759541043816,4.477465921704087,9.630384458329106,2.2649231479964254,0.8770779676890658,13.173056491719846
1870,2020,243,6019,44,534000,40.37815126050421,10566,3755,4284,1092.1682353920164,Sortland,0.04037215484299717,0.20092823306593122,4.477465921704087,9.6743337313848,2.2694763715713973,0.8765172735760971,13.188151117942333
1870,2021,385,6196,66,551000,40.889830508474574,10514,3662,4193,1092.1682353920164,Sortland,0.062136862491930275,0.2492726669571501,4.882859309749067,9.626722018907799,2.2645427752265292,0.8733603625089434,13.219490088135052
1870,2022,646,6257,273.4,570000,41.101694915254235,10468,3593,4146,1092.1682353920164,Sortland,0.1032443663097331,0.32131661380907944,6.304086449423795,9.584603965562758,2.2601580574971725,0.8666184273999035,13.253391639810733
1870,2023,829,6178,295.4,612000,41.56818181818182,10561,3570,4153,1092.1682353920164,Sortland,0.1341858206539333,0.3663138280954369,6.381480415607973,9.669755682108166,2.2690030435936106,0.8596195521309896,13.324487561494463
4649,2016,47,4834,14.4,520000,42.16355140186916,8789,3212,3440,1667.295624578151,Stad,0.009722796855606123,0.09860424359836711,3.36157884535565,5.2714107027203045,1.6622980122575675,0.9337209302325581,13.16158409055761
4649,2017,66,4966,18,542500,42.10849056603774,8855,3244,3489,1667.295624578151,Stad,0.013290374546919049,0.11528388676184997,3.584289651861328,5.3109957643177035,1.6697793439098563,0.9297793063915162,13.203943364396752
4649,2018,92,5014,21.6,561000,42.00961538461539,8914,3269,3544,1667.295624578151,Stad,0.01834862385321101,0.13545709229571928,3.766375901843312,5.3463824102911355,1.6764201471994233,0.9224040632054176,13.237476184504834
4649,2019,138,5087,421.6,571500,42.166666666666664,8898,3284,3571,1667.295624578151,Stad,0.02712797326518577,0.1647057171599874,6.737205584281111,5.3367860317220694,1.6746236050589094,0.9196303556426771,13.256019762217003
4649,2020,198,5472,421.6,572000,42.93362831858407,9457,3538,3824,1667.295624578151,Stad,0.03618421052631579,0.19022147756317054,6.737205584281111,5.672059507978828,1.7355522807084345,0.9252092050209205,13.256894270361935
4649,2021,301,5589,429,604000,43.07327586206897,9517,3560,3878,1667.295624578151,Stad,0.05385578815530506,0.23206849884313266,6.754605457878161,5.708045927612827,1.7418767457652657,0.9179989685404848,13.311329476916953
4649,2022,491,5612,429,617000,43.108695652173914,9527,3583,3911,1667.295624578151,Stad,0.08749109052031362,0.29578892900227627,6.754605457878161,5.714043664218494,1.7429269453997016,0.9161339810790079,13.332624302887524
4649,2023,609,5558,429,669000,43.19583333333333,9543,3606,3979,1667.295624578151,Stad,0.10957178841309824,0.331016296295361,6.754605457878161,5.72364004278756,1.7446049741101761,0.9062578537320934,13.413539339110365
3413,2016,185,11925,0,489000,42.58301886792453,20119,6597,7301,724.4049153492798,Stange,0.01551362683438155,0.12455371064075751,0,27.773141200041973,3.324069409795379,0.9035748527598959,13.10011776845701
3413,2017,287,12217,150,500000,42.8011583011583,20317,6615,7328,724.4049153492798,Stange,0.023491855611033806,0.15327053079778188,5.703793585582131,28.04646899752735,3.333862741603753,0.9027019650655022,13.122363377404328
3413,2018,411,12458,150,515000,42.73646209386282,20646,6641,7406,724.4049153492798,Stange,0.03299084925349173,0.1816338328987519,5.703793585582131,28.500634883248,3.349926363631678,0.896705374021064,13.151922179645874
3413,2019,607,12727,172,536000,42.70967741935484,20916,6684,7518,724.4049153492798,Stange,0.04769387915455331,0.21838928351582024,5.840650107780075,28.8733546070917,3.3629191839141637,0.8890662410215483,13.19188944005294
3413,2020,928,12806,172,541000,42.83620689655172,21064,6708,7542,724.4049153492798,Stange,0.07246603154771201,0.269195155134174,5.840650107780075,29.07766023349491,3.369970189782288,0.8894192521877486,13.201174557828619
3413,2021,1287,13045,172,563000,43.05652173913043,21072,6738,7562,724.4049153492798,Stange,0.09865848984285167,0.3140994903575166,5.840650107780075,29.088703780868055,3.3703499125892047,0.8910341179582121,13.241034907121827
3413,2022,1658,13041,183,585000,43.47902097902098,21156,6751,7586,724.4049153492798,Stange,0.12713748945633005,0.3565634438025441,5.9026407984555815,29.204661028286097,3.374328320792013,0.889928816240443,13.279367126213993
3413,2023,1973,13019,495.5,626000,43.47422680412371,21356,6774,7632,724.4049153492798,Stange,0.15154773792149934,0.38929132782724474,6.898715552574382,29.48074971261476,3.3837374982262194,0.8875786163522013,13.347105650082236
1103,2016,2839,63384,46.8,575000,36.41156149239981,140721,23581,40410,780.8172918857967,Stavanger,0.044790483402751484,0.21163762284327303,4.539144506688001,180.22269929516625,5.194193304472809,0.5835436773075972,13.262125319779487
1103,2017,3973,63117,46.8,583000,36.75209302325582,140856,23620,40710,780.8172918857967,Stavanger,0.06294659125116847,0.2508915926275101,4.539144506688001,180.39559505631667,5.195152189682496,0.5802014247113731,13.27594246533263
1103,2018,6391,62676,286.6,604000,37.17234848484848,141186,23615,40712,780.8172918857967,Stavanger,0.10196885570234221,0.31932562644163437,6.35123773954055,180.8182291391288,5.197492267760151,0.5800501080762429,13.311329476916953
1103,2019,8707,63098,716.8,624333.3333333334,37.450779727095515,142034,23713,41043,780.8172918857967,Stavanger,0.1379916954578592,0.3714723347139854,7.267944528788839,181.90427066102177,5.203480563318959,0.5777599103379383,13.344439692758115
1103,2020,10758,63213,1024.2,585000,37.670365233472026,143574,23828,41482,780.8172918857967,Stavanger,0.17018651226804613,0.4125366799062189,7.6248145179137845,183.87656304747833,5.214264679483587,0.5744178197772528,13.279367126213993
1103,2021,14188,65417,1160.1,609000,38.026525821596245,144147,23919,41746,780.8172918857967,Stavanger,0.21688551905467998,0.46570969396683165,7.749408853599951,184.61040950036121,5.2182477099716715,0.5729650744981555,13.319573546692034
1103,2022,17863,67515,1182.1,636000,38.34663763909047,144699,23972,42154,780.8172918857967,Stavanger,0.26457824187217654,0.5143716962199384,7.768195156224976,185.3173610570651,5.2220698205218765,0.5686767566541728,13.36295384232226
1103,2023,20562,68086,1482.1,685000,38.59380819366853,146011,24023,42684,780.8172918857967,Stavanger,0.3020004112446024,0.5495456407293232,7.9943625743339934,186.9976517135788,5.231096059094342,0.5628104207665636,13.437174117244362
1848,2016,5,1432,0,446000,47.661764705882355,2543,1257,1270,3481.738998225465,Steigen,0.0034916201117318434,0.05908993240588318,0,0.7303821456163396,-0.3141873946656255,0.989763779527559,13.008074231002201
1848,2017,7,1443,0,464000,47.955882352941174,2543,1266,1283,3481.738998225465,Steigen,0.004851004851004851,0.06964915542204982,0,0.7303821456163396,-0.3141873946656255,0.9867498051441933,13.047639831208393
1848,2018,15,1524,0,490000,48.26470588235294,2534,1307,1324,3481.738998225465,Steigen,0.00984251968503937,0.09920947376656813,0,0.7277972304332696,-0.3177327992066608,0.9871601208459214,13.102160670086809
1848,2019,24,1556,0,497000,47.65625,2576,1316,1333,3481.738998225465,Steigen,0.015424164524421594,0.12419405994016619,0,0.739860167954263,-0.30129407286350096,0.9872468117029257,13.116345305078767
1848,2020,34,1545,0,513000,47.69767441860465,2608,1323,1364,3481.738998225465,Steigen,0.022006472491909384,0.14834578690313177,0,0.7490509774940676,-0.28894823704120154,0.9699413489736071,13.148031124152906
1848,2021,50,1592,0,523000,48.04651162790697,2586,1333,1374,3481.738998225465,Steigen,0.031407035175879394,0.17722030125208396,0,0.742732295935452,-0.2974196007559423,0.970160116448326,13.16733674304706
1848,2022,83,1617,0,553000,48.0945945945946,2591,1338,1374,3481.738998225465,Steigen,0.051329622758194186,0.22656041745678832,0,0.7441683599260464,-0.29548797952563527,0.9737991266375546,13.223113280504473
1848,2023,112,1599,72,602000,47.421875,2665,1345,1381,3481.738998225465,Steigen,0.07004377736085053,0.26465784961124905,4.969861521396496,0.7654221069868443,-0.26732782348780026,0.9739319333816076,13.308012724290958
5006,2016,124,13308,18.4,476853.5296698266,43.0887573964497,24308,7412,9180,2249.975764746644,Steinkjer,0.009317703636910129,0.09652825305013102,3.606235450164927,10.803671924322783,2.3798860693385038,0.8074074074074075,13.074964657034453
5006,2017,168,13628,18.4,485436.8932038835,43.01320754716981,24487,7482,9279,2249.975764746644,Steinkjer,0.012327560904021134,0.11102954968845516,3.606235450164927,10.883228336798254,2.3872229195466836,0.8063368897510508,13.092804575162784
5006,2018,288,13715,18.4,485000,43.07465277777778,24569,7425,9226,2249.975764746644,Steinkjer,0.02099890630696318,0.14490999381327424,3.606235450164927,10.919673173798191,2.3905660407295137,0.8047908085844353,13.091904169919621
5006,2019,469,13913,18.4,497000,43.19098712446352,24539,7462,9336,2249.975764746644,Steinkjer,0.03370948034212607,0.18360141704825175,3.606235450164927,10.906339696846995,2.389344243721614,0.7992716366752356,13.116345305078767
5006,2020,793,13744,33.2,519000,43.54460966542751,24357,7429,9326,2249.975764746644,Steinkjer,0.05769790454016298,0.2402038811929628,4.195923790214399,10.825449936676403,2.381899837613814,0.7965901779969976,13.159659162148026
5006,2021,1280,13919,66.2,539000,44.18045112781955,24152,7455,9375,2249.975764746644,Steinkjer,0.09196062935555716,0.30325011023173126,4.88588468446879,10.734337844176562,2.3734477474699327,0.7952,13.197470849891134
5006,2022,2056,14008,366.7,560000,44.5863309352518,24004,7479,9423,2249.975764746644,Steinkjer,0.14677327241576243,0.38311000041210413,6.597693114798128,10.668559357883991,2.3673010381926614,0.7936962750716332,13.235692062711331
5006,2023,2499,13828,366.7,603000,44.690661478599225,23955,7532,9496,2249.975764746644,Steinkjer,0.18072027769742552,0.42511207663088746,6.597693114798128,10.646781345530371,2.3652576254004805,0.7931760741364785,13.309672475709322
5035,2016,627,13151,11,518199.2114331064,39.96678966789668,23308,6221,7545,1000.7102801800044,Stjørdal,0.04767698273895521,0.2183505959207696,3.093102195050827,23.291456540056164,3.148086621230409,0.824519549370444,13.158115025366623
5035,2017,814,13536,61,527526.7972389023,39.99158249158249,23625,6279,7712,1000.7102801800044,Stjørdal,0.06013593380614657,0.24522629101739188,4.8040882242035385,23.60823154105144,3.1615954453293877,0.8141856846473029,13.175954943494954
5035,2018,1099,13727,83,549000,40.11920529801324,23964,6326,7811,1000.7102801800044,Stjørdal,0.08006119326874044,0.2829508672344731,5.112024076118548,23.946990926973825,3.1758426761712597,0.8098834976315452,13.215853720491667
5035,2019,1414,14048,90.4,555000,40.49454545454545,24028,6354,7865,1000.7102801800044,Stjørdal,0.10065489749430524,0.31726156006409795,5.197422038221716,24.01094550130726,3.1785097889374962,0.8078830260648443,13.226723392728571
5035,2020,1759,14364,90.4,564000,40.82465277777778,24145,6372,7905,1000.7102801800044,Stjørdal,0.12245892509050403,0.3499413166382387,5.197422038221716,24.12786245751056,3.1833672912750868,0.8060721062618595,13.242809530480196
5035,2021,2334,14736,152.9,582000,41.11815068493151,24283,6408,7979,1000.7102801800044,Stjørdal,0.15838762214983712,0.3979794242794935,5.72294198695059,24.265764508417018,3.1890664889925073,0.8031081589171576,13.274225726713574
5035,2022,2964,14466,152.9,615000,41.6452205882353,24287,6435,8064,1000.7102801800044,Stjørdal,0.2048942347573621,0.45265244366661944,5.72294198695059,24.269761669312857,3.1892311997196656,0.7979910714285714,13.329377546788654
5035,2023,3332,14323,240.9,656000,41.89862542955326,24541,6443,8194,1000.7102801800044,Stjørdal,0.2326328283180898,0.48232025493243574,6.177533398060823,24.52358138619866,3.1996351601983473,0.7863070539419087,13.393916067926225
3423,2016,4,1383,22,397000,48.02325581395349,2600,1545,1549,2166.7127510219952,Stor-Elvdal,0.0028922631959508315,0.05377976567400449,3.7847057630994327,1.1999744768999174,0.1823002873176921,0.9974176888315042,12.891691559669328
3423,2017,7,1408,22,403000,49.12820512820513,2530,1550,1554,2166.7127510219952,Stor-Elvdal,0.004971590909090909,0.07050950935222078,3.7847057630994327,1.167667471752612,0.15500814502968474,0.9974259974259975,12.90669184092882
3423,2018,9,1398,22,418000,49.92307692307692,2490,1548,1552,2166.7127510219952,Stor-Elvdal,0.006437768240343348,0.08023570427399106,3.7847057630994327,1.1492063259541518,0.13907155276687214,0.9974226804123711,12.943236711506893
3423,2019,13,1435,22,431000,50.7125,2459,1550,1554,2166.7127510219952,Stor-Elvdal,0.009059233449477353,0.09518000551311895,3.7847057630994327,1.1348989379603451,0.1265436055243114,0.9974259974259975,12.973863369085885
3423,2020,19,1401,22,430000,51.5375,2419,1551,1555,2166.7127510219952,Stor-Elvdal,0.013561741613133477,0.11645489089400014,3.7847057630994327,1.1164377921618849,0.1101430739181461,0.997427652733119,12.971540487669746
3423,2021,25,1430,44,438000,52.189189189189186,2378,1550,1554,2166.7127510219952,Stor-Elvdal,0.017482517482517484,0.13222147133698628,4.477465921704087,1.097515117718463,0.09304864055884589,0.9974259974259975,12.989974189358584
3423,2022,45,1430,44,462000,53.05555555555556,2318,1548,1552,2166.7127510219952,Stor-Elvdal,0.03146853146853147,0.1773937187967248,4.477465921704087,1.0698233990207726,0.06749358720781579,0.9974226804123711,13.043320170063875
3423,2023,48,1439,44,504000,53.91935483870968,2281,1540,1544,2166.7127510219952,Stor-Elvdal,0.03335649756775538,0.18263761268631218,4.477465921704087,1.0527468391571968,0.05140278559250674,0.9974093264248705,13.130331547053506
4614,2016,308,8612,50,544000,37.32339449541284,18775,5737,7157,227.22794100145256,Stord,0.035764050162563864,0.18911385502538905,4.605270170991424,82.62628230161175,4.414327817586815,0.8015928461645941,13.206704525838079
4614,2017,406,8711,119.9,555000,37.60652173913043,18821,5769,7077,227.22794100145256,Stord,0.046607737343588564,0.2158882519814095,5.479822632222315,82.82872219433474,4.416774887645044,0.8151759220008478,13.226723392728571
4614,2018,540,8748,141.9,568000,37.99590163934426,18780,5797,7123,227.22794100145256,Stord,0.06172839506172839,0.24845199749997662,5.648282180309289,82.6482866377773,4.414594093716734,0.8138424821002387,13.249876697703288
4614,2019,744,8838,141.9,584000,38.523305084745765,18699,5820,7243,227.22794100145256,Stord,0.08418194161575017,0.2901412442513993,5.648282180309289,82.29181639189551,4.4102716664314405,0.8035344470523264,13.277656261810364
4614,2020,1006,8862,191.9,578000,38.983253588516746,18759,5850,7319,227.22794100145256,Stord,0.11351839313924622,0.3369249072705166,5.950128372258274,82.555868425882025,4.413475257189888,0.7992895204262878,13.267329147654515
4614,2021,1464,9055,202.9,606000,39.24885844748859,18861,5879,7364,227.22794100145256,Stord,0.1616786305908338,0.4020928134036143,6.00586649995373,83.00475688365908,4.4188979180056505,0.7983432916892993,13.314635265051452
4614,2022,1998,9205,202.9,637000,39.59338521400778,18919,5901,7353,227.22794100145256,Stord,0.21705594785442694,0.4658926355443139,6.00586649995373,83.26000718317938,4.421968328040899,0.8025295797633619,13.3645249345543
4614,2023,2344,9316,202.9,684000,39.95366795366795,19098,5924,7330,227.22794100145256,Stord,0.2516101331043366,0.5016075488909,6.00586649995373,84.0477624179058,4.431385237464628,0.8081855388813097,13.435713196604688
5425,2016,3,1177,0,470000,45.484375,1865,829,829,1605.868638305606,Storfjord - Omasvuotna - Omasvuono,0.002548853016142736,0.05048616658197309,0,1.1613652297038506,0.1495962352468053,1,13.060487973686241
5425,2017,5,1200,0,499000,45.583333333333336,1890,835,835,1605.868638305606,Storfjord - Omasvuotna - Omasvuono,0.004166666666666667,0.06454972243679027,0,1.17693312822535,0.16291201122257742,1,13.120361374733656
5425,2018,9,1212,0,513000,46.95652173913044,1856,840,840,1605.868638305606,Storfjord - Omasvuotna - Omasvuono,0.007425742574257425,0.0861727484432139,0,1.1557607862361108,0.14475881651503522,1,13.148031124152906
5425,2019,11,1227,0,548000,47.47727272727273,1841,849,849,1605.868638305606,Storfjord - Omasvuotna - Omasvuono,0.008964955175224124,0.09468344720817955,0,1.1464200471232113,0.13664408440196732,1,13.214030565930152
5425,2020,17,1218,0,520000,48.11363636363637,1829,849,849,1605.868638305606,Storfjord - Omasvuotna - Omasvuono,0.013957307060755337,0.11814104731529738,0,1.1389474558328916,0.13010455155975512,1,13.16158409055761
5425,2021,23,1245,22,532000,48.741379310344826,1831,858,858,1605.868638305606,Storfjord - Omasvuotna - Omasvuono,0.018473895582329317,0.13591870946388993,3.7847057630994327,1.1401928877146115,0.13119744784340007,1,13.184398768323781
5425,2022,47,1242,22,550000,49.206896551724135,1836,861,861,1605.868638305606,Storfjord - Omasvuotna - Omasvuono,0.03784219001610306,0.19453069170725493,3.7847057630994327,1.1433064674189113,0.13392447434932508,1,13.217673557208654
5425,2023,63,1223,22,589000,49.3448275862069,1836,867,867,1605.868638305606,Storfjord - Omasvuotna - Omasvuono,0.05151267375306623,0.22696403625479133,3.7847057630994327,1.1433064674189113,0.13392447434932508,1,13.286181462633724
1130,2016,190,5885,0,544000,36.13513513513514,12464,4148,4362,394.8309653672492,Strand,0.03228547153780799,0.17968158374693827,0,31.567939430502115,3.45214203057917,0.9509399358092618,13.206704525838079
1130,2017,249,6017,0,555000,36.21818181818182,12662,4168,4401,394.8309653672492,Strand,0.04138274887817849,0.20342750275756347,0,32.069419854702964,3.467902923572712,0.9470574869347875,13.226723392728571
1130,2018,371,6138,0,580000,36.55555555555556,12638,4193,4467,394.8309653672492,Strand,0.06044314108830238,0.2458518681814364,0,32.00863434873923,3.4660056898020413,0.9386612939332886,13.270783382522602
1130,2019,553,6340,22,598000,36.983333333333334,12720,4217,4491,394.8309653672492,Strand,0.08722397476340694,0.295337052811541,3.7847057630994327,32.216318160782,3.4724730993627535,0.9389890892896905,13.301346032932768
1130,2020,853,6470,22,610000,37.455026455026456,12968,4286,4586,394.8309653672492,Strand,0.13183925811437402,0.3630967613658569,3.7847057630994327,32.84443505574065,3.4917823258841527,0.9345835150457915,13.321214236149494
1130,2021,1260,6728,44,638000,37.851851851851855,13070,4313,4648,394.8309653672492,Strand,0.1872770511296076,0.43275518613831493,4.477465921704087,33.10277345608654,3.499617069086908,0.9279259896729777,13.366093562326927
1130,2022,1574,6784,244,659000,37.961290322580645,13268,4339,4682,394.8309653672492,Strand,0.23201650943396226,0.4816809207701321,6.190319604966715,33.604253880287395,3.5146526625355836,0.9267407090986758,13.398478813484644
1130,2023,1857,6848,244,704000,38.025,13474,4348,4740,394.8309653672492,Strand,0.2711740654205608,0.5207437617682623,6.190319604966715,34.12599613980949,3.5300594439892454,0.9172995780590717,13.46453363514018
1525,2016,20,2460,36.6,511000,42.56896551724138,4598,1758,1855,947.6499799311056,Stranda,0.008130081300813009,0.09016696346674323,4.29338199718882,4.85200242428568,1.5793914907283566,0.9477088948787062,13.144124869185841
1525,2017,30,2505,36.6,533000,42.77884615384615,4623,1756,1864,947.6499799311056,Stranda,0.011976047904191617,0.10943513103291656,4.29338199718882,4.8783834726995865,1.584813909393455,0.9420600858369099,13.186276703147982
1525,2018,43,2505,36.6,545000,43.53,4587,1761,1869,947.6499799311056,Stranda,0.01716566866267465,0.13101781811141053,4.29338199718882,4.840394762983561,1.5769962800024016,0.942215088282504,13.208541073645382
1525,2019,58,2518,36.6,551000,43.833333333333336,4565,1772,1881,947.6499799311056,Stranda,0.023034154090548053,0.15177006981136976,4.29338199718882,4.8171794403793236,1.5721885784342986,0.9420520999468368,13.219490088135052
1525,2020,87,2520,99.1,554000,44.14150943396226,4523,1780,1889,947.6499799311056,Stranda,0.034523809523809526,0.18580583823930164,5.289302077072648,4.77285927904396,1.5629455548830726,0.942297511911064,13.224919965729422
1525,2021,152,2587,99.1,591000,44.806451612903224,4482,1782,1899,947.6499799311056,Stranda,0.05875531503672207,0.24239495670645061,5.289302077072648,4.729594359645153,1.553839439766102,0.9383886255924171,13.289571296388235
1525,2022,255,2593,99.1,612000,45.23015873015873,4467,1784,1901,947.6499799311056,Stranda,0.0983416891631315,0.3135947849743862,5.289302077072648,4.71376573059681,1.5504871067573485,0.9384534455549711,13.324487561494463
1525,2023,319,2549,106.5,648000,45.234375,4421,1790,1956,947.6499799311056,Stranda,0.12514711651628088,0.35376138358543446,5.36131420646279,4.665224601515222,1.5401359792314728,0.9151329243353783,13.381645975334411
4651,2016,17,4015,22,495000,40.302083333333336,7168,2734,2841,1465.4566228874517,Stryn,0.004234122042341221,0.06507013172217511,3.7847057630994327,4.891308202542757,1.5874597937904227,0.9623372052094333,13.112313041550827
4651,2017,33,4138,122,516000,40.346666666666664,7218,2743,2850,1465.4566228874517,Stryn,0.0079748670855485735,0.08930211131629853,5.497185021430095,4.925427260875226,1.5944110243383902,0.9624561403508772,13.1538620444637
4651,2018,47,4193,122,530000,40.66883116883117,7195,2753,2877,1465.4566228874517,Stryn,0.01120915812067732,0.10587331165443593,5.497185021430095,4.909732494042291,1.5912194584571246,0.9568995481404241,13.180632285528304
4651,2019,79,4312,122,553000,40.94907407407408,7167,2775,2892,1465.4566228874517,Stryn,0.018320964749536178,0.13535495834854436,5.497185021430095,4.890625821376108,1.5873202751295754,0.9595435684647303,13.223113280504473
4651,2020,126,4282,129.4,539000,41.50909090909091,7130,2782,2899,1465.4566228874517,Stryn,0.029425502101821578,0.1715386315143664,5.556070492692827,4.86537771821008,1.582144352543998,0.9596412556053812,13.197470849891134
4651,2021,198,4423,180.8,566000,42.11504424778761,7118,2792,2908,1465.4566228874517,Stryn,0.044765995930364004,0.21157976257280375,5.890546276347116,4.857189144210288,1.5804599052057944,0.9601100412654745,13.24634935718532
4651,2022,327,4393,380.8,586000,42.23033707865169,7207,2806,2923,1465.4566228874517,Stryn,0.07443660368768495,0.27283072350394294,6.635423207507899,4.917921068042083,1.5928858940600974,0.9599726308587068,13.281075068559149
4651,2023,433,4376,380.8,643000,42.2375,7244,2831,2948,1465.4566228874517,Stryn,0.09894881170018281,0.31456130038544605,6.635423207507899,4.94316917120811,1.5980066581389603,0.9603120759837178,13.373900003219756
1531,2016,84,4572,0,562000,36.865671641791046,8952,2417,2550,123.50089903795168,Sula,0.01837270341207349,0.13554594576037118,0,72.48530229119272,4.283383814290698,0.947843137254902,13.239257128875828
1531,2017,123,4717,0,577000,37.173758865248224,9007,2437,2588,123.50089903795168,Sula,0.026075895696417214,0.1614803260351465,0,72.93064317881733,4.28950889608268,0.9416537867078826,13.265597545490236
1531,2018,167,4759,0,582000,37.18846153846154,9131,2460,2625,123.50089903795168,Sula,0.03509140575751208,0.1873270022114059,0,73.93468445273467,4.303182060915277,0.9371428571428572,13.274225726713574
1531,2019,230,4948,0,602000,37.39510489510489,9271,2474,2651,123.50089903795168,Sula,0.04648342764753436,0.21560015688197995,0,75.06827943941552,4.3183980919059195,0.9332327423613731,13.308012724290958
1531,2020,316,4982,0,605000,38.02758620689655,9310,2650,2843,123.50089903795168,Sula,0.06342834203131273,0.25184984024476315,0,75.3840666142766,4.3225959345700495,0.9321139641224059,13.312983737012978
1531,2021,527,5138,22,637000,38.45744680851064,9409,2627,2821,123.50089903795168,Sula,0.1025690930323083,0.3202640988813893,3.7847057630994327,76.18568021200093,4.333173521305703,0.9312300602623184,13.3645249345543
1531,2022,878,5289,22,671000,38.53082191780822,9547,2634,2836,123.50089903795168,Sula,0.1660049158631121,0.40743700846034114,3.7847057630994327,77.30308098458634,4.34773381229697,0.9287729196050776,13.41652441595382
1531,2023,1114,5235,22,720000,38.76515151515152,9636,2652,2854,123.50089903795168,Sula,0.2127984718242598,0.4613008474133337,3.7847057630994327,78.02372351183345,4.357012928033699,0.9292221443587947,13.487006490992238
1134,2016,14,1921,0,532000,41.29807692307692,3903,1874,1932,1917.7777676226035,Suldal,0.007287870900572618,0.08536902775932627,0,2.0351680293167655,0.7105783851746975,0.9699792960662525,13.184398768323781
1134,2017,21,1959,7.4,547000,41.75,3853,1885,1943,1917.7777676226035,Suldal,0.010719754977029096,0.10353624957969598,2.6991616063975625,2.009096186768511,0.6976849626202402,0.9701492537313433,13.212204081404119
1134,2018,38,1987,14.8,569000,42.083333333333336,3849,1888,1946,1917.7777676226035,Suldal,0.019124308002013084,0.13829066491275932,3.388913756318583,2.0070104393646506,0.6966462712778287,0.9701952723535457,13.251635713108469
1134,2019,54,2036,14.8,590000,42.644444444444446,3794,1895,1961,1917.7777676226035,Suldal,0.026522593320235755,0.16285758600763967,3.388913756318583,1.9783314125615703,0.6822537684890421,0.9663437021927588,13.287877815881902
1134,2020,83,2039,14.8,585000,43,3804,1902,1968,1917.7777676226035,Suldal,0.04070622854340363,0.2017578462994776,3.388913756318583,1.9835457810712211,0.6848860416593634,0.9664634146341463,13.279367126213993
1134,2021,124,2079,222.2,622000,43.30681818181818,3809,1913,1979,1917.7777676226035,Suldal,0.059644059644059645,0.24422133331070742,6.096730121239669,1.9861529653260466,0.6861995844726865,0.9666498231430015,13.340695371721317
1134,2022,194,2094,222.2,647000,43.79545454545455,3784,1917,1983,1917.7777676226035,Suldal,0.09264565425023878,0.304377486437875,6.096730121239669,1.9731170440519192,0.6796145481658514,0.9667170953101362,13.380101573483037
1134,2023,267,2118,266.2,701000,44.05434782608695,3815,1923,1989,1917.7777676226035,Suldal,0.12606232294617564,0.35505256363836557,6.277398614464349,1.9892815864318372,0.6877735617126399,0.9668174962292609,13.460263166016727
1563,2016,23,4157,50,483000,44.44897959183673,7160,2015,2621,1802.7662283202912,Sunndal,0.005532836179937455,0.07438303690988594,4.605270170991424,3.971674134738621,1.3791877022178705,0.7687905379626097,13.087771932634709
1563,2017,24,4228,100,505000,44.73267326732673,7126,2018,2624,1802.7662283202912,Sunndal,0.005676442762535478,0.07534217120932657,5.298342365610589,3.952814229629527,1.3744277884289606,0.7690548780487805,13.132313708257497
1563,2018,45,4239,100,519000,45.12626262626262,7119,2022,2628,1802.7662283202912,Sunndal,0.010615711252653927,0.10303257374565544,5.298342365610589,3.9489313079894193,1.3734449873670525,0.769406392694064,13.159659162148026
1563,2019,73,4252,100,535000,45.4078947368421,7106,2031,2637,1802.7662283202912,Sunndal,0.017168391345249296,0.13102820820437597,5.298342365610589,3.941720167800648,1.3716172188441516,0.770193401592719,13.190022025878143
1563,2020,104,4221,100,546000,46.03947368421053,7036,2038,2644,1802.7662283202912,Sunndal,0.024638711205875383,0.15696722971969462,5.298342365610589,3.902890951399572,1.361717548120628,0.7708018154311649,13.210374254727043
1563,2021,178,4324,100,564000,46.47435897435897,6956,2041,2647,1802.7662283202912,Sunndal,0.04116558741905643,0.20289304428456,5.298342365610589,3.858514704084057,1.3502823177373529,0.7710615791462032,13.242809530480196
1563,2022,361,4331,300,587000,46.725806451612904,6932,2037,2651,1802.7662283202912,Sunndal,0.08335257446317247,0.2887084592857862,6.39693243298235,3.8452018298894024,1.346826093098676,0.7683892870614862,13.282780098810234
1563,2023,462,4296,300,621000,46.142857142857146,7110,2029,2641,1802.7662283202912,Sunndal,0.10754189944134078,0.32793581603926825,6.39693243298235,3.9439389801664237,1.3721799650604658,0.7682695948504354,13.339086360915616
4647,2016,231,11461,0,544000,37.41114982578397,21702,6651,7546,2272.847883581748,Sunnfjord,0.020155309309833346,0.14196939568031325,0,9.548373279517559,2.256370802760314,0.8813941160879937,13.206704525838079
4647,2017,383,11714,72,564000,37.47126436781609,21872,6696,7598,2272.847883581748,Sunnfjord,0.032695919412668605,0.18082012999848388,4.969861521396496,9.623169310183764,2.264173660543892,0.8812845485654119,13.242809530480196
4647,2018,489,11756,72,584750,37.74612403100775,21963,6763,7733,2272.847883581748,Sunnfjord,0.04159578087784961,0.20395043730732623,4.969861521396496,9.663207185422733,2.2683255998949137,0.8745635587740851,13.278939684446426
4647,2019,649,11965,72,606250,37.98103448275862,21959,6781,7784,2272.847883581748,Sunnfjord,0.05424153781863769,0.23289812755502715,4.969861521396496,9.661447278818821,2.2681434588261524,0.8711459403905447,13.31504772123383
4647,2020,918,11969,94,600000,38.3277027027027,22030,6795,7805,2272.847883581748,Sunnfjord,0.07669813685353831,0.27694428474611693,5.23647025497466,9.692685621038237,2.27137154137655,0.8705957719410634,13.304684934198283
4647,2021,1308,12206,160.2,623000,38.66792452830189,22020,6757,7844,2272.847883581748,Sunnfjord,0.10716041291168278,0.3273536511354086,5.769579956308506,9.688285854528461,2.2709175118568323,0.8614227434982152,13.34230179776959
4647,2022,1890,12389,563.8,646000,38.91496598639456,22116,6788,7928,2272.847883581748,Sunnfjord,0.15255468560820082,0.39058249526598193,7.027847545722982,9.730523613022317,2.2752677090379847,0.8562058526740666,13.37855478276474
4647,2023,2321,12365,571.2,687000,39.28006872852234,22215,6795,7976,2272.847883581748,Sunnfjord,0.1877072381722604,0.43325193383556915,7.0408873578223075,9.774081301469108,2.27973411695017,0.8519307923771314,13.440089571204487
1566,2016,22,3660,0,506000,44.73762376237624,5969,2325,2428,1455.566721007944,Surnadal,0.006010928961748634,0.0775301809732741,0,4.100808237678459,1.4111840854235593,0.9575782537067545,13.134291948269603
1566,2017,30,3731,0,516000,45.03921568627451,5986,2335,2442,1455.566721007944,Surnadal,0.008040739748056821,0.08967017200862738,0,4.112487537400445,1.4140280856675538,0.9561834561834562,13.1538620444637
1566,2018,38,3785,0,521000,45.125,5978,2308,2444,1455.566721007944,Surnadal,0.010039630118890357,0.10019795466420638,0,4.106991396354805,1.412690740098793,0.9443535188216039,13.163505320735505
1566,2019,62,3816,0,530000,45.701149425287355,5928,2317,2455,1455.566721007944,Surnadal,0.016247379454926623,0.1274652088019575,0,4.072640514819552,1.4042915642308325,0.9437881873727088,13.180632285528304
1566,2020,110,3851,0,529000,46.03448275862069,5920,2318,2460,1455.566721007944,Surnadal,0.02856400934822124,0.16900890316258857,0,4.067144373773911,1.4029411251329609,0.9422764227642276,13.178743710840436
1566,2021,183,3886,222,544000,46.88,5872,2331,2474,1455.566721007944,Surnadal,0.04709212557900155,0.21700720167543183,6.0958296350338355,4.0341675275000695,1.3947999675492613,0.9421988682295878,13.206704525838079
1566,2022,348,3851,244,567000,46.86363636363637,5849,2335,2492,1455.566721007944,Surnadal,0.090366138665281745,0.3006096117313645,6.190319604966715,4.018366121993853,1.3908753826979354,0.9369983948635634,13.248114582709889
1566,2023,415,3837,244,609000,46.907407407407405,5912,2350,2507,1455.566721007944,Surnadal,0.10815741464685953,0.32887294605494616,6.190319604966715,4.061648232728271,1.4015888598829473,0.9373753490227363,13.319573546692034
4612,2016,139,2996,0,566000,37.11585365853659,5593,2315,2321,376.3805684263981,Sveio,0.046395193591455275,0.2153954354006957,0,14.859959490957943,2.6986703132399987,0.997414907367514,13.24634935718532
4612,2017,195,3092,0,569000,37.625,5656,2351,2360,376.3805684263981,Sveio,0.0630659767141009,0.25112940232896047,0,15.027343264948708,2.709871425994819,0.9961864406779661,13.251635713108469
4612,2018,253,3135,0,585000,37.78,5721,2377,2394,376.3805684263981,Sveio,0.08070175438596491,0.2840805420755968,0,15.200040809542354,2.7212981126869393,0.9928989139515455,13.279367126213993
4612,2019,302,3195,0,592000,37.85616438356164,5721,2391,2416,376.3805684263981,Sveio,0.0945226917057903,0.307445428825654,0,15.200040809542354,2.7212981126869393,0.9896523178807947,13.291261913866142
4612,2020,374,3198,0,605000,38.333333333333336,5766,2403,2428,376.3805684263981,Sveio,0.11694809255784866,0.3419767427148353,0,15.319600648107187,2.729133096616758,0.9897034596375618,13.312983737012978
4612,2021,490,3284,0,625000,39.01315789473684,5798,2417,2442,376.3805684263981,Sveio,0.1492082825822168,0.38627487956404416,0,15.404620977753291,2.7346675279000117,0.9897624897624898,13.345506928718539
4612,2022,612,3305,0,655000,39.62735849056604,5775,2441,2466,376.3805684263981,Sveio,0.18517397881996975,0.4303184620951903,0,15.343512615820154,2.730692753808405,0.9898621248986212,13.39239051461739
4612,2023,711,3320,0,698000,40.41346153846154,5732,2465,2490,376.3805684263981,Sveio,0.2141566265060241,0.4627705981434258,0,15.229266547858202,2.723219007366473,0.9899598393574297,13.45597438174451
1528,2016,119,4109,0,533000,41.325471698113205,7675,2641,2770,402.1091121914041,Sykkylven,0.028960817717206135,0.17017878163039638,0,19.086859181511652,2.949000097303332,0.9534296028880866,13.186276703147982
1528,2017,132,4200,0,539000,41.48529411764706,7695,2648,2777,402.1091121914041,Sykkylven,0.03142857142857143,0.17728105208558367,0,19.13659692530712,2.9516025711209135,0.9535469931580842,13.197470849891134
1528,2018,134,4212,0,554000,41.74742268041237,7695,2654,2783,402.1091121914041,Sykkylven,0.03181386514719848,0.1783644167069163,0,19.13659692530712,2.9516025711209135,0.9536471433704635,13.224919965729422
1528,2019,175,4298,0,563000,42.324742268041234,7657,2654,2790,402.1091121914041,Sykkylven,0.04071661237785016,0.2017835780678154,0,19.042095212095727,2.9466520659610573,0.9512544802867383,13.241034907121827
1528,2020,223,4272,0,585000,42.894444444444446,7625,2659,2795,402.1091121914041,Sykkylven,0.05220037453183521,0.2284740128151016,0,18.962514822022975,2.942464126323546,0.9513416815742397,13.279367126213993
1528,2021,340,4379,350,598000,43.355555555555554,7596,2670,2806,402.1091121914041,Sykkylven,0.07764329755651975,0.278645469291212,6.5510823758534835,18.890395093519544,2.93865359678011,0.9515324305060584,13.301346032932768
1528,2022,488,4367,350,613000,43.78409090909091,7558,2676,2818,402.1091121914041,Sykkylven,0.11174719487062057,0.3342860973337368,6.5510823758534835,18.79589338030815,2.933638408757368,0.9496096522356281,13.32612021491835
1528,2023,644,4332,372,652000,44.02325581395349,7630,2688,2830,402.1091121914041,Sykkylven,0.14866112650046168,0.38556598203220893,6.6120428413954295,18.974949257971844,2.9431196491264364,0.9498233215547703,13.38779984090879
1812,2016,11,1183,0,460000,44.27142857142857,2031,844,844,789.9080331648003,Sømna,0.009298393913778529,0.0964281800812321,0,2.5711853971945464,0.9443670366113627,1,13.038981768465277
1812,2017,12,1179,0,464000,44.75,2047,850,850,789.9080331648003,Sømna,0.010178117048346057,0.10088665446106367,0,2.59144091977215,0.9522140606922675,1,13.047639831208393
1812,2018,20,1193,0,478000,45.5,2020,869,869,789.9080331648003,Sømna,0.016764459346186086,0.12947764033293968,0,2.557259725422444,0.9389362654262284,1,13.077366011473593
1812,2019,24,1195,0,504000,45.57142857142857,2014,867,867,789.9080331648003,Sømna,0.0200836820083682,0.14171690798337438,0,2.549663904455843,0.9359615483094856,1,13.130331547053506
1812,2020,33,1200,0,512000,46.385714285714286,1975,869,869,789.9080331648003,Sømna,0.0275,0.16583123951776998,0,2.5002910681729342,0.9164071523662003,1,13.146079904021645
1812,2021,55,1262,0,539000,46.785714285714285,1990,879,879,789.9080331648003,Sømna,0.043581616481774964,0.20876210499459658,0,2.5192806205894374,0.9239733927495161,1,13.197470849891134
1812,2022,99,1284,0,550000,46.916666666666664,1981,877,877,789.9080331648003,Sømna,0.07710280373831775,0.27767391620085197,0,2.5078868891395354,0.919440521729529,1,13.217673557208654
1812,2023,134,1258,0,576000,47.193548387096776,1970,885,885,789.9080331648003,Sømna,0.10651828298887123,0.32637138812841915,0,2.493961217367433,0.9138722967630122,1,13.263862939678027
3447,2016,20,3457,3.6,443000,45.97560975609756,5758,2647,2671,728.9673385962526,Søndre Land,0.005785363031530229,0.07606157394854664,1.992835764939741,7.898844975809181,2.0667165431901218,0.9910146012729315,13.001325049027272
3447,2017,38,3531,3.6,453000,46.25625,5717,2647,2668,728.9673385962526,Søndre Land,0.010761823845935995,0.10373921074471308,1.992835764939741,7.842601029298557,2.0595705432819718,0.9921289355322339,13.023647404465171
3447,2018,47,3558,3.6,469000,46.827586206896555,5650,2651,2678,728.9673385962526,Søndre Land,0.013209668353007308,0.11493332133462127,1.992835764939741,7.750690189878755,2.047781896158487,0.9899178491411501,13.058358047428417
3447,2019,70,3621,3.6,491000,47.04320987654321,5623,2649,2675,728.9673385962526,Søndre Land,0.01933167633250483,0.13903839876992555,1.992835764939741,7.713651493396149,2.042991680310202,0.9902803738317757,13.104199406776658
3447,2020,87,3586,3.6,484000,47.45625,5617,2647,2673,728.9673385962526,Søndre Land,0.02426101505856107,0.15575947823025432,1.992835764939741,7.70542067195557,2.0419240645504333,0.9902731013842125,13.089840185698769
3447,2021,137,3662,3.6,508000,48.24698795180723,5579,2655,2681,728.9673385962526,Søndre Land,0.03741125068268706,0.19341988181851177,1.992835764939741,7.653292136165235,2.035135899863529,0.990302126072361,13.138236726560619
3447,2022,214,3590,3.6,525000,49.06470588235294,5535,2655,2690,728.9673385962526,Søndre Land,0.0596100278551532,0.24415164929844976,1.992835764939741,7.592932778934321,2.027217917160738,0.9869888475836431,13.17115354157376
3447,2023,255,3559,14.6,565000,49.02247191011236,5564,2665,2700,728.9673385962526,Søndre Land,0.07164933970216353,0.26767394288978436,3.375339479269934,7.632715082563787,2.032443625061334,0.987037037037037,13.244581010128577
3449,2016,21,1885,0,434000,46.45454545454545,3058,1550,1561,1110.5033415649657,Sør-Aurdal,0.011140583554376658,0.10554896282946914,0,2.7537062569217885,1.0129477340955988,0.9929532351057014,12.980799813082541
3449,2017,28,1939,0,436000,47.02325581395349,3026,1556,1567,1110.5033415649657,Sør-Aurdal,0.01444043321299639,0.12016835362522194,0,2.7248904949134505,1.0024282419548922,0.9929802169751116,12.985397522331171
3449,2018,41,1896,0,452000,47.67391304347826,3014,1556,1572,1110.5033415649657,Sør-Aurdal,0.021624472573839662,0.14705261838484776,0,2.714084584160324,0.9984547267930318,0.989821882951654,13.021437458814368
3449,2019,75,1922,0,464000,48.76136363636363,2981,1555,1571,1110.5033415649657,Sør-Aurdal,0.03902185223725286,0.19753949538574017,0,2.6843683295892253,0.9874454412846625,0.9898154042011458,13.047639831208393
3449,2020,96,1893,0,470000,48.8235294117647,2954,1558,1574,1110.5033415649657,Sør-Aurdal,0.05071315372424723,0.22519581195983027,0,2.66005503039469,0.9783468106979161,0.9898348157560356,13.060487973686241
3449,2021,141,1960,150,476000,49.333333333333336,2904,1561,1587,1110.5033415649657,Sør-Aurdal,0.07193877551020408,0.2682140479359798,5.703793585582131,2.6150304022566626,0.9612757235512779,0.9836168872085697,13.073173133213556
3449,2022,187,1939,150,517000,49.671052631578945,2889,1557,1586,1110.5033415649657,Sør-Aurdal,0.0964414646725116,0.31055026110520595,5.703793585582131,2.601523013815254,0.9560970480728264,0.9817150063051703,13.155798153490567
3449,2023,209,1944,150,566000,49.97058823529411,2866,1561,1586,1110.5033415649657,Sør-Aurdal,0.10751028806584362,0.3278876149930699,5.703793585582131,2.5808116848717613,0.9481039559947083,0.9842370744010088,13.24634935718532
3438,2016,12,1936,0,464000,44.767857142857146,3154,1458,1460,743.0134956028521,Sør-Fron,0.006198347107438017,0.0787295821622217,0,4.244875791173843,1.4457125593055087,0.9986301369863013,13.047639831208393
3438,2017,32,2027,7.4,474000,45.083333333333336,3163,1464,1466,743.0134956028521,Sør-Fron,0.015786877158362113,0.1256458401952174,2.6991616063975625,4.256988626342063,1.448562015088174,0.9986357435197817,13.068962600677214
3438,2018,48,2012,7.4,484000,45.42307692307692,3146,1463,1465,743.0134956028521,Sør-Fron,0.02385685884691849,0.1544566568553084,2.6991616063975625,4.23410882657987,1.4431728754007482,0.9986348122866894,13.089840185698769
3438,2019,63,2050,14.8,502000,45.53947368421053,3127,1461,1463,743.0134956028521,Sør-Fron,0.03073170731707317,0.17530461293723326,3.388913756318583,4.208537285669185,1.4371151492403664,0.9986329460013671,13.126355398673866
3438,2020,81,2052,14.8,506000,46.25609756097561,3119,1467,1469,743.0134956028521,Sør-Fron,0.039473684210526314,0.19867985355975656,3.388913756318583,4.197770321075212,1.4345535083903285,0.998638529611981,13.134291948269603
3438,2021,113,2097,14.8,516000,47.125,3064,1468,1470,743.0134956028521,Sør-Fron,0.053886504530281355,0.2321346689537807,3.388913756318583,4.123747439491647,1.4167623226430068,0.998639455782313,13.1538620444637
3438,2022,157,2109,14.8,539000,47.659574468085104,3064,1476,1478,743.0134956028521,Sør-Fron,0.07444286391654813,0.27284219599715165,3.388913756318583,4.123747439491647,1.4167623226430068,0.9986468200270636,13.197470849891134
3438,2023,185,2121,22.200000000000003,572000,46.65714285714286,3240,1489,1497,743.0134956028521,Sør-Fron,0.08722300801508723,0.29533541612053105,3.79374634791829,4.360620660559053,1.4726144005689001,0.9946559786239145,13.256894270361935
3415,2016,128,5012,0,492000,44.64782608695652,7901,3203,3306,516.7386466624948,Sør-Odal,0.025538707102952914,0.1598083449102484,0,15.290127903207706,2.7272073850601823,0.9688445251058682,13.106233995474446
3415,2017,155,5140,0,507000,45.05263157894737,7866,3218,3321,516.7386466624948,Sør-Odal,0.030155642023346304,0.17365379933461375,0,15.222395403952895,2.722767725329204,0.9689852454080097,13.13626628257332
3415,2018,209,5222,0,524000,45.4812030075188,7884,3229,3336,516.7386466624948,Sør-Odal,0.04002297970126388,0.20005744100448722,0,15.257229260712512,2.72505344061006,0.967925659472422,13.169246963303179
3415,2019,269,5288,0,541000,45.947154471544714,7879,3245,3352,516.7386466624948,Sør-Odal,0.05086989409984871,0.2255435525565932,0,15.247553189390397,2.7244190435831372,0.9680787589498807,13.201174557828619
3415,2020,363,5243,0,546000,46.06,7905,3238,3379,516.7386466624948,Sør-Odal,0.06923517070379553,0.26312576974480384,0,15.297868760265398,2.7277135219810216,0.9582716780112459,13.210374254727043
3415,2021,479,5363,0,572000,46.52427184466019,7914,3245,3404,516.7386466624948,Sør-Odal,0.08931568152153645,0.29885729290337965,0,15.315285688645208,2.728851394282819,0.9532902467685076,13.256894270361935
3415,2022,619,5387,0,590000,46.625,7978,3261,3426,516.7386466624948,Sør-Odal,0.11490625580100242,0.33897825269624954,0,15.439139401568292,2.736905804802801,0.9518388791593695,13.287877815881902
3415,2023,711,5358,0,639000,47.051587301587304,8069,3271,3446,516.7386466624948,Sør-Odal,0.13269876819708848,0.36427842126193594,0,15.615243899630805,2.7482476101859556,0.9492164828787,13.367659733359671
5444,2016,14,5476,0,504000,40.38741721854305,10227,2852,3304,5143.298472117744,Sør-Varanger,0.002556610664718773,0.05056293765910732,0,1.9884126996404026,0.6873366820819972,0.8631961259079903,13.130331547053506
5444,2017,21,5630,0,503000,40.79770992366412,10199,2860,3319,5143.298472117744,Sør-Varanger,0.0037300177619893427,0.061073871352562405,0,1.9829687223655486,0.6845950765265024,0.8617053329316059,13.128345449081877
5444,2018,25,5743,7.4,523000,41.04924242424242,10171,2858,3317,5143.298472117744,Sør-Varanger,0.004353125544140693,0.06597822022562212,2.6991616063975625,1.9775247450906945,0.6818459339015804,0.8616219475429605,13.16733674304706
5444,2019,38,5844,57.4,539000,41.48543689320388,10156,2865,3324,5143.298472117744,Sør-Varanger,0.006502395619438741,0.08063743311538842,4.743267353311623,1.9746083286934515,0.6803700641005533,0.8619133574007221,13.197470849891134
5444,2020,73,5878,57.4,539000,41.633663366336634,10158,2880,3339,5143.298472117744,Sør-Varanger,0.012419190200748553,0.11144142048963909,4.743267353311623,1.9749971842130838,0.6805669726371746,0.862533692722372,13.197470849891134
5444,2021,116,5925,57.4,559000,42.17289719626168,10103,2883,3342,5143.298472117744,Sør-Varanger,0.019578059071729957,0.13992161759974744,4.743267353311623,1.9643036574231922,0.6751378097037166,0.8626570915619389,13.233904752137237
5444,2022,261,5922,64.8,580000,42.54494382022472,9925,2895,3354,5143.298472117744,Sør-Varanger,0.044072948328267476,0.2099355813774013,4.864512316019898,1.9296955161759064,0.6573622268313755,0.8631484794275492,13.270783382522602
5444,2023,393,5893,86.8,623000,42.982142857142854,9850,2898,3357,5143.298472117744,Sør-Varanger,0.06668929238079077,0.25824270053728676,5.156786982421959,1.9151134341896905,0.6497768554421188,0.8632707774798928,13.34230179776959
1845,2016,3,1163,0,493000,47.07142857142857,1963,977,977,1828.333331924257,Sørfold,0.0025795356835769563,0.05078912958081637,0,1.0736554247107726,0.07106911100592915,1,13.108264453024827
1845,2017,5,1167,50,494000,47.166666666666664,1958,977,977,1828.333331924257,Sørfold,0.004284490145672665,0.0654560168790667,4.605270170991424,1.0709206936238882,0.0685187398199237,1,13.110290796170059
1845,2018,9,1191,50,504000,46.86,1979,991,991,1828.333331924257,Sørfold,0.007556675062972292,0.0869291381699617,4.605270170991424,1.0824065641888023,0.07918686233203383,1,13.130331547053506
1845,2019,9,1179,50,520000,47.410714285714285,1975,990,990,1828.333331924257,Sørfold,0.007633587786259542,0.0873704056661038,4.605270170991424,1.0802187793192948,0.07716359406469023,1,13.16158409055761
1845,2020,15,1175,50,527000,48.464285714285715,1926,982,982,1828.333331924257,Sørfold,0.01276595744680851,0.11298653657320641,4.605270170991424,1.0534184146678287,0.052040509087538836,1,13.1749558275235
1845,2021,24,1194,50,539000,48.96666666666667,1912,984,984,1828.333331924257,Sørfold,0.020100502512562814,0.1417762410016672,4.605270170991424,1.0457611676245528,0.04474501034081471,1,13.197470849891134
1845,2022,55,1172,50,560000,49.564516129032256,1869,985,985,1828.333331924257,Sørfold,0.04692832764505119,0.21662947085992523,4.605270170991424,1.022242480277348,0.02199872418503099,1,13.235692062711331
1845,2023,70,1175,50,603000,50.20967741935484,1845,985,987,1828.333331924257,Sørfold,0.059574468085106386,0.24407881531404232,4.605270170991424,1.0091157710603034,0.009074473204095697,0.9979736575481256,13.309672475709322
5419,2016,10,2151,0,507000,42.5,3452,1541,1541,390.8705206908449,Sørreisa,0.004649000464900047,0.06818357914410218,0,8.831569067676824,2.178332696188207,1,13.13626628257332
5419,2017,11,2213,0,519000,42.42857142857143,3496,1542,1542,390.8705206908449,Sørreisa,0.004970628106642567,0.0705026815563959,0,8.944138314194142,2.1909983807603144,1,13.159659162148026
5419,2018,21,2207,7.4,524000,42.44444444444444,3494,1554,1554,390.8705206908449,Sørreisa,0.0095151789759855,0.09754577887323213,2.6991616063975625,8.939021530261536,2.1904261346788902,1,13.169246963303179
5419,2019,26,2224,7.4,550000,42.90277777777778,3489,1557,1557,390.8705206908449,Sørreisa,0.011690647482014389,0.10812329759128876,2.6991616063975625,8.926229570430023,2.1889940851716623,1,13.217673557208654
5419,2020,43,2248,7.4,556000,43.15151515151515,3464,1563,1563,390.8705206908449,Sørreisa,0.01912811387900356,0.13830442465446852,2.6991616063975625,8.862269771272457,2.181802913667214,1,13.228523573232719
5419,2021,91,2275,7.4,572000,42.96875,3465,1569,1569,390.8705206908449,Sørreisa,0.04,0.2,2.6991616063975625,8.864828163238759,2.182091555608892,1,13.256894270361935
5419,2022,171,2252,7.4,580000,43.604166666666664,3414,1568,1568,390.8705206908449,Sørreisa,0.07593250444049733,0.27555853178680084,2.6991616063975625,8.734350172957322,2.167263547339274,1,13.270783382522602
5419,2023,213,2248,7.4,621000,43.97674418604651,3428,1571,1571,390.8705206908449,Sørreisa,0.0947508896797153,0.3078163245828838,2.6991616063975625,8.77016766048556,2.1713559237025586,1,13.339086360915616
1121,2016,293,9379,0,578000,34.865671641791046,18572,4571,5906,184.32360328009955,Time,0.031240004264847,0.17674842082702466,0,100.75757889659876,4.612717422777687,0.7739586860819505,13.267329147654515
1121,2017,393,9447,0,583000,35.19927536231884,18656,4591,5964,184.32360328009955,Time,0.041600508097808825,0.20396202611713982,0,101.2132991543693,4.617230162788093,0.7697853789403085,13.27594246533263
1121,2018,600,9487,50,596000,35.64962121212121,18699,4628,6047,184.32360328009955,Time,0.06324443975967113,0.25148447220389397,4.605270170991424,101.44658452441848,4.619532399114835,0.7653381842235819,13.297995946047488
1121,2019,783,9677,50,610000,36.11302681992337,18795,4663,6113,184.32360328009955,Time,0.08091350625193758,0.284452994802195,4.605270170991424,101.96740767615624,4.624653229636153,0.7628005889088827,13.321214236149494
1121,2020,1015,9873,50,612000,36.5985401459854,18916,4695,6180,184.32360328009955,Time,0.10280563152030792,0.32063317283198867,4.605270170991424,102.62386185699236,4.631070477401641,0.7597087378640777,13.324487561494463
1121,2021,1455,10162,50,635000,36.92537313432836,19106,4698,6189,184.32360328009955,Time,0.14318047628419603,0.3783919611780832,4.605270170991424,103.65465767813998,4.641064774467829,0.7590887057682986,13.36138027787483
1121,2022,1855,10399,50,660000,37.237827715355806,19353,4727,6225,184.32360328009955,Time,0.17838253678238292,0.42235356844992195,4.605270170991424,104.99469224563191,4.653909798838226,0.7593574297188755,13.399995114002609
1121,2023,2262,10590,50,723000,37.41459074733096,19781,4766,6344,184.32360328009955,Time,0.21359773371104815,0.4621663485272896,4.605270170991424,107.31669546379604,4.675784233653951,0.7512610340479193,13.491164501140902
1560,2016,9,1759,50,487000,45.4078947368421,3103,1292,1304,505.8850846600037,Tingvoll,0.00511654349061967,0.07153001810862115,4.605270170991424,6.1338040873165305,1.813815126368267,0.99079754601227,13.096019402064726
1560,2017,16,1791,72,487000,45.73076923076923,3109,1306,1318,505.8850846600037,Tingvoll,0.00893355667225014,0.09451749400111145,4.969861521396496,6.14566448838772,1.8157468719786405,0.9908952959028832,13.096019402064726
1560,2018,27,1813,72,498000,46.31707317073171,3078,1318,1330,505.8850846600037,Tingvoll,0.014892443463872035,0.12203459945389272,4.969861521396496,6.08438574951991,1.8057257763187113,0.9909774436090225,13.11835535600679
1560,2019,42,1844,72,529000,46.86290322580645,3045,1325,1337,505.8850846600037,Tingvoll,0.0227765726681128,0.15091909311983293,4.969861521396496,6.019153543628371,1.7949466420638842,0.9910246821241586,13.178743710840436
1560,2020,53,1828,72,530000,47.391666666666666,3025,1328,1340,505.8850846600037,Tingvoll,0.02899343544857768,0.17027458838175966,4.969861521396496,5.979618873391075,1.7883568323848287,0.991044776119403,13.180632285528304
1560,2021,91,1850,72,562000,48.404761904761905,2985,1333,1345,505.8850846600037,Tingvoll,0.049189189189189186,0.22178635933976912,4.969861521396496,5.900549532916482,1.7750454877465893,0.9910780669144982,13.239257128875828
1560,2022,185,1870,72,590000,48.77142857142857,2960,1342,1354,505.8850846600037,Tingvoll,0.09893048128342247,0.3145321625580164,4.969861521396496,5.851131195119862,1.7666350092379928,0.9911373707533235,13.287877815881902
1560,2023,239,1849,72,625000,48.45744680851064,3031,1347,1359,505.8850846600037,Tingvoll,0.1292590589507842,0.3595261589241932,4.969861521396496,5.991479274462264,1.79033833897769,0.9911699779249448,13.345506928718539
4026,2016,17,2940,0,461000,45.74,5940,2225,2789,2049.963080859187,Tinn,0.005782312925170068,0.07604152106033958,0,2.8976131597015926,1.0638873497233887,0.7977769809967731,13.041153321978786
4026,2017,26,2979,11,485000,46.19417475728155,5894,2229,2792,2049.963080859187,Tinn,0.00872776099362202,0.09342248655233931,3.093102195050827,2.875173731192119,1.0561131006643383,0.798352435530086,13.091904169919621
4026,2018,43,2970,11,501000,46.54347826086956,5856,2227,2790,2049.963080859187,Tinn,0.014478114478114479,0.12032503678833628,3.093102195050827,2.8566368119886407,1.0496449930078458,0.7982078853046595,13.124361380067002
4026,2019,55,2972,11,521000,47.20454545454545,5780,2229,2792,2049.963080859187,Tinn,0.01850605652759085,0.13603696750365635,3.093102195050827,2.8195629735816845,1.0365818990331215,0.798352435530086,13.163505320735505
4026,2020,85,2975,25.8,526000,47.94827586206897,5691,2213,2776,2049.963080859187,Tinn,0.02857142857142857,0.1690308509457033,3.9438970394659694,2.7761475575524854,1.0210641959698221,0.7971902017291066,13.173056491719846
4026,2021,125,2957,47.8,536000,48.804597701149426,5604,2223,2785,2049.963080859187,Tinn,0.042272573554277985,0.20560295122949473,4.560282218955596,2.7337077688497855,1.005658844823596,0.7982046678635547,13.19188944005294
4026,2022,210,2968,477.2,569000,49.644444444444446,5512,2218,2780,2049.963080859187,Tinn,0.07075471698113207,0.26599758829946574,6.861083968622122,2.688828911830838,0.9891057500601926,0.797841726618705,13.251635713108469
4026,2023,287,2953,657.2,605000,49.89887640449438,5546,2226,2787,2049.963080859187,Tinn,0.09718929901794784,0.31175198318206065,7.181136145544382,2.7054145763813184,0.9952551635424215,0.798708288482239,13.312983737012978
5412,2016,26,2620,0,493000,47.08064516129032,4324,1943,1969,1024.876565509055,Tjeldsund,0.009923664122137405,0.09961758942143403,0,4.219044659151002,1.4396087183317345,0.9867953275774505,13.108264453024827
5412,2017,40,2662,0,503000,47.42592592592592,4300,1949,1977,1024.876565509055,Tjeldsund,0.015026296018031555,0.12258179317513493,0,4.195627204983651,1.4340428412542894,0.9858371269600404,13.128345449081877
5412,2018,65,2644,0,514000,48.135416666666664,4253,1958,1996,1024.876565509055,Tjeldsund,0.024583963691376703,0.15679274119479097,0,4.149768023905923,1.4230524348262692,0.9809619238476954,13.149978544437301
5412,2019,80,2631,0,523000,48.30357142857143,4268,1963,2007,1024.876565509055,Tjeldsund,0.03040668947168377,0.17437514006211943,0,4.164403932760517,1.4265731519942797,0.9780767314399601,13.16733674304706
5412,2020,110,2661,0,532000,48.907407407407405,4216,1957,2015,1024.876565509055,Tjeldsund,0.04133784291619692,0.20331709941910178,0,4.113666115397924,1.414314629793834,0.9712158808933002,13.184398768323781
5412,2021,169,2721,0,543000,49.36440677966102,4209,1971,2029,1024.876565509055,Tjeldsund,0.06210951855935318,0.24921781348722483,0,4.106836024599113,1.4126529083432062,0.9714144898965007,13.204864598916073
5412,2022,276,2692,0,571000,49.61029411764706,4201,1981,2039,1024.876565509055,Tjeldsund,0.1025260029717682,0.32019681911563114,0,4.09903020654333,1.4107504107420177,0.971554683668465,13.255144488638146
5412,2023,344,2728,0,606000,49.910714285714285,4206,1978,2036,1024.876565509055,Tjeldsund,0.12609970674486803,0.35510520517850486,0,4.1039088428281945,1.4119398958352807,0.9715127701375246,13.314635265051452
4034,2016,2,1294,0,481000,46.42857142857143,2246,1224,1237,987.6872142174956,Tokke,0.0015455950540958269,0.03931405669853757,0,2.2739992658297337,0.8215400724741733,0.9894907033144705,13.083622549087899
4034,2017,5,1327,0,483000,46.53125,2228,1233,1246,987.6872142174956,Tokke,0.0037678975131876413,0.06138320220701785,0,2.2557748727821223,0.8134935382229594,0.9895666131621188,13.087771932634709
4034,2018,7,1350,0,504000,47.088235294117645,2236,1238,1251,987.6872142174956,Tokke,0.005185185185185185,0.07200822998230956,0,2.2638746030255055,0.8170777714507748,0.9896083133493205,13.130331547053506
4034,2019,8,1379,3.6,522000,47.4,2228,1239,1252,987.6872142174956,Tokke,0.005801305293691081,0.07616630024946125,1.992835764939741,2.2557748727821223,0.8134935382229594,0.9896166134185304,13.165422866864775
4034,2020,23,1335,3.6,524000,47.93478260869565,2201,1248,1261,987.6872142174956,Tokke,0.017228464419475654,0.13125724520755286,1.992835764939741,2.2284382832107053,0.8013010187022466,0.9896907216494846,13.169246963303179
4034,2021,41,1405,25.6,542000,48.08,2164,1248,1261,987.6872142174956,Tokke,0.029181494661921707,0.17082591917481874,3.9361207836781484,2.1909770308350596,0.784347577142157,0.9896907216494846,13.203021280421783
4034,2022,91,1400,25.6,561000,48.6,2140,1251,1264,987.6872142174956,Tokke,0.065,0.25495097567963926,3.9361207836781484,2.166677840104911,0.7731950451916819,0.9897151898734177,13.237476184504834
4034,2023,128,1381,25.6,599000,48.172413793103445,2198,1263,1277,987.6872142174956,Tokke,0.09268645908761766,0.3044445090449451,3.9361207836781484,2.225400884369437,0.7999370721393516,0.9890368050117463,13.303016877097587
3426,2016,1,933,0,466000,43.5,1620,702,712,1122.695798715357,Tolga,0.0010718113612004287,0.03273853022358256,0,1.442955430895602,0.36669339289450437,0.9859550561797753,13.051940913107783
3426,2017,5,943,0,480000,43.76190476190476,1620,702,712,1122.695798715357,Tolga,0.005302226935312832,0.07281639194105151,0,1.442955430895602,0.36669339289450437,0.9859550561797753,13.081541382884074
3426,2018,10,935,0,502000,44.916666666666664,1553,702,712,1122.695798715357,Tolga,0.0106951871657754,0.10341753799900383,0,1.3832776445560926,0.32445578781676165,0.9859550561797753,13.126355398673866
3426,2019,14,954,0,515000,45.30555555555556,1551,701,717,1122.695798715357,Tolga,0.014675052410901468,0.12114063071860517,0,1.381496218098197,0.3231671278446135,0.9776847977684798,13.151922179645874
3426,2020,22,931,0,516000,43.833333333333336,1562,702,718,1122.695798715357,Tolga,0.023630504833512353,0.1537221676711344,0,1.3912940636166238,0.3302342950677059,0.9777158774373259,13.1538620444637
3426,2021,35,947,0,513000,43.40625,1563,702,718,1122.695798715357,Tolga,0.03695881731784583,0.1922467615275894,0,1.3921847768455717,0.33087429508955124,0.9777158774373259,13.148031124152906
3426,2022,53,955,0,554000,43.911764705882355,1551,707,723,1122.695798715357,Tolga,0.05549738219895288,0.2355788237489798,0,1.381496218098197,0.3231671278446135,0.9778699861687413,13.224919965729422
3426,2023,66,936,0,600000,43.59375,1555,713,729,1122.695798715357,Tolga,0.07051282051282051,0.2655425022718972,0,1.3850590710139885,0.32574278928140915,0.9780521262002744,13.304684934198283
5401,2016,468,33072,18.4,509000,36.49952335557674,73480,15428,24143,5286.276165484051,Tromsø,0.014150943396226415,0.11895773785772162,3.606235450164927,13.900144014377581,2.6318992008295625,0.639025804581038,13.14020329553266
5401,2017,675,33892,18.4,520000,36.48178331735379,74541,15474,24629,5286.276165484051,Tromsø,0.01991620441402101,0.141124783131883,3.606235450164927,14.100852408488286,2.6462352500595383,0.6282837305615332,13.16158409055761
5401,2018,884,34478,40.4,529000,36.5754039497307,75638,15545,25082,5286.276165484051,Tromsø,0.025639538256279366,0.16012350938035103,4.392130101604592,14.30837088948682,2.6608447428868356,0.619767163703054,13.178743710840436
5401,2019,1241,35032,291.8,547000,36.692546583850934,76649,15616,25758,5286.276165484051,Tromsø,0.03542475451016214,0.18821465009441252,6.369218752726171,14.499620829586654,2.6741224994009407,0.6062582498641199,13.212204081404119
5401,2020,1762,35147,313.8,544000,36.94826048171276,76974,15642,26174,5286.276165484051,Tromsø,0.05013230147665519,0.22390243740668656,6.441905559682183,14.561100780657322,2.678353642977896,0.5976159547642699,13.206704525838079
5401,2021,2853,35965,463.8,563000,37.22459165154265,77095,15606,26373,5286.276165484051,Tromsø,0.07932712359238148,0.28165071203954284,6.832601767573059,14.583990239363631,2.6799243681059535,0.5917415538619042,13.241034907121827
5401,2022,4845,36038,474.8,585000,37.3968105065666,77544,15621,26922,5286.276165484051,Tromsø,0.13444142294244962,0.36666254641352397,6.856041952260525,14.668927156381264,2.6857314576729445,0.5802317806997994,13.279367126213993
5401,2023,6163,35337,718.8,618000,37.558394160583944,77992,15669,27305,5286.276165484051,Tromsø,0.17440642952146476,0.41761995824129955,7.270730819333623,14.753674904318677,2.691492197809608,0.5738509430507233,13.334243736439827
5001,2016,4477,82764,136.6,490635.4235909199,35.78607322325915,193420,24212,63523,714.5570510766005,Trondheim,0.054093567251461985,0.23258023830812022,5.6102175253853215,270.68517441480736,5.600956427535704,0.38115328306282764,13.10345661282876
5001,2017,5685,83887,144,499466.8612155564,35.78271692745377,196514,24447,65054,714.5570510766005,Trondheim,0.06776973786164722,0.2603262143189718,5.662972536245079,275.01512958820933,5.6168261128376065,0.37579549297506687,13.12129653095709
5001,2018,7787,84024,344,556000,35.79026152787336,199595,24604,66498,714.5570510766005,Trondheim,0.0926759021232029,0.3044271704746521,6.533790950555097,279.32689167264743,5.63238275071029,0.3699960901079732,13.228523573232719
5001,2019,10403,85642,369.6,580000,35.91581632653061,202235,24722,68228,714.5570510766005,Trondheim,0.12147077368580836,0.34852657529348946,6.6055703504277705,283.0214882006957,5.645522824798492,0.3623439057278537,13.270783382522602
5001,2020,13607,86290,563.6,534000,36.03084526244035,205163,24858,69544,714.5570510766005,Trondheim,0.1576891876231313,0.39710097912638204,7.027492747625779,287.11913162271287,5.65989722239452,0.3574427700448637,13.188151117942333
5001,2021,18574,89365,951.8,553000,36.14031218187988,207595,24967,70729,714.5570510766005,Trondheim,0.2078442343199239,0.4558993686329516,7.551502385208411,290.5226387273391,5.671681503470157,0.3529952353348697,13.223113280504473
5001,2022,24428,90577,973.8,577000,36.14415880247315,210496,25036,71985,714.5570510766005,Trondheim,0.26969318922022145,0.519319929542687,7.574353387941865,294.5824965030467,5.685559087813478,0.347794679447107,13.265597545490236
5001,2023,27821,89368,1173.8,622000,36.3485342019544,212660,24564,72803,714.5570510766005,Trondheim,0.3113082982723122,0.5579500858251679,7.761148990131968,297.6109460813407,5.695787083469827,0.3374036784198453,13.340695371721317
3421,2016,19,3797,11,427000,47.42783505154639,6525,3206,3516,3013.571212769191,Trysil,0.005003950487226758,0.07073860676622602,3.093102195050827,2.1652051799380354,0.7725151282978996,0.9118316268486917,12.96453929221076
3421,2017,32,3914,11,442000,47.642857142857146,6550,3225,3559,3013.571212769191,Trysil,0.008175779253960144,0.09042001578168489,3.093102195050827,2.1735009852251546,0.7763392247363031,0.9061534138803035,12.999065161059836
3421,2018,54,3985,11,459000,47.98543689320388,6567,3232,3566,3013.571212769191,Trysil,0.013550815558343789,0.11640797033856311,3.093102195050827,2.1791421328203953,0.778931282297978,0.9063376332024677,13.036805489042683
3421,2019,68,4055,11,471000,48.128571428571426,6607,3225,3559,3013.571212769191,Trysil,0.016769420468557335,0.12949679713628956,3.093102195050827,2.1924154212797857,0.7850038681368913,0.9061534138803035,13.062613372998555
3421,2020,91,4035,11,477000,48.13690476190476,6627,3248,3606,3013.571212769191,Trysil,0.02255266418835192,0.1501754446917069,3.093102195050827,2.1990520655094805,0.7880263881952323,0.9007210205213533,13.075271769870477
3421,2021,125,4098,51.4,484000,48.733333333333334,6580,3269,3627,3013.571212769191,Trysil,0.030502684236212788,0.1746501767425753,4.632879966309094,2.183455951569697,0.7809089204263684,0.9012958367797077,13.089840185698769
3421,2022,203,4110,73.4,512000,48.938202247191015,6603,3300,3664,3013.571212769191,Trysil,0.04939172749391727,0.22224249704752075,4.989117516146373,2.1910880924338465,0.7843982663015768,0.9006550218340611,13.146079904021645
3421,2023,236,4007,469.4,546000,49.340425531914896,6582,3316,3681,3013.571212769191,Trysil,0.05889693037184927,0.2426868978166091,6.844603598603829,2.1841196159926666,0.7812128256102907,0.9008421624558544,13.210374254727043
1835,2016,0,119,0,450000,41,478,210,210,1793.21547243669,Træna,0,0,0,0.26656026972066843,-1.3221549081469215,1,13.017002861746503
1835,2017,0,121,0,446000,41.375,465,209,209,1793.21547243669,Træna,0,0,0,0.25931072263621513,-1.3497282350510211,1,13.008074231002201
1835,2018,1,122,0,477000,41,454,209,209,1793.21547243669,Træna,0.00819672131147541,0.09053574604251853,0,0.25317649048783153,-1.3736684425970296,1,13.075271769870477
1835,2019,2,117,0,511000,41.666666666666664,456,209,209,1793.21547243669,Træna,0.017094017094017096,0.1307440900921227,0,0.2542918054239013,-1.3692728311239915,1,13.144124869185841
1835,2020,4,122,0,466000,43.75,435,209,209,1793.21547243669,Træna,0.03278688524590164,0.18107149208503706,0,0.242580998595169,-1.4164196095496935,1,13.051940913107783
1835,2021,5,136,0,491000,43.333333333333336,442,209,209,1793.21547243669,Træna,0.03676470588235294,0.1917412472118426,0,0.24648460087141308,-1.4004557585606794,1,13.104199406776658
1835,2022,5,137,0,483000,42.5,450,211,211,1793.21547243669,Træna,0.0364963503649635,0.19104017997521752,0,0.2509458606156921,-1.382518057874012,1,13.087771932634709
1835,2023,6,141,0,530000,43.25,444,209,209,1793.21547243669,Træna,0.0425531914893617,0.20628424925175867,0,0.2475999158074828,-1.3959410782061528,1,13.180632285528304
4213,2016,46,3222,0,471000,43.55696202531646,6014,2595,2727,620.3665952505492,Tvedestrand,0.014276846679081317,0.11948575931499668,0,9.69426794744019,2.271534777585878,0.9515951595159516,13.062613372998555
4213,2017,80,3256,0,473000,43.857894736842105,6051,2609,2742,620.3665952505492,Tvedestrand,0.02457002457002457,0.15674828410551922,0,9.753910101423443,2.277668240659725,0.9514952589350839,13.06685066747407
4213,2018,123,3323,0,498000,44.45263157894737,6086,2647,2780,620.3665952505492,Tvedestrand,0.03701474571170629,0.19239216645099222,0,9.810328355191386,2.28343574449432,0.952158273381295,13.11835535600679
4213,2019,174,3403,0,506000,44.953947368421055,6069,2659,2812,620.3665952505492,Tvedestrand,0.051131354687040845,0.2261224329584326,0,9.782925203361243,2.2806385398732587,0.9455903271692745,13.134291948269603
4213,2020,218,3346,0,510000,45.3,6053,2672,2825,620.3665952505492,Tvedestrand,0.06515242080095636,0.25524972243071364,0,9.757134001638754,2.277998709929091,0.9458407079646017,13.142166004700508
4213,2021,307,3473,11,540000,45.59146341463415,6067,2694,2857,620.3665952505492,Tvedestrand,0.0883961992513677,0.29731498322716216,3.093102195050827,9.77970130314593,2.280308941979701,0.9429471473573678,13.199324418540456
4213,2022,454,3545,33,549000,46.006024096385545,6115,2714,2888,620.3665952505492,Tvedestrand,0.12806770098730608,0.3578654788985745,4.1898842314256335,9.857074908313395,2.2881894621586762,0.9397506925207756,13.215853720491667
4213,2023,520,3598,33,591000,46.19767441860465,6184,2753,2927,620.3665952505492,Tvedestrand,0.14452473596442467,0.3801640908402905,4.1898842314256335,9.968299465741625,2.2994100043046615,0.9405534677143833,13.289571296388235
5033,2016,0,486,0,488797.8377347741,48.6875,851,406,406,1328.4669223866977,Tydal,0,0,0,0.6405880234271171,-0.44536873784960274,1,13.099704263210208
5033,2017,2,485,0,497596.198814,48.19230769230769,861,420,420,1328.4669223866977,Tydal,0.004123711340206186,0.06421612990679355,0,0.6481154972629234,-0.4336863619952461,1,13.11754418133854
5033,2018,3,464,0,520000,49.46153846153846,834,424,424,1328.4669223866977,Tydal,0.00646551724137931,0.08040844011283461,0,0.6277913179062463,-0.4655474640642302,1,13.16158409055761
5033,2019,3,457,11,529000,51.142857142857146,794,406,406,1328.4669223866977,Tydal,0.006564551422319475,0.08102191939419526,3.093102195050827,0.5976814225630211,-0.5146974051758411,1,13.178743710840436
5033,2020,5,449,11,532000,51.96153846153846,769,404,404,1328.4669223866977,Tydal,0.011135857461024499,0.10552657229828181,3.093102195050827,0.5788627379735053,-0.5466898969173329,1,13.184398768323781
5033,2021,12,443,11,547000,53.75,759,406,406,1328.4669223866977,Tydal,0.02708803611738149,0.16458443461452085,3.093102195050827,0.571335264137699,-0.5597790890273471,1,13.212204081404119
5033,2022,27,454,11,590000,54.5,750,409,409,1328.4669223866977,Tydal,0.05947136563876652,0.24386751657153216,3.093102195050827,0.5645605376854733,-0.5717076598926207,1,13.287877815881902
5033,2023,32,448,191,607000,54.42307692307692,753,415,415,1328.4669223866977,Tydal,0.07142857142857142,0.2672612419124244,5.945427461418456,0.5668187798362152,-0.5677156386230834,1,13.316284070041636
3427,2016,6,3189,0,480000,42.92537313432836,5580,2139,2310,1881.2108813450704,Tynset,0.0018814675446848542,0.043375886673183456,0,2.966174635355227,1.087273121063766,0.925974025974026,13.081541382884074
3427,2017,11,3267,0,502000,43.16417910447761,5584,2152,2323,1881.2108813450704,Tynset,0.003367003367003367,0.058025885318565944,0,2.968300925416414,1.087989710130618,0.9263882910030133,13.126355398673866
3427,2018,23,3310,0,515000,43.03968253968254,5605,2169,2354,1881.2108813450704,Tynset,0.006948640483383686,0.08335850576506088,0,2.979463948237643,1.0917434011946698,0.921410365335599,13.151922179645874
3427,2019,33,3391,0,525000,43.28688524590164,5591,2185,2370,1881.2108813450704,Tynset,0.009731642583308758,0.09864908810175975,0,2.9720219330234903,1.0892425067150548,0.9219409282700421,13.17115354157376
3427,2020,54,3394,0,537000,43.58181818181818,5578,2203,2388,1881.2108813450704,Tynset,0.015910430170889805,0.12613655366661086,0,2.965111490324634,1.0869146338758437,0.9225293132328308,13.193753373491
3427,2021,96,3473,22,557000,43.66981132075472,5537,2208,2397,1881.2108813450704,Tynset,0.02764180823495537,0.16625825764441107,3.7847057630994327,2.943317017197472,1.0795371825113766,0.9211514392991239,13.230320518909421
3427,2022,180,3441,277,568000,43.775,5581,2222,2425,1881.2108813450704,Tynset,0.05231037489102005,0.22871461451122893,6.3171679449518505,2.9667062078705237,1.087452316476843,0.9162886597938145,13.249876697703288
3427,2023,243,3421,277,613000,43.61904761904762,5628,2230,2433,1881.2108813450704,Tynset,0.0710318620286466,0.2665180332147275,6.3171679449518505,2.991690116089466,1.0958384839226891,0.916563912864776,13.32612021491835
4616,2016,41,1482,50,497000,45.546875,2797,1478,1529,485.3733453810986,Tysnes,0.02766531713900135,0.16632894257765649,4.605270170991424,5.762574370052997,1.7513843141055168,0.9666448659254414,13.116345305078767
4616,2017,49,1510,50,510000,45.078125,2847,1498,1555,485.3733453810986,Tysnes,0.03245033112582781,0.18013975442924254,4.605270170991424,5.865587855395382,1.7691027081815947,0.9633440514469453,13.142166004700508
4616,2018,64,1553,50,527000,45.06818181818182,2857,1510,1588,485.3733453810986,Tysnes,0.0412105602060528,0.20300384283567835,4.605270170991424,5.886190552463859,1.77260902313433,0.9508816120906801,13.1749558275235
4616,2019,93,1559,50,541000,45.483870967741936,2846,1515,1597,485.3733453810986,Tysnes,0.05965362411802438,0.2442409140951294,4.605270170991424,5.863527585688534,1.7687513995533546,0.9486537257357546,13.201174557828619
4616,2020,129,1602,50,537000,45.62,2869,1528,1614,485.3733453810986,Tysnes,0.08052434456928839,0.2837681176053582,4.605270170991424,5.910913788946031,1.776800436884922,0.9467162329615861,13.193753373491
4616,2021,179,1658,50,568000,45.1,2924,1539,1625,485.3733453810986,Tysnes,0.10796139927623644,0.32857480012355855,4.605270170991424,6.024228622822654,1.795789441773226,0.947076923076923,13.249876697703288
4616,2022,237,1624,50,585000,46.4125,2883,1542,1635,485.3733453810986,Tysnes,0.145935960591133,0.382015654903216,4.605270170991424,5.939757564841899,1.7816683185419593,0.9431192660550459,13.279367126213993
4616,2023,270,1638,72,622000,46.172413793103445,2910,1569,1619,485.3733453810986,Tysnes,0.16483516483516483,0.40599897147057507,4.969861521396496,5.995384846926786,1.7909899810690952,0.9691167387276096,13.340695371721317
1146,2016,243,5731,0,598000,36.05828220858896,10925,3899,4040,639.6186591261015,Tysvær,0.04240097714186006,0.2059149755162554,0,17.080489826432853,2.8379368663117868,0.9650990099009901,13.301346032932768
1146,2017,349,5938,0,606000,36.34313725490196,11041,3941,4082,639.6186591261015,Tysvær,0.058773997979117545,0.24243349186759974,0,17.261847887747837,2.848498741787133,0.9654581087702107,13.314635265051452
1146,2018,455,5980,50,618000,36.93884892086331,11023,3966,4126,639.6186591261015,Tysvær,0.07608695652173914,0.27583864218368526,4.605270170991424,17.233706119612755,2.846867124311311,0.9612215220552593,13.334243736439827
1146,2019,583,6121,50,640000,37.397260273972606,11028,3983,4159,639.6186591261015,Tysvær,0.0952458748570495,0.30861930409008687,4.605270170991424,17.241523277428055,2.847320618491683,0.9576821351286366,13.369223455335854
1146,2020,713,6177,50,639000,37.79530201342282,11065,4006,4190,639.6186591261015,Tysvær,0.11542820139226162,0.3397472610518908,4.605270170991424,17.299370245261283,2.8506700988331457,0.9560859188544153,13.367659733359671
1146,2021,961,6336,50,661000,38.22516556291391,11178,4035,4220,639.6186591261015,Tysvær,0.1516729797979798,0.3894521534129447,4.605270170991424,17.476038011887088,2.860830686177639,0.9561611374407583,13.401509118833824
1146,2022,1175,6442,50,688000,38.57565789473684,11283,4061,4245,639.6186591261015,Tysvær,0.18239677118907172,0.42707934999139413,4.605270170991424,17.64019832600841,2.8701802934864418,0.9566548881036514,13.44154411691548
1146,2023,1417,6520,50,737000,38.71678321678322,11405,4099,4286,639.6186591261015,Tysvær,0.21733128834355828,0.4661880396830857,4.605270170991424,17.830936976701757,2.8809349810664844,0.9563695753616426,13.510343171171474
3905,2016,1048,26784,36.6,495500,40.28314121037464,51637,12149,15785,383.3797545898251,Tønsberg,0.03912783751493429,0.19780757699070653,4.29338199718882,134.68890670882195,4.90296772448536,0.769654735508394,13.11332263275218
3905,2017,1331,28166,36.6,511500,40.43905817174515,54408,12887,16825,383.3797545898251,Tønsberg,0.04725555634452887,0.21738343162377594,4.29338199718882,141.91672707968286,4.955240456568194,0.7659435364041605,13.145102864373818
3905,2018,1801,29421,171,529000,40.62413793103448,54981,12984,17184,383.3797545898251,Tønsberg,0.06121477855953231,0.24741620512717494,5.834819286592168,143.4113286937223,4.965716925698706,0.755586592178771,13.178743710840436
3905,2019,2489,30370,171,543500,40.846354166666664,55706,13061,17678,383.3797545898251,Tønsberg,0.08195587751070135,0.28627936969104384,5.834819286592168,145.30240403434814,4.978817115754906,0.7388279217106007,13.205784985543401
3905,2020,3550,31083,178.4,530000,41.19270166453265,56293,13028,17849,383.3797545898251,Tønsberg,0.11421034005726603,0.33795020351712474,5.8771832556878065,146.83352296531,4.9892994481849975,0.72990083478066,13.180632285528304
3905,2021,5058,32047,335.4,551000,41.44878706199461,57026,13060,18092,383.3797545898251,Tønsberg,0.1578306861796736,0.3972791036282598,6.5084732522989865,148.74546534417723,5.002236558879898,0.72186601812956,13.219490088135052
3905,2022,6695,32724,335.4,575000,41.68811881188119,57794,13128,18467,383.3797545898251,Tønsberg,0.20458990343478792,0.45231615429341887,6.5084732522989865,150.74870101535052,5.015614218756575,0.7108896951318568,13.262125319779487
3905,2023,7598,32413,335.4,618000,41.88566131025958,58561,13195,18709,383.3797545898251,Tønsberg,0.23441211859439115,0.4841612526776499,6.5084732522989865,152.74932830674365,5.028798200704842,0.7052755358383666,13.334243736439827
3209,2016,629,17997,0,543000,37.36749482401656,34189,6788,10374,252.52198077799025,Ullensaker,0.03495026948935934,0.18694991171262781,0,135.39019413148807,4.908160936374727,0.6543281280123385,13.204864598916073
3209,2017,993,18864,0,560000,37.49521988527725,35102,6814,10709,252.52198077799025,Ullensaker,0.05263994910941476,0.22943397549058586,0,139.00572097468466,4.934515090374977,0.6362872350359511,13.235692062711331
3209,2018,1438,19366,29.2,573000,37.491395793499045,36576,6841,11152,252.52198077799025,Ullensaker,0.07425384694825983,0.2724955906950786,4.067608967943312,144.84283660105027,4.975649269081879,0.6134325681492109,13.258640995696876
3209,2019,1940,19973,29.2,589000,37.40190476190476,38234,6884,11915,252.52198077799025,Ullensaker,0.097131127021479,0.3116586706983764,4.067608967943312,151.40860166788485,5.019982153576306,0.5777591271506505,13.286181462633724
3209,2020,2525,20309,329.2,594000,37.293322734499206,39625,6928,12216,252.52198077799025,Ullensaker,0.12432911517061401,0.35260333970428304,6.4898149562101874,156.91703303577802,5.055717213666924,0.5671250818598559,13.294634598344782
3209,2021,3517,21065,479.2,607000,37.48261589403973,40459,6968,12391,252.52198077799025,Ullensaker,0.16695941134583434,0.40860667070648066,6.865266316054812,160.2197158257298,5.076546097134979,0.5623436365103704,13.316284070041636
3209,2022,4761,21865,479.2,644000,37.51035031847134,41565,7004,12884,252.52198077799025,Ullensaker,0.21774525497370226,0.46663181950409494,6.865266316054812,164.59953257115745,5.103515448452531,0.5436199937907482,13.37545400508649
3209,2023,5335,21668,823.2,687000,37.62839879154078,42866,7041,13307,252.52198077799025,Ullensaker,0.2462156175004615,0.4962011865165797,7.406346733997105,169.75155932142994,5.134335952384419,0.5291200120237469,13.440089571204487
4618,2016,91,5865,72,501000,45.035714285714285,11435,3770,4567,3450.348003694797,Ullensvang,0.015515771526001705,0.12456231984834622,4.969861521396496,3.3141584523517214,1.1982037308824036,0.8254871907160062,13.124361380067002
4618,2017,110,5882,72,522666.6666666667,44.71333333333333,11510,3773,4593,3450.348003694797,Ullensvang,0.01870112206732404,0.13675204593469173,4.969861521396496,3.335895390167758,1.2047411261414502,0.8214674504681037,13.16669919122438
4618,2018,144,5845,72,536333.3333333334,45.432432432432435,11294,3784,4605,3450.348003694797,Ullensvang,0.02463644140290847,0.15695999937216001,4.969861521396496,3.2732930092575723,1.185796514658304,0.8217155266015201,13.192511137306411
4618,2019,200,5864,922,542000,45.92763157894737,11152,3806,4613,3450.348003694797,Ullensvang,0.034106412005457026,0.18467921378827945,7.519692698204993,3.2321377403258764,1.1731437574258272,0.8250596141339692,13.203021280421783
4618,2020,263,5750,922,541000,46.25333333333333,11048,3762,4569,3450.348003694797,Ullensvang,0.04573913043478261,0.21386708590800643,7.519692698204993,3.2019958532209722,1.1637743195146502,0.8233749179251477,13.201174557828619
4618,2021,377,5924,922,560000,46.47692307692308,11002,3769,4582,3450.348003694797,Ullensvang,0.06363943281566509,0.25226857278635617,7.519692698204993,3.188663864693803,1.1596019778609252,0.8225665648188564,13.235692062711331
4618,2022,557,5975,922,589000,46.88257575757576,10881,3772,4585,3450.348003694797,Ullensvang,0.09322175732217573,0.3053223826092279,7.519692698204993,3.1535949383505972,1.148543052376534,0.8226826608505998,13.286181462633724
4618,2023,720,6009,972,645000,46.215384615384615,11148,3786,4609,3450.348003694797,Ullensvang,0.11982026959560658,0.3461506458113383,7.572503249631026,3.2309784369756875,1.1727850130273607,0.8214363202430028,13.37700559577791
1516,2016,73,4293,0,527000,38.059322033898304,8430,2409,2662,257.82402149035113,Ulstein,0.017004425809457255,0.13040101920405858,0,32.69672062079555,3.4872747860483235,0.9049586776859504,13.1749558275235
1516,2017,106,4431,0,542000,38.54090909090909,8457,2429,2682,257.82402149035113,Ulstein,0.023922365154592642,0.15466856550247254,0,32.8014432135312,3.4904725148346447,0.9056674123788218,13.203021280421783
1516,2018,151,4500,50,561000,38.890243902439025,8555,2440,2693,257.82402149035113,Ulstein,0.033555555555555554,0.1831817555204545,4.605270170991424,33.18154743901613,3.5019939213787166,0.9060527292981805,13.237476184504834
1516,2019,234,4592,50,591000,39.523622047244096,8609,2460,2740,257.82402149035113,Ulstein,0.0509581881533101,0.2257392038466294,4.605270170991424,33.39099262448742,3.5082861817103774,0.8978102189781022,13.289571296388235
1516,2020,362,4585,112.5,595000,40.19767441860465,8571,2477,2757,257.82402149035113,Ulstein,0.07895310796074155,0.2809859568746124,5.416120154705589,33.243605271748365,3.5038624259513056,0.8984403336960465,13.296316684527767
1516,2021,566,4708,112.5,611000,40.80769230769231,8575,2499,2842,257.82402149035113,Ulstein,0.12022090059473237,0.3467288574588685,5.416120154705589,33.25911972993142,3.504329007086563,0.8793103448275862,13.322852238153732
1516,2022,860,4797,112.5,628000,41.25847457627118,8557,2509,2852,257.82402149035113,Ulstein,0.17927871586408173,0.42341317393780004,5.416120154705589,33.18930466810766,3.5022276754704773,0.8797335203366059,13.350295445450335
1516,2023,1137,4847,112.5,678000,40.92272727272727,8797,2517,2860,257.82402149035113,Ulstein,0.2345780895399216,0.4843326228326165,5.416120154705589,34.12017215909116,3.529888768305097,0.8800699300699301,13.426902566922532
4620,2016,27,525,50,477000,45.875,1116,529,580,749.7838926872506,Ulvik,0.05142857142857143,0.22677868380553634,4.605270170991424,1.488428880487441,0.39772112101576057,0.9120689655172414,13.075271769870477
4620,2017,31,525,50,502000,45.36666666666667,1131,529,580,749.7838926872506,Ulvik,0.05904761904761905,0.24299715851758236,4.605270170991424,1.5084346450101216,0.4110724541906247,0.9120689655172414,13.126355398673866
4620,2018,34,518,50,528000,45.921052631578945,1117,529,580,749.7838926872506,Ulvik,0.06563706563706563,0.2561973177788277,4.605270170991424,1.4897625981222864,0.398616777143705,0.9120689655172414,13.176851562688398
4620,2019,40,532,50,543000,46.925,1093,530,578,749.7838926872506,Ulvik,0.07518796992481203,0.27420424855354086,4.605270170991424,1.4577533748859972,0.3768964662510428,0.916955017301038,13.204864598916073
4620,2020,48,525,50,544000,47.88235294117647,1080,529,577,749.7838926872506,Ulvik,0.09142857142857143,0.30237157840738177,4.605270170991424,1.4404150456330074,0.36493129819276965,0.9168110918544194,13.206704525838079
4620,2021,65,544,50,568000,48.083333333333336,1061,529,577,749.7838926872506,Ulvik,0.11948529411764706,0.34566644922185763,4.605270170991424,1.4150744105709452,0.3471821166884874,0.9168110918544194,13.249876697703288
4620,2022,68,547,61,598000,48.65,1051,531,579,749.7838926872506,Ulvik,0.12431444241316271,0.35258253276809204,4.8040882242035385,1.4017372342224914,0.3377123489514554,0.917098445595855,13.301346032932768
4620,2023,77,544,61,653000,48.083333333333336,1056,530,578,749.7838926872506,Ulvik,0.14154411764705882,0.3762234942784127,4.8040882242035385,1.4084058223967184,0.3424584423407111,0.916955017301038,13.389332408258568
5442,2016,1,573,0,427000,45.40909090909091,959,484,484,1646.90747968639,Unjárga-Nesseby,0.0017452006980802793,0.04177559931443568,0,0.5823035063163452,-0.5407634786625238,1,12.96453929221076
5442,2017,2,593,0,452000,45.82142857142857,951,485,485,1646.90747968639,Unjárga-Nesseby,0.003372681281618887,0.05807479041390409,0,0.577445917108284,-0.5491404910005717,1,13.021437458814368
5442,2018,3,601,0,447000,46.285714285714285,944,486,486,1646.90747968639,Unjárga-Nesseby,0.004991680532445923,0.07065182610835988,0,0.5731955265512304,-0.5565283874004613,1,13.010313873595706
5442,2019,9,572,0,445000,46.892857142857146,941,485,485,1646.90747968639,Unjárga-Nesseby,0.015734265734265736,0.12543630150106364,0,0.5713739305982074,-0.5597114139605823,1,13.005829561148378
5442,2020,12,569,0,464000,47.6,926,483,483,1646.90747968639,Unjárga-Nesseby,0.0210896309314587,0.14522269427144885,0,0.5622659508330925,-0.5757803188997827,1,13.047639831208393
5442,2021,28,574,0,468000,49.06666666666667,880,476,476,1646.90747968639,Unjárga-Nesseby,0.04878048780487805,0.2208630521496931,0,0.5343348128867401,-0.6267326460737099,1,13.056223574899784
5442,2022,48,561,0,514000,50.285714285714285,854,473,473,1646.90747968639,Unjárga-Nesseby,0.0855614973262032,0.29250896965085227,0,0.518547647960541,-0.6567233597573923,1,13.149978544437301
5442,2023,63,573,0,557000,50.30769230769231,864,473,473,1646.90747968639,Unjárga-Nesseby,0.1099476439790576,0.3315835399700317,0,0.5246196344706177,-0.6450817847419064,1,13.230320518909421
1151,2016,2,62,0,552000,43,200,92,92,866.1182689906034,Utsira,0.03225806451612903,0.1796053020267749,0,0.23091534627607518,-1.4657041019628783,1,13.221303325259232
1151,2017,2,62,0,576000,40.5,201,98,98,866.1182689906034,Utsira,0.03225806451612903,0.1796053020267749,0,0.23206992300745555,-1.4607165604518393,1,13.263862939678027
1151,2018,2,61,0,608000,40.5,208,99,99,866.1182689906034,Utsira,0.03278688524590164,0.18107149208503706,0,0.24015196012711817,-1.4264833888095971,1,13.317930160948304
1151,2019,2,66,0,577000,43.5,196,98,98,866.1182689906034,Utsira,0.030303030303030304,0.17407765595569785,0,0.22629703935055367,-1.4859068092803978,1,13.265597545490236
1151,2020,3,72,0,607000,44,198,97,97,866.1182689906034,Utsira,0.041666666666666664,0.2041241452319315,0,0.22860619281331443,-1.4757544378163798,1,13.316284070041636
1151,2021,7,81,0,643000,46,192,98,98,866.1182689906034,Utsira,0.08641975308641975,0.2939723678960656,0,0.22167873242503217,-1.5065260964831335,1,13.373900003219756
1151,2022,10,79,0,592000,48,188,98,98,866.1182689906034,Utsira,0.12658227848101267,0.35578403348241006,0,0.21706042549951066,-1.5275795056809658,1,13.291261913866142
1151,2023,16,82,0,712000,45.5,208,99,99,866.1182689906034,Utsira,0.1951219512195122,0.4417261042993862,0,0.24015196012711817,-1.4264833888095971,1,13.475833190394113
5405,2016,7,2995,0,484000,41.04347826086956,6160,1988,2178,1976.4274081082003,Vadsø,0.002337228714524207,0.04834489336552732,0,3.116734758245555,1.1367859019592501,0.9127640036730946,13.089840185698769
5405,2017,12,3070,0,507000,41.44,6154,1998,2194,1976.4274081082003,Vadsø,0.003908794788273616,0.06252035499158347,0,3.113698977636874,1.1358114013136718,0.910665451230629,13.13626628257332
5405,2018,11,3042,0,515000,42.26428571428571,6033,1991,2188,1976.4274081082003,Vadsø,0.003616042077580539,0.06013353538235166,0,3.052477402028479,1.1159535238724463,0.909963436928702,13.151922179645874
5405,2019,19,3062,0,534000,42.91935483870968,5894,1997,2194,1976.4274081082003,Vadsø,0.0062050947093403004,0.0787724235334949,0,2.9821484845940422,1.0926440087293245,0.9102096627164995,13.188151117942333
5405,2020,27,3110,0,545000,43.87096774193548,5788,2004,2196,1976.4274081082003,Vadsø,0.008681672025723473,0.09317549047750419,0,2.928516360507349,1.074495933183059,0.912568306010929,13.208541073645382
5405,2021,62,3172,0,563000,45.041666666666664,5642,2008,2200,1976.4274081082003,Vadsø,0.019546027742749054,0.1398071090565464,0,2.8546456990294513,1.0489477369936262,0.9127272727272727,13.241034907121827
5405,2022,123,3160,0,583000,45.482142857142854,5568,2013,2209,1976.4274081082003,Vadsø,0.03892405063291139,0.19729179058671295,0,2.817204404855722,1.03574504744594,0.911272068809416,13.27594246533263
5405,2023,175,3177,7.4,622000,45.38636363636363,5593,2017,2210,1976.4274081082003,Vadsø,0.05508341202392194,0.23469855564941583,2.6991616063975625,2.8298534907252253,1.0402249402532726,0.9126696832579185,13.340695371721317
4628,2016,39,1999,0,486000,42.6063829787234,4125,1401,1591,760.7560619973,Vaksdal,0.01950975487743872,0.13967732413473105,0,5.422237437280704,1.6905085415748127,0.8805782526712759,13.093963902882631
4628,2017,64,2026,43,499000,42.109756097560975,4123,1403,1593,760.7560619973,Vaksdal,0.0315893385982231,0.1777338982811751,4.454482477060509,5.419608473674749,1.6900235755129314,0.8807281858129316,13.120361374733656
4628,2018,95,2014,46.6,516000,41.958333333333336,4127,1412,1602,760.7560619973,Vaksdal,0.04716981132075472,0.2171861213815347,4.534862826426995,5.424866400886658,1.690993272558613,0.8813982521847691,13.1538620444637
4628,2019,122,2022,46.6,531000,42.73728813559322,4045,1411,1595,760.7560619973,Vaksdal,0.06033630069238378,0.2456344859590847,4.534862826426995,5.317078893042533,1.6709240722986234,0.8846394984326019,13.182517300224076
4628,2020,153,2022,46.6,543000,43.11607142857143,3977,1411,1595,760.7560619973,Vaksdal,0.07566765578635015,0.2750775450420302,4.534862826426995,5.227694130440087,1.653970288013722,0.8846394984326019,13.204864598916073
4628,2021,212,2035,46.6,556000,43.294117647058826,3918,1411,1596,760.7560619973,Vaksdal,0.10417690417690417,0.32276447167695543,4.534862826426995,5.150139704064435,1.6390238413105174,0.8840852130325815,13.228523573232719
4628,2022,269,2033,46.6,592000,43.825581395348834,3867,1410,1595,760.7560619973,Vaksdal,0.132316773241515,0.36375372608609113,4.534862826426995,5.083101132112602,1.6259215344133284,0.8840125391849529,13.291261913866142
4628,2023,315,2012,46.6,631000,44.27173913043478,3875,1417,1604,760.7560619973,Vaksdal,0.15656063618290258,0.39567743956776535,4.534862826426995,5.093616986536419,1.6279881845934787,0.8834164588528678,13.35506114152335
4221,2016,3,720,22,489000,44.25,1242,607,607,1270.0541945558027,Valle,0.004166666666666667,0.06454972243679027,3.7847057630994327,0.9779110256270485,-0.022336588927336334,1,13.10011776845701
4221,2017,4,719,22,494000,44,1246,613,613,1270.0541945558027,Valle,0.005563282336578581,0.07458741406282016,3.7847057630994327,0.981060497529229,-0.019121152073361954,1,13.110290796170059
4221,2018,8,721,22,515000,44.30555555555556,1225,613,613,1270.0541945558027,Valle,0.011095700416088766,0.10533613062994467,3.7847057630994327,0.9645257700427813,-0.036118728441933055,1,13.151922179645874
4221,2019,11,742,22,553000,46.42857142857143,1156,610,610,1270.0541945558027,Valle,0.014824797843665768,0.12175712645946342,3.7847057630994327,0.9101973797301675,-0.09409380218843766,1,13.223113280504473
4221,2020,14,746,22,551000,46.52941176470589,1164,611,611,1270.0541945558027,Valle,0.01876675603217158,0.1369918100915948,3.7847057630994327,0.9164963235345285,-0.0871972231293773,1,13.219490088135052
4221,2021,20,742,22,571000,47.02941176470589,1169,614,614,1270.0541945558027,Valle,0.026954177897574125,0.16417727582577962,3.7847057630994327,0.9204331634122541,-0.08291088994869203,1,13.255144488638146
4221,2022,39,744,22,596000,46.80555555555556,1169,616,616,1270.0541945558027,Valle,0.05241935483870968,0.22895273494481275,3.7847057630994327,0.9204331634122541,-0.08291088994869203,1,13.297995946047488
4221,2023,55,752,29.4,652000,47.166666666666664,1180,628,628,1270.0541945558027,Valle,0.07313829787234043,0.27044093231672683,4.074430960841815,0.9290942111432505,-0.07354513396104999,1,13.38779984090879
3454,2016,9,972,11,453000,44.42857142857143,1590,717,717,1508.1693736333898,Vang,0.009259259259259259,0.09622504486493763,3.093102195050827,1.0542582469828763,0.05283743622041078,1,13.023647404465171
3454,2017,6,1012,11,477000,43.45454545454545,1596,730,730,1508.1693736333898,Vang,0.005928853754940711,0.07699905035090181,3.093102195050827,1.0582365799903588,0.05660391901588761,1,13.075271769870477
3454,2018,13,1021,11,486000,44.29545454545455,1601,728,728,1508.1693736333898,Vang,0.012732615083251714,0.11283888994159644,3.093102195050827,1.0615518574965943,0.059731854002848264,1,13.093963902882631
3454,2019,17,1037,11,496000,44.27777777777778,1610,731,731,1508.1693736333898,Vang,0.01639344262295082,0.12803687993289598,3.093102195050827,1.067519357007818,0.06533759898464221,1,13.114331205707064
3454,2020,22,1019,11,504000,45.1,1578,735,735,1508.1693736333898,Vang,0.021589793915603533,0.1469346586602478,3.093102195050827,1.046301580967911,0.04526164241195298,1,13.130331547053506
3454,2021,37,1032,22,533000,45.73529411764706,1573,737,737,1508.1693736333898,Vang,0.035852713178294575,0.18934812694688738,3.7847057630994327,1.0429863034616758,0.042088044064411426,1,13.186276703147982
3454,2022,62,1035,66,560000,45.638888888888886,1587,735,735,1508.1693736333898,Vang,0.05990338164251208,0.24475167342127016,4.882859309749067,1.052269080479135,0.05094886153254267,1,13.235692062711331
3454,2023,78,1067,366,606000,44.92307692307692,1636,739,744,1508.1693736333898,Vang,0.07310215557638237,0.270374103006154,6.595782380240538,1.0847588000402424,0.08135765816882581,0.9932795698924731,13.314635265051452
1511,2016,11,1997,0,509000,48.52173913043478,3256,1705,1709,486.8473955090536,Vanylven,0.005508262393590386,0.07421766901210511,0,6.6879273259652265,1.9003040093904109,0.9976594499707431,13.14020329553266
1511,2017,12,2028,0,528000,49.05813953488372,3203,1708,1712,486.8473955090536,Vanylven,0.005917159763313609,0.07692307692307693,0,6.57906364406223,1.8838924318771382,0.9976635514018691,13.176851562688398
1511,2018,22,2035,0,537000,49.52040816326531,3187,1716,1720,486.8473955090536,Vanylven,0.010810810810810811,0.10397504898200727,0,6.546199136317929,1.8788845966853165,0.9976744186046511,13.193753373491
1511,2019,30,2054,0,560000,49.98913043478261,3163,1720,1724,486.8473955090536,Vanylven,0.014605647517039922,0.12085382706823944,0,6.496902374701477,1.8713255055736289,0.9976798143851509,13.235692062711331
1511,2020,49,2064,0,558000,50.47872340425532,3117,1725,1729,486.8473955090536,Vanylven,0.02374031007751938,0.15407890860698417,0,6.402416914936612,1.856675562035317,0.9976865240023135,13.232114241363448
1511,2021,87,2069,0,586000,51.11224489795919,3083,1710,1714,486.8473955090536,Vanylven,0.04204929917834703,0.20505925772407113,0,6.332579835979973,1.8457077101541304,0.9976662777129521,13.281075068559149
1511,2022,160,2056,0,606000,51.88297872340426,3045,1709,1713,486.8473955090536,Vanylven,0.07782101167315175,0.27896417632583537,0,6.254526630087259,1.8333054624119773,0.9976649153531816,13.314635265051452
1511,2023,211,2038,0,650000,52.35106382978723,3013,1710,1714,486.8473955090536,Vanylven,0.10353287536800786,0.3217652488507854,0,6.188797614598657,1.8227408213982812,0.9976662777129521,13.38472764187182
5404,2016,0,899,0,402000,46.196969696969695,2137,796,839,2507.355793862304,Vardø,0,0,0,0.8522922854551042,-0.1598257529378813,0.9487485101311085,12.904207367601158
5404,2017,0,927,0,407000,46.2,2104,794,837,2507.355793862304,Vardø,0,0,0,0.839131010106476,-0.17538843439942844,0.948626045400239,12.916568464424731
5404,2018,1,954,0,417000,45.689655172413794,2110,791,834,2507.355793862304,Vardø,0.0010482180293501049,0.03237619541190881,0,0.841523969260772,-0.17254078178691673,0.9484412470023981,12.94084150078094
5404,2019,4,966,0,434000,46.36206896551724,2081,790,833,2507.355793862304,Vardø,0.004140786749482402,0.0643489452087787,0,0.8299580000150079,-0.18638018186339445,0.9483793517406963,12.980799813082541
5404,2020,6,912,25.6,436000,47.435483870967744,2029,790,833,2507.355793862304,Vardø,0.006578947368421052,0.08111071056538127,3.9361207836781484,0.8092190206777755,-0.2116856684312142,0.9483793517406963,12.985397522331171
5404,2021,13,927,25.6,459000,48.53448275862069,1959,787,830,2507.355793862304,Vardø,0.014023732470334413,0.1184218411879093,3.9361207836781484,0.7813011638776551,-0.24679459031248815,0.9481927710843373,13.036805489042683
5404,2022,21,928,25.6,483000,49.410714285714285,1897,788,831,2507.355793862304,Vardø,0.022629310344827586,0.15043041695357887,3.9361207836781484,0.7565739192832628,-0.2789550383220147,0.9482551143200962,13.087771932634709
5404,2023,29,925,25.6,492000,49.395833333333336,1933,789,832,2507.355793862304,Vardø,0.03135135135135135,0.17706312815307243,3.9361207836781484,0.770931674209039,-0.26015552904869804,0.9483173076923077,13.106233995474446
1824,2016,167,7519,33,473000,43.42892156862745,13427,4153,4830,2029.0144859620127,Vefsn,0.022210400319191383,0.14903154135682614,4.1898842314256335,6.617498343602945,1.8897174048135261,0.8598343685300207,13.06685066747407
1824,2017,264,7709,33,488000,43.57666666666667,13465,4097,4798,2029.0144859620127,Vefsn,0.03424568685951485,0.18505590198508895,4.1898842314256335,6.636226647547006,1.8925435259865173,0.8538974572738641,13.098070684835283
1824,2018,399,7659,33,501000,43.74390243902439,13448,4116,4817,2029.0144859620127,Vefsn,0.05209557383470427,0.2282445483132166,4.1898842314256335,6.6278481957825575,1.8912801958292695,0.8544737388416026,13.124361380067002
1824,2019,489,7693,33,516000,44.0210843373494,13403,4131,4884,2029.0144859620127,Vefsn,0.06356427921487066,0.2521195732482321,4.1898842314256335,6.605669941111959,1.8879283622193148,0.8458230958230958,13.1538620444637
1824,2020,574,7723,44,519000,44.43448275862069,13278,4133,4901,2029.0144859620127,Vefsn,0.07432344943674737,0.2726232738354291,4.477465921704087,6.544063678138073,1.878558330019923,0.8432972862681085,13.159659162148026
1824,2021,818,7838,66,535000,44.48484848484848,13268,4133,4915,2029.0144859620127,Vefsn,0.10436335799948966,0.3230531813796138,4.882859309749067,6.539135177100162,1.8778049208077612,0.8408952187182096,13.190022025878143
1824,2022,1209,7936,66,559000,44.59032258064517,13233,4123,4919,2029.0144859620127,Vefsn,0.15234375,0.3903123748998999,4.882859309749067,6.521885423467474,1.8751635095138675,0.8381784915633259,13.233904752137237
1824,2023,1475,7899,66,610000,44.47260273972603,13342,4129,4925,2029.0144859620127,Vefsn,0.1867324977845297,0.43212555789322354,4.882859309749067,6.575606084780702,1.8833667540102788,0.8383756345177665,13.321214236149494
1815,2016,6,575,0,451000,47.40909090909091,1244,603,605,2920.9153498410315,Vega,0.010434782608695653,0.10215078369104984,0,0.4258938897588058,-0.8535650488128316,0.996694214876033,13.019222618484815
1815,2017,6,587,0,472000,48.04545454545455,1234,610,612,2920.9153498410315,Vega,0.010221465076660987,0.10110126149886058,0,0.42247030543598585,-0.8616361176466232,0.9967320261437909,13.064734264567692
1815,2018,12,613,0,477000,48.5,1221,621,623,2920.9153498410315,Vega,0.01957585644371941,0.13991374644301185,0,0.41801964581631984,-0.8722268480012517,0.9967897271268058,13.075271769870477
1815,2019,17,633,0,498000,48.55,1232,628,630,2920.9153498410315,Vega,0.026856240126382307,0.16387873604095898,0,0.42178558857142184,-0.8632581780184913,0.9968253968253968,13.11835535600679
1815,2020,21,651,0,496000,49.5,1200,634,636,2920.9153498410315,Vega,0.03225806451612903,0.1796053020267749,0,0.4108301187383979,-0.8895754863358646,0.9968553459119497,13.114331205707064
1815,2021,27,646,7.4,563000,49.9375,1182,645,647,2920.9153498410315,Vega,0.04179566563467492,0.2044398826909146,2.6991616063975625,0.4046676669573219,-0.9046891241459128,0.9969088098918083,13.241034907121827
1815,2022,38,648,7.4,536000,50.59375,1175,645,647,2920.9153498410315,Vega,0.05864197530864197,0.2421610524189263,2.6991616063975625,0.40227115793134793,-0.910628895533697,0.9969088098918083,13.19188944005294
1815,2023,49,652,29.4,583000,50.75925925925926,1219,653,655,2920.9153498410315,Vega,0.07515337423312883,0.27414115749578505,4.074430960841815,0.4173349289517559,-0.8738661926306848,0.9969465648854962,13.27594246533263
4212,2016,10,1145,0,467000,39.8235294117647,2036,816,822,356.4811696766981,Vegårshei,0.008733624454148471,0.09345386270319955,0,5.711381618968824,1.7424609591922986,0.9927007299270073,13.054084536651034
4212,2017,15,1151,0,466000,40.05714285714286,2104,830,836,356.4811696766981,Vegårshei,0.013032145960034752,0.11415842483161176,0,5.902135032568962,1.7753141553794858,0.992822966507177,13.051940913107783
4212,2018,22,1184,0,493000,40.88709677419355,2087,832,838,356.4811696766981,Vegårshei,0.018581081081081082,0.13631243920156766,0,5.854446679168928,1.767201488599086,0.9928400954653938,13.108264453024827
4212,2019,37,1253,0,532000,41.484375,2093,843,849,356.4811696766981,Vegårshei,0.029529130087789304,0.17184042041321157,0,5.871277862721881,1.770072303967885,0.9929328621908127,13.184398768323781
4212,2020,55,1232,0,529000,41.660714285714285,2097,846,852,356.4811696766981,Vegårshei,0.044642857142857144,0.21128856368212914,0,5.882498651757183,1.7719816124238053,0.9929577464788732,13.178743710840436
4212,2021,72,1268,0,552000,41.76923076923077,2128,849,855,356.4811696766981,Vegårshei,0.056782334384858045,0.2382904412368613,0,5.969459766780775,1.7866564319834204,0.9929824561403509,13.221303325259232
4212,2022,98,1262,0,579000,42.17307692307692,2131,856,862,356.4811696766981,Vegårshei,0.07765451664025357,0.27866560003031154,0,5.9778753585572515,1.7880652136205024,0.9930394431554525,13.269057756555132
4212,2023,120,1283,69.9,619000,42.61363636363637,2143,861,867,356.4811696766981,Vegårshei,0.09353078721745908,0.30582803536866776,4.940263992366865,6.011537725663159,1.7936805769954622,0.9930795847750865,13.335860551666734
4223,2016,213,7186,0,496000,36.81151832460733,14308,4027,4590,385.83408522229905,Vennesla,0.029640968549958253,0.17216552660146064,0,37.08329706473812,3.6131666543482277,0.8773420479302833,13.114331205707064
4223,2017,333,7296,0,503000,37.02941176470589,14425,4057,4647,385.83408522229905,Vennesla,0.04564144736842105,0.21363859054117787,0,37.3865362146245,3.62131064534562,0.8730363675489563,13.128345449081877
4223,2018,436,7375,0,512000,37.10849056603774,14532,4081,4722,385.83408522229905,Vennesla,0.059118644067796614,0.24314325832273576,0,37.66385748845222,3.628700947310412,0.8642524354087251,13.146079904021645
4223,2019,546,7580,0,526000,37.447236180904525,14630,4101,4767,385.83408522229905,Vennesla,0.07203166226912928,0.26838714997020496,0,37.91785267382714,3.6354220479834893,0.8602894902454373,13.173056491719846
4223,2020,716,7743,0,525000,37.81132075471698,14774,4115,4824,385.83408522229905,Vennesla,0.09247061862327263,0.30408981999283147,0,38.291070089071916,3.6452167120580024,0.8530265339966833,13.17115354157376
4223,2021,998,8049,0,549000,38.164351851851855,14935,4141,4901,385.83408522229905,Vennesla,0.12399055783327122,0.35212293000211053,0,38.70834789361643,3.6560552846195296,0.8449296062028158,13.215853720491667
4223,2022,1211,8021,0,570000,38.217703349282296,15123,4152,4912,385.83408522229905,Vennesla,0.1509786809624735,0.38855975211346,0,39.19560396351933,3.66856459672006,0.8452768729641694,13.253391639810733
4223,2023,1446,8075,72,617000,38.545918367346935,15294,4169,4980,385.83408522229905,Vennesla,0.17907120743034055,0.4231680605035552,4.969861521396496,39.63879964412251,3.67980842757349,0.83714859437751,13.332624302887524
5038,2016,58,8612,0,478691.1155259724,40.82432432432432,14885,4282,5299,1564.3190303315437,Verdal,0.006734788666976312,0.08206575818803061,0,9.515322457494655,2.2529033895585,0.8080769956595584,13.078810815621932
5038,2017,100,8907,0,487307.5556054399,41.26648351648352,14849,4314,5346,1564.3190303315437,Verdal,0.011227124733355787,0.10595812726429148,0,9.492309248998195,2.250481918004685,0.8069584736251403,13.096650733750263
5038,2018,169,8941,0,508000,41.56944444444444,14943,4350,5450,1564.3190303315437,Verdal,0.018901688849122023,0.1374834129963394,0,9.55239929340562,2.2567923578500166,0.7981651376146789,13.138236726560619
5038,2019,251,8993,134.5,524000,41.84969325153374,14933,4364,5515,1564.3190303315437,Verdal,0.02791059713110197,0.16706464955549982,5.594725198914331,9.546006735489936,2.256122924165892,0.7912964641885766,13.169246963303179
5038,2020,378,8988,134.5,521000,42.266666666666666,14948,4385,5581,1564.3190303315437,Verdal,0.04205607476635514,0.20507577810739896,5.594725198914331,9.55559557236346,2.257126906713998,0.7857014871886758,13.163505320735505
5038,2021,608,9255,141.9,541000,42.70121951219512,14986,4415,5673,1564.3190303315437,Verdal,0.06569421934089681,0.2563088358619281,5.648282180309289,9.579887292443058,2.2596658270328795,0.7782478406486868,13.201174557828619
5038,2022,1035,9283,191.9,565000,42.96496815286624,14955,4445,5766,1564.3190303315437,Verdal,0.11149412905310783,0.3339073659761159,5.950128372258274,9.560070362904439,2.257595087172672,0.7708983697537287,13.244581010128577
5038,2023,1268,9216,241.9,607000,43.16981132075472,15002,4480,5850,1564.3190303315437,Verdal,0.13758680555555555,0.3709269544742678,6.181675870512794,9.59011538510815,2.260732920638205,0.7658119658119659,13.316284070041636
3216,2016,472,8651,150,587000,40.074380165289256,16732,3968,4831,151.86786919454303,Vestby,0.05456016645474512,0.23358117744104537,5.703793585582131,110.17472022713558,4.702067471375025,0.8213620368453737,13.282780098810234
3216,2017,663,8888,150,604000,40.15693430656934,17188,4041,4948,151.86786919454303,Vestby,0.07459495949594959,0.2731207782208259,5.703793585582131,113.17733034090404,4.728955883707822,0.8166936135812449,13.311329476916953
3216,2018,911,9052,150,615000,40.34701492537314,17486,4120,5043,151.86786919454303,Vestby,0.10064074237737516,0.3172392510036789,5.703793585582131,115.13956238893692,4.7461449785537715,0.8169740233987706,13.329377546788654
3216,2019,1214,9267,229.4,626000,40.558232931726906,17824,4204,5165,151.86786919454303,Vestby,0.1310024819251106,0.3619426500498533,6.128619135872962,117.36518128905477,4.765290281539946,0.8139399806389158,13.347105650082236
3216,2020,1571,9469,229.4,630000,40.81990521327014,18042,4252,5263,151.86786919454303,Vestby,0.16590981096208682,0.40732028056811365,6.128619135872962,118.80063963291776,4.7774467910295195,0.8079042371271138,13.353475098367715
3216,2021,2078,9851,229.4,661000,41.10138248847926,18290,4317,5365,151.86786919454303,Vestby,0.21094305146685616,0.45928537040369155,6.128619135872962,120.43363811584447,4.791098880197847,0.8046598322460391,13.401509118833824
3216,2022,2659,10054,429.4,684000,41.29182156133829,18699,4382,5430,151.86786919454303,Vestby,0.2644718519992043,0.5142682685128496,6.75553742186524,123.12676867841311,4.813214464289896,0.8069981583793738,13.435713196604688
3216,2023,3004,10088,451.4,728000,41.4226618705036,19089,4500,5685,151.86786919454303,Vestby,0.2977795400475813,0.5456917995055279,6.805502271862968,125.69479048624139,4.833856670713837,0.7915567282321899,13.498056327178823
1535,2016,74,3642,62.5,480000,43.14204545454545,6611,2584,2843,547.7475700359536,Vestnes,0.020318506315211423,0.1425429981276226,4.828377731159175,12.069428257921913,2.4906756651326467,0.90889905029898,13.081541382884074
1535,2017,111,3744,62.5,500000,43.59146341463415,6577,2587,2846,547.7475700359536,Vestnes,0.029647435897435896,0.17218430793029862,4.828377731159175,12.007355869362035,2.4855194511004193,0.9089950808151792,13.122363377404328
1535,2018,174,3789,62.5,515000,44.089285714285715,6559,2603,2862,547.7475700359536,Vestnes,0.04592240696753761,0.21429513985981485,4.828377731159175,11.974494016595042,2.482778889092804,0.9095038434661076,13.151922179645874
1535,2019,243,3869,62.5,541000,44.33734939759036,6536,2611,2870,547.7475700359536,Vestnes,0.06280692685448436,0.25061310192103753,4.828377731159175,11.932503871392774,2.4792660943389073,0.9097560975609756,13.201174557828619
1535,2020,294,3850,62.5,549000,44.79012345679013,6532,2621,2881,547.7475700359536,Vestnes,0.07636363636363637,0.27633971188310297,4.828377731159175,11.925201237444552,2.478653911889424,0.9097535577924332,13.215853720491667
1535,2021,407,4214,62.5,564000,45.48275862068966,6958,2813,3073,547.7475700359536,Vestnes,0.0965828191741813,0.31077776492886566,4.828377731159175,12.702931752930066,2.541832813510956,0.9153921249593231,13.242809530480196
1535,2022,551,4270,62.5,578000,45.734177215189874,6936,2818,3078,547.7475700359536,Vestnes,0.12903981264637002,0.359221119432544,4.828377731159175,12.662767266214852,2.538665976259446,0.9155295646523717,13.267329147654515
1535,2023,647,4331,62.5,625000,45.55487804878049,7051,2824,3084,547.7475700359536,Vestnes,0.1493881320711152,0.3865076093314531,4.828377731159175,12.8727179922262,2.555110187518109,0.9156939040207522,13.345506928718539
3452,2016,10,1419,0,443000,46.18181818181818,2168,960,969,457.96404280965066,Vestre Slidre,0.007047216349541931,0.08394770008488578,0,4.73399611615603,1.5547696906765909,0.9907120743034056,13.001325049027272
3452,2017,18,1461,0,464000,46.94117647058823,2114,973,982,457.96404280965066,Vestre Slidre,0.012320328542094456,0.11099697537363104,0,4.616082928760999,1.5295464945472368,0.9908350305498982,13.047639831208393
3452,2018,26,1489,0,485000,47.10294117647059,2139,974,987,457.96404280965066,Vestre Slidre,0.017461383478844864,0.13214152821442948,0,4.67067236736981,1.5413030371994596,0.9868287740628167,13.091904169919621
3452,2019,33,1515,0,504000,47.17307692307692,2135,975,988,457.96404280965066,Vestre Slidre,0.02178217821782178,0.14758786609278482,0,4.6619380571924,1.539431253779779,0.9868421052631579,13.130331547053506
3452,2020,46,1494,0,502000,47.19767441860465,2125,971,984,457.96404280965066,Vestre Slidre,0.030789825970548863,0.1754702993972167,0,4.640102281748876,1.5347364094755713,0.9867886178861789,13.126355398673866
3452,2021,75,1502,0,520000,47.63636363636363,2120,976,989,457.96404280965066,Vestre Slidre,0.049933422103861515,0.22345787545723583,0,4.629184394027114,1.532380695783112,0.9868554095045501,13.16158409055761
3452,2022,105,1492,0,556000,47.833333333333336,2111,982,995,457.96404280965066,Vestre Slidre,0.07037533512064344,0.26528349952577795,0,4.609532196127942,1.5281263759653745,0.9869346733668342,13.228523573232719
3452,2023,122,1497,22,592000,48.109375,2091,990,1003,457.96404280965066,Vestre Slidre,0.08149632598530394,0.2854756136437996,3.7847057630994327,4.565860645240894,1.5186070275456875,0.9870388833499502,13.291261913866142
3443,2016,37,7998,0,477000,43.64,13180,4708,4931,250.8573049319513,Vestre Toten,0.004626156539134784,0.06801585505699964,0,52.53982938059256,3.96157153683287,0.9547759075238288,13.075271769870477
3443,2017,67,8250,0,494000,44.0641592920354,13179,4712,4943,250.8573049319513,Vestre Toten,0.008121212121212121,0.09011776806608185,0,52.535843050594025,3.961495661420261,0.9532672466113696,13.110290796170059
3443,2018,110,8407,0,505000,43.96208530805687,13314,4723,4980,250.8573049319513,Vestre Toten,0.013084334483168788,0.1143867758229455,0,53.07399760039524,3.9716871209370206,0.9483935742971887,13.132313708257497
3443,2019,169,8559,0,514000,44.32093023255814,13384,4741,4998,250.8573049319513,Vestre Toten,0.019745297347821007,0.14051796094386299,0,53.35304070029217,3.9769309714430316,0.9485794317727091,13.149978544437301
3443,2020,274,8634,62.5,509000,44.5640243902439,13427,4753,5006,250.8573049319513,Vestre Toten,0.03173500115821172,0.17814320407529366,4.828377731159175,53.52445289022885,3.98013861284908,0.949460647223332,13.14020329553266
3443,2021,460,8843,84.5,529000,44.73076923076923,13459,4772,5041,250.8573049319513,Vestre Toten,0.05201854574239512,0.22807574562498995,5.129933725864039,53.65201545018173,3.982519035010087,0.9466375719103353,13.178743710840436
3443,2022,713,8820,84.5,554000,44.96969696969697,13572,4787,5064,250.8573049319513,Vestre Toten,0.08083900226757369,0.2843220045433939,5.129933725864039,54.102470740015335,3.9908798546804927,0.9453001579778831,13.224919965729422
3443,2023,860,8771,84.5,596000,45.05722891566265,13635,4806,5083,250.8573049319513,Vestre Toten,0.09805039334169421,0.3131299943181653,5.129933725864039,54.35360952992257,3.9955110240560607,0.9455046232539839,13.297995946047488
1860,2016,18,5948,0,478000,40.90833333333333,11198,4505,4606,2108.1144203427516,Vestvågøy,0.003026227303295225,0.0550111561712279,0,5.3118558897668144,1.6699412826206657,0.9780720798957881,13.077366011473593
1860,2017,59,6235,0,491000,40.73529411764706,11294,4528,4643,2108.1144203427516,Vestvågøy,0.00946271050521251,0.09727646429230716,0,5.357394214951456,1.678477702944609,0.9752315313374973,13.104199406776658
1860,2018,77,6336,0,503000,40.46818181818182,11397,4556,4680,2108.1144203427516,Vestvågøy,0.012152777777777778,0.11023963796102461,0,5.406253043014145,1.6875562545675624,0.9735042735042735,13.128345449081877
1860,2019,102,6467,0,521000,40.705882352941174,11480,4576,4699,2108.1144203427516,Vestvågøy,0.01577238286686253,0.12558814779612976,0,5.445624719996699,1.6948124825853845,0.9738242179187061,13.163505320735505
1860,2020,143,6489,0,529000,40.972,11433,4611,4734,2108.1144203427516,Vestvågøy,0.022037293881954075,0.14844963415904425,0,5.423329914958385,1.690710002253797,0.9740177439797212,13.178743710840436
1860,2021,242,6601,350,542000,40.92068965517242,11521,4621,4744,2108.1144203427516,Vestvågøy,0.036661111952734436,0.19147091672819253,6.5510823758534835,5.465073379710973,1.6983775487498807,0.9740725126475548,13.203021280421783
1860,2022,471,6687,412.5,567000,41.09219858156028,11566,4645,4776,2108.1144203427516,Vestvågøy,0.07043517272319426,0.26539625604592515,6.715384855569276,5.486419469641273,1.7022758514299905,0.972571189279732,13.248114582709889
1860,2023,614,6651,469.9,611000,41.50324675324675,11551,4686,4817,2108.1144203427516,Vestvågøy,0.09231694482032778,0.30383703661720995,6.845668218882351,5.479304106331173,1.7009781050005073,0.9728046501972182,13.322852238153732
1816,2016,2,254,0,449000,47.0625,507,263,266,660.8097567772958,Vevelstad,0.007874015748031496,0.08873565094161137,0,0.7672404875990166,-0.2649549836053954,0.9887218045112782,13.01477816672439
1816,2017,6,268,0,461000,45.2,528,264,267,660.8097567772958,Vevelstad,0.022388059701492536,0.14962640041614494,0,0.7990196793930587,-0.22436970349031707,0.9887640449438202,13.041153321978786
1816,2018,8,268,0,444000,46.333333333333336,506,265,268,660.8097567772958,Vevelstad,0.029850746268656716,0.17277368511627203,0,0.7657271927516813,-0.26692931790911295,0.9888059701492538,13.003579841414362
1816,2019,9,260,0,473000,46.375,497,266,269,660.8097567772958,Vevelstad,0.03461538461538462,0.1860521018838127,0,0.7521075391256633,-0.2848759610999497,0.9888475836431226,13.06685066747407
1816,2020,12,274,0,480000,50.6,462,266,269,660.8097567772958,Vevelstad,0.043795620437956206,0.20927403192454674,0,0.6991422194689264,-0.35790109611483967,0.9888475836431226,13.081541382884074
1816,2021,14,282,0,508000,50.166666666666664,465,263,266,660.8097567772958,Vevelstad,0.04964539007092199,0.2228124549277306,0,0.7036821040109325,-0.3514285816092222,0.9887218045112782,13.138236726560619
1816,2022,19,280,0,521000,51,462,267,270,660.8097567772958,Vevelstad,0.06785714285714285,0.26049403612586386,0,0.6991422194689264,-0.35790109611483967,0.9888888888888889,13.163505320735505
1816,2023,30,274,0,575000,51.2,454,266,269,660.8097567772958,Vevelstad,0.10948905109489052,0.3308912980041792,0,0.6870358606902437,-0.37536878915523053,0.9888475836431226,13.262125319779487
4639,2016,8,1419,0,497000,45.7125,2689,1331,1385,974.7341276021444,Vik,0.005637773079633545,0.07508510557782778,0,2.7587009871245263,1.0147599120964237,0.9610108303249097,13.116345305078767
4639,2017,8,1430,0,513000,45.885714285714286,2722,1338,1392,974.7341276021444,Vik,0.005594405594405594,0.07479575920067658,0,2.7925563729836225,1.0269574390389704,0.9612068965517241,13.148031124152906
4639,2018,14,1488,0,530000,46.44117647058823,2674,1339,1396,974.7341276021444,Vik,0.009408602150537635,0.09699794920789633,0,2.743312175370392,1.0091660134894476,0.9591690544412608,13.180632285528304
4639,2019,25,1492,0,557000,46.15384615384615,2672,1331,1387,974.7341276021444,Vik,0.01675603217158177,0.12944509326962444,0,2.741260333803174,1.0084177904840954,0.9596250901225667,13.230320518909421
4639,2020,40,1462,0,560000,46.527027027027025,2635,1325,1381,974.7341276021444,Vik,0.027359781121751026,0.16540792339471233,0,2.703301264809642,0.9944737168030218,0.9594496741491673,13.235692062711331
4639,2021,75,1495,22,582000,47.148648648648646,2611,1278,1334,974.7341276021444,Vik,0.05016722408026756,0.22398041003683236,3.7847057630994327,2.6786791660030267,0.9853238245266879,0.9580209895052474,13.274225726713574
4639,2022,104,1486,22,609000,47.96666666666667,2560,1277,1333,974.7341276021444,Vik,0.06998654104979811,0.26454969485863733,3.7847057630994327,2.626357206038969,0.9655977933011671,0.9579894973743436,13.319573546692034
4639,2023,144,1502,22,650000,47.95945945945946,2561,1282,1338,974.7341276021444,Vik,0.09587217043941411,0.30963231491466475,3.7847057630994327,2.627383126822578,0.9659883420270842,0.9581464872944694,13.38472764187182
1160,2016,79,4801,0,524000,38.51,8788,3704,3734,769.5028905148995,Vindafjord,0.016454905228077483,0.1282766745284484,0,11.420359960077164,2.4353977238779767,0.9919657204070702,13.169246963303179
1160,2017,118,4846,0,530000,38.86086956521739,8828,3747,3777,769.5028905148995,Vindafjord,0.024349979364424266,0.15604479922260872,0,11.47234157118357,2.4399390577501032,0.9920571882446386,13.180632285528304
1160,2018,171,4938,50,550000,39.30416666666667,8793,3776,3813,769.5028905148995,Vindafjord,0.03462940461725395,0.18608977569241666,4.605270170991424,11.426857661465466,2.435966519752478,0.990296354576449,13.217673557208654
1160,2019,257,5063,50,578000,39.63333333333333,8743,3804,3847,769.5028905148995,Vindafjord,0.050760418724076634,0.22530072952406663,4.605270170991424,11.361880647582458,2.4302639495543668,0.988822459059007,13.267329147654515
1160,2020,351,5027,50,582000,40.00952380952381,8714,3808,3851,769.5028905148995,Vindafjord,0.06982295603739805,0.2642403376424539,4.605270170991424,11.324193979530316,2.4269414970508634,0.9888340690729681,13.274225726713574
1160,2021,517,5183,57.4,602000,40.41011235955056,8705,3826,3869,769.5028905148995,Vindafjord,0.0997491800115763,0.3158309358051809,4.743267353311623,11.312498117031375,2.4259081425757656,0.9888860170586715,13.308012724290958
1160,2022,737,5254,257.4,630000,40.82936507936508,8775,3850,3898,769.5028905148995,Vindafjord,0.1402740768937952,0.374531810256212,6.243782249014411,11.403465936467583,2.4339173387075426,0.9876859928168291,13.353475098367715
1160,2023,863,5274,257.4,672000,41.099236641221374,8844,3876,3930,769.5028905148995,Vindafjord,0.16363291619264317,0.4045156563010178,6.243782249014411,11.493134215626132,2.441749832350813,0.9862595419847329,13.418013619505286
4036,2016,7,2073,0,484000,43.40909090909091,3727,1889,1919,3116.0192135430943,Vinje,0.003376748673420164,0.058109798428665746,0,1.1960773488820005,0.17904732641549434,0.9843668577384054,13.089840185698769
4036,2017,12,2109,0,492000,43.74074074074074,3726,1903,1933,3116.0192135430943,Vinje,0.005689900426742532,0.07543142864047142,0,1.1957564265989624,0.17877897809776952,0.9844800827728919,13.106233995474446
4036,2018,16,2075,0,507000,44.18627450980392,3709,1915,1945,3116.0192135430943,Vinje,0.0077108433734939755,0.08781140799175227,0,1.1903007477873193,0.1742060044258266,0.9845758354755784,13.13626628257332
4036,2019,33,2109,0,521000,44.345238095238095,3723,1922,1952,3116.0192135430943,Vinje,0.015647226173541962,0.1250888731004559,0,1.194793659749849,0.1779735008089527,0.9846311475409836,13.163505320735505
4036,2020,56,2142,0,527000,44.88095238095238,3676,1933,1978,3116.0192135430943,Vinje,0.026143790849673203,0.16169041669088866,0,1.179710312447071,0.16526891041181352,0.9772497472194136,13.1749558275235
4036,2021,91,2196,372,554000,44.94871794871795,3756,1950,1995,3116.0192135430943,Vinje,0.04143897996357013,0.20356566499184023,6.6120428413954295,1.2053840950900976,0.18679826726438944,0.9774436090225563,13.224919965729422
4036,2022,137,2219,922,573000,44.98979591836735,3755,1931,1968,3116.0192135430943,Vinje,0.061739522307345654,0.24847438964075483,7.519692698204993,1.2050631728070595,0.1865319911344709,0.9811991869918699,13.258640995696876
4036,2023,188,2221,1222,607000,44.72727272727273,3832,1951,1988,3116.0192135430943,Vinje,0.08464655560558307,0.2909408111722779,7.801391487707689,1.2297741886009728,0.20683056602698704,0.9813883299798792,13.316284070041636
1577,2016,76,5417,150,529500,39.02358490566038,10237,3415,3626,1002.0354583349985,Volda,0.014029905851947572,0.11844790353546816,5.703793585582131,10.216205339689274,2.323975218341207,0.9418091560948704,13.179688444023599
1577,2017,100,5540,172,539500,39.08571428571429,10300,3424,3630,1002.0354583349985,Volda,0.018050541516245487,0.13435230372511478,5.840650107780075,10.279077366298674,2.3301105056391633,0.9432506887052342,13.198398063680326
1577,2018,147,5644,172,555000,39.138888888888886,10363,3422,3659,1002.0354583349985,Volda,0.026045357902197024,0.1613857425617177,5.840650107780075,10.341949392908074,2.3362083806056537,0.9352282044274391,13.226723392728571
1577,2019,223,5704,172,557000,39.396,10349,3428,3666,1002.0354583349985,Volda,0.03909537166900421,0.1977254957485357,5.840650107780075,10.327977831439318,2.3348565070896092,0.9350791052918712,13.230320518909421
1577,2020,293,5869,172,540000,39.40686274509804,10473,3527,3780,1002.0354583349985,Volda,0.04992332594990629,0.2234352835832029,5.840650107780075,10.451725947305437,2.346767127194582,0.933068783068783,13.199324418540456
1577,2021,469,6075,194,566000,38.193396226415096,10781,3547,3800,1002.0354583349985,Volda,0.07720164609053498,0.2778518419779415,5.961011982133345,10.759100299618058,2.375751935960554,0.9334210526315789,13.24634935718532
1577,2022,747,6057,194,591000,38.3936170212766,10809,3559,3822,1002.0354583349985,Volda,0.12332838038632987,0.3511814066637496,5.961011982133345,10.78704342255557,2.3783457308376392,0.9311878597592883,13.289571296388235
1577,2023,926,6058,394,632000,38.6865671641791,10960,3569,3832,1002.0354583349985,Volda,0.1528557279630241,0.39096768148150574,6.669499700305173,10.93773669268286,2.3922188919234424,0.9313674321503131,13.356644673128994
4621,2016,164,7944,550,497000,41.988207547169814,15345,5541,6366,2089.8558248993095,Voss,0.020644511581067473,0.1436819807111089,7.003066285231719,7.342611780762116,1.993694607776203,0.8704052780395853,13.116345305078767
4621,2017,215,8069,572,516000,42.110328638497656,15447,5579,6541,2089.8558248993095,Voss,0.026645185276985995,0.1632335298796972,7.042286936034912,7.391418975394748,2.0003197294366175,0.8529276868980278,13.1538620444637
4621,2018,299,8115,691,532000,42.17613636363637,15508,5602,6656,2089.8558248993095,Voss,0.03684534812076402,0.19195142125226378,7.231287527908247,7.420607591792694,2.0042609395131863,0.8416466346153846,13.184398768323781
4621,2019,392,8270,935,547500,42.21478873239437,15543,5622,6704,2089.8558248993095,Voss,0.04740024183796856,0.2177159659693532,7.533693995816081,7.437355158578401,2.0065152962052646,0.8386038186157518,13.213117740672793
4621,2020,518,8294,1035,561000,42.15337423312884,15740,5699,6822,2089.8558248993095,Voss,0.06245478659271763,0.24990955682549965,7.635304119637008,7.531620034486524,2.0191101626937606,0.8353855174435649,13.237476184504834
4621,2021,746,8492,1035,575000,42.34057971014493,15787,5720,6857,2089.8558248993095,Voss,0.08784738577484691,0.296390596637017,7.635304119637008,7.554109624170188,2.0220917362540933,0.8341840455009479,13.262125319779487
4621,2022,999,8572,1035,610000,42.440104166666664,15875,5739,6911,2089.8558248993095,Voss,0.11654223051796547,0.34138282106451323,7.635304119637008,7.596217792088536,2.027650464483259,0.8304152799884242,13.321214236149494
4621,2023,1275,8562,1042.4,662000,42.244680851063826,16144,5758,6940,2089.8558248993095,Voss,0.14891380518570427,0.38589351534549565,7.6424284364464405,7.724934805384399,2.0444533833157568,0.8296829971181556,13.403020834919145
1865,2016,13,4321,22,467000,41.96124031007752,9350,3286,3912,2085.8469824884814,Vågan,0.003008562832677621,0.05485036766219185,3.7847057630994327,4.482591522051706,1.5002013439243427,0.8399795501022495,13.054084536651034
1865,2017,23,4498,22,480000,41.91129032258065,9444,3299,3948,2085.8469824884814,Vågan,0.005113383726100489,0.07150792771504771,3.7847057630994327,4.527657148048803,1.5102046198470134,0.835612968591692,13.081541382884074
1865,2018,39,4566,22,492000,41.58130081300813,9611,3320,4003,2085.8469824884814,Vågan,0.008541392904073587,0.09241965648104081,3.7847057630994327,4.607720547426625,1.5277332764648943,0.8293779665251062,13.106233995474446
1865,2019,66,4634,91.6,505000,41.82824427480916,9595,3336,4032,2085.8469824884814,Vågan,0.014242555028053518,0.11934217623310511,5.210608246297574,4.600049802576056,1.5260671300834103,0.8273809523809523,13.132313708257497
1865,2020,95,4651,91.6,508000,42.16793893129771,9608,3346,4128,2085.8469824884814,Vågan,0.0204257149000215,0.1429185603762559,5.210608246297574,4.606282282767143,1.5274210854014294,0.810562015503876,13.138236726560619
1865,2021,183,4850,113.6,526000,42.424,9670,3360,4184,2085.8469824884814,Vågan,0.0377319587628866,0.19424715895705294,5.425850058680436,4.636006419063102,1.53385331008895,0.8030592734225621,13.173056491719846
1865,2022,377,4934,113.6,541000,42.69117647058823,9724,3361,4197,2085.8469824884814,Vågan,0.07640859343331982,0.27642104375991317,5.425850058680436,4.661895182933774,1.5394220570776238,0.8008101024541339,13.201174557828619
1865,2023,442,4890,121,575000,42.986111111111114,9736,3373,4212,2085.8469824884814,Vågan,0.09038854805725971,0.30064688266679185,5.488954801055736,4.667648241571701,1.5406553563089729,0.8008072174738842,13.262125319779487
3435,2016,9,2193,0,458000,45.41860465116279,3664,1555,1567,1332.550178731112,Vågå,0.004103967168262654,0.06406221326384731,0,2.749615030248957,1.011460912878726,0.99234205488194,13.034624463096321
3435,2017,16,2254,7.4,476000,45.71153846153846,3640,1559,1571,1332.550178731112,Vågå,0.00709849157054126,0.08425254637422694,2.6991616063975625,2.7316044514481996,1.0048891477154915,0.9923615531508593,13.073173133213556
3435,2018,29,2265,7.4,511000,45.5,3638,1558,1582,1332.550178731112,Vågå,0.012803532008830023,0.11315269333440553,2.6991616063975625,2.73010356988147,1.0043395461627729,0.9848293299620733,13.144124869185841
3435,2019,40,2312,7.4,501000,45.94565217391305,3589,1566,1590,1332.550178731112,Vågå,0.01730103806228374,0.1315334104411641,2.6991616063975625,2.6933319714965904,0.9907790782323125,0.9849056603773585,13.124361380067002
3435,2020,51,2316,7.4,507000,46.4468085106383,3570,1573,1597,1332.550178731112,Vågå,0.022020725388601035,0.1483938185660071,2.6991616063975625,2.6790735966126573,0.9854710618583898,0.9849718221665623,13.13626628257332
3435,2021,72,2376,92.2,527000,46.77777777777778,3564,1573,1597,1332.550178731112,Vågå,0.030303030303030304,0.17407765595569785,5.217136718683675,2.674570951912468,0.983788975675405,0.9849718221665623,13.1749558275235
3435,2022,119,2325,121.6,563000,46.81707317073171,3591,1583,1607,1332.550178731112,Vågå,0.051182795698924734,0.2262361502919565,5.4939010569087445,2.6948328530633203,0.991336181310788,0.985065339141257,13.241034907121827
3435,2023,166,2285,129,596000,47.46341463414634,3532,1585,1609,1332.550178731112,Vågå,0.07264770240700219,0.26953237728889307,5.552974607718716,2.6505568468447915,0.9747697488085557,0.9850839030453697,13.297995946047488
3419,2016,11,2490,25.6,440000,48.60526315789474,3760,1816,1852,705.1997737362427,Våler (Hedmark),0.004417670682730923,0.06646556012500703,3.9361207836781484,5.3318224707858555,1.6736931067107548,0.980561555075594,12.994530005894443
3419,2017,15,2511,25.6,449000,49.24305555555556,3743,1819,1855,705.1997737362427,Våler (Hedmark),0.005973715651135006,0.07728981596002804,3.9361207836781484,5.307715826636026,1.6691615782312437,0.9805929919137466,13.01477816672439
3419,2018,16,2577,25.6,454000,49.984375,3680,1821,1857,705.1997737362427,Våler (Hedmark),0.006208769887466045,0.07879574790219358,3.9361207836781484,5.21837943949254,1.6521869014897912,0.9806138933764136,13.025852477023484
3419,2019,25,2626,25.6,469000,50.0390625,3705,1824,1860,705.1997737362427,Våler (Hedmark),0.00952018278750952,0.09757142403137058,3.9361207836781484,5.253830386771701,1.6589574080570018,0.9806451612903225,13.058358047428417
3419,2020,37,2610,25.6,465000,50.77941176470589,3662,1821,1857,705.1997737362427,Våler (Hedmark),0.014176245210727969,0.11906403827658446,3.9361207836781484,5.192854757451544,1.6472835955612706,0.9806138933764136,13.049792684569493
3419,2021,67,2631,25.6,487000,51.5,3587,1822,1858,705.1997737362427,Våler (Hedmark),0.025465602432535157,0.15957945491990866,3.9361207836781484,5.086501915614059,1.626590347859097,0.9806243272335845,13.096019402064726
3419,2022,111,2594,25.6,502000,52.03968253968254,3597,1825,1861,705.1997737362427,Våler (Hedmark),0.04279105628373169,0.20685999198426866,3.9361207836781484,5.100682294525724,1.6293743140224384,0.9806555615260613,13.126355398673866
3419,2023,135,2621,325.6,534000,52.25735294117647,3625,1823,1859,705.1997737362427,Våler (Hedmark),0.05150705837466616,0.22695166528286626,6.478819172828846,5.140387355478385,1.6371284376155897,0.9806347498655191,13.188151117942333
3114,2016,79,2977,7.4,581000,37.94285714285714,5186,1656,1681,257.0863452745449,Våler (Østfold),0.026536781995297277,0.16290114178635237,2.6991616063975625,20.172210991843315,3.0043059637990455,0.9851279000594884,13.272506035834049
3114,2017,128,3130,7.4,593000,38.00694444444444,5335,1685,1716,257.0863452745449,Våler (Østfold),0.04089456869009585,0.20222405566622348,2.6991616063975625,20.751782807844982,3.032632161436289,0.9819347319347319,13.292949677979863
3114,2018,176,3191,7.4,603000,38.30288461538461,5471,1728,1759,257.0863452745449,Våler (Østfold),0.05515512378564713,0.23485128014479106,2.6991616063975625,21.28078795533644,3.0578046917642614,0.9823763501989767,13.309672475709322
3114,2019,263,3356,7.4,616000,38.535714285714285,5593,1759,1790,257.0863452745449,Våler (Østfold),0.07836710369487485,0.2799412504345775,2.6991616063975625,21.755336690586127,3.0798590925220233,0.9826815642458101,13.331002242515657
3114,2020,367,3408,7.4,623000,38.588235294117645,5736,1777,1808,257.0863452745449,Våler (Østfold),0.10768779342723005,0.32815818354450654,2.6991616063975625,22.31157004419847,3.105105379979892,0.9828539823008849,13.34230179776959
3114,2021,514,3488,7.4,650000,38.72282608695652,5805,1793,1824,257.0863452745449,Våler (Østfold),0.1473623853211009,0.3838780865341247,2.6991616063975625,22.57996236167575,3.1170628918324272,0.9830043859649122,13.38472764187182
3114,2022,688,3487,7.4,672000,38.914414414414416,5913,1813,1844,257.0863452745449,Våler (Østfold),0.1973042730140522,0.4441894562166601,2.6991616063975625,23.000054684683672,3.1354965935212653,0.9831887201735358,13.418013619505286
3114,2023,809,3518,69.9,704000,39.34649122807018,6023,1838,1879,257.0863452745449,Våler (Østfold),0.22996020466173964,0.4795416610282569,4.940263992366865,23.4279264951547,3.1539287507441567,0.9781798829164449,13.46453363514018
1857,2016,4,272,0,417000,42.59090909090909,765,316,316,1823.110103390752,Værøy,0.014705882352941176,0.12126781251816648,0,0.41961261614271,-0.8684233358416713,1,12.94084150078094
1857,2017,7,285,0,424000,43.8,744,315,315,1823.110103390752,Værøy,0.02456140350877193,0.15672078199387576,0,0.40809383844467484,-0.8962581348351153,1,12.957488734214095
1857,2018,7,280,0,427000,44.2,746,318,318,1823.110103390752,Værøy,0.025,0.15811388300841897,0,0.40919086489210676,-0.8935735694644463,1,12.96453929221076
1857,2019,8,286,0,442000,45.6,732,315,315,1823.110103390752,Værøy,0.027972027972027972,0.16724840200141816,0,0.4015116797600833,-0.9125186557068956,1,12.999065161059836
1857,2020,13,282,0,437000,45.857142857142854,728,319,319,1823.110103390752,Værøy,0.04609929078014184,0.21470745394639154,0,0.39931762686521943,-0.9179981214715213,1,12.987688474077727
1857,2021,24,305,0,455000,46.75,698,317,317,1823.110103390752,Værøy,0.07868852459016394,0.2805147493273107,0,0.3828622301537406,-0.9600800669058348,1,13.028052697933088
1857,2022,34,299,0,449000,48.666666666666664,678,317,317,1823.110103390752,Værøy,0.11371237458193979,0.3372126548365879,0,0.3718919656794214,-0.9891518817278117,1,13.01477816672439
1857,2023,35,302,0,478000,47.583333333333336,688,317,317,1823.110103390752,Værøy,0.11589403973509933,0.34043213675430134,0,0.37737709791658103,-0.9745103317348635,1,13.077366011473593
5058,2016,27,2601,0,491554.2165189928,46.72794117647059,4233,1859,1869,2387.3837289377757,Åfjord,0.010380622837370242,0.10188534162169866,0,1.7730706415945119,0.5727128692732686,0.994649545211343,13.105327520764572
5058,2017,37,2668,0,500402.19241633464,46.983333333333334,4222,1863,1896,2387.3837289377757,Åfjord,0.013868065967016492,0.11776275288484254,0,1.7684630873640512,0.5701108571606107,0.9825949367088608,13.123167438892903
5058,2018,46,2699,0,514500,47.067796610169495,4230,1865,1904,2387.3837289377757,Åfjord,0.017043349388662466,0.13055017958111917,0,1.7718140358952952,0.5720039007926685,0.979516806722689,13.150950834256241
5058,2019,67,2731,3.6,523000,47.19285714285714,4297,1884,1924,2387.3837289377757,Åfjord,0.024533138044672283,0.15663057825556376,1.992835764939741,1.7998782298444642,0.5877190125273399,0.9792099792099792,13.16733674304706
5058,2020,100,2716,3.6,535000,47.66101694915254,4288,1895,1935,2387.3837289377757,Åfjord,0.036818851251840944,0.19188238911333408,1.992835764939741,1.7961084127468148,0.5856223315029828,0.979328165374677,13.190022025878143
5058,2021,158,2775,36.6,550000,48.40833333333333,4271,1915,1955,2387.3837289377757,Åfjord,0.05693693693693694,0.23861462012403375,4.29338199718882,1.7889876471179211,0.5816498995938114,0.979539641943734,13.217673557208654
5058,2022,246,2783,36.6,576000,48.48275862068966,4252,1929,1978,2387.3837289377757,Åfjord,0.08839381961911606,0.29731098132950967,4.29338199718882,1.7810291443562165,0.5771913682141835,0.9752275025278059,13.263862939678027
5058,2023,325,2765,110,615000,48.5,4252,1934,1991,2387.3837289377757,Åfjord,0.11754068716094032,0.3428420732070968,5.3936482068690905,1.7810291443562165,0.5771913682141835,0.9713711702661979,13.329377546788654
3328,2016,26,2641,0,569000,44.34905660377358,4711,2073,2140,1177.7901399540478,Ål,0.009844755774327906,0.09922074266164262,0,3.999863677058633,1.3862602798037875,0.9686915887850467,13.251635713108469
3328,2017,47,2708,0,585000,44.575,4719,2076,2121,1177.7901399540478,Ål,0.017355982274741506,0.1317421051704485,0,4.006656058594713,1.3879569928301339,0.9787835926449788,13.279367126213993
3328,2018,84,2743,0,599000,45.34920634920635,4626,2088,2141,1177.7901399540478,Ål,0.03062340503098797,0.1749954428863448,0,3.927694623237792,1.3680526438951308,0.9752452125175152,13.303016877097587
3328,2019,122,2755,0,621000,45.48360655737705,4671,2090,2142,1177.7901399540478,Ål,0.04428312159709619,0.21043555212248757,0,3.9659017693782372,1.3777332616058544,0.9757236227824463,13.339086360915616
3328,2020,151,2732,0,626000,45.66101694915254,4674,2091,2143,1177.7901399540478,Ål,0.05527086383601757,0.23509756237787233,0,3.968448912454267,1.3783753162025496,0.9757349510032665,13.347105650082236
3328,2021,223,2845,40.4,643000,46.3,4648,2099,2151,1177.7901399540478,Ål,0.07838312829525483,0.27996987033474663,4.392130101604592,3.9463736724620095,1.3727970996354935,0.9758251975825197,13.373900003219756
3328,2022,299,2813,40.4,668000,46.34920634920635,4650,2102,2154,1177.7901399540478,Ål,0.10629221471738358,0.32602486824992905,4.392130101604592,3.9480717678460295,1.3732272996851485,0.9758588672237697,13.412043452518782
3328,2023,373,2793,40.4,720000,46.166666666666664,4862,2117,2185,1177.7901399540478,Ål,0.1335481561045471,0.36544241147484113,4.392130101604592,4.128069878552128,1.417809955979815,0.9688787185354691,13.487006490992238
1507,2016,631,27042,86.8,534800,38.36138613861386,54947,12143,18000,1464.251870794756,Ålesund,0.023334072923600326,0.15275494402342704,5.156786982421959,37.52564780414196,3.6250246406387907,0.6746111111111112,13.189648124209926
1507,2017,808,27583,136.8,550200,38.486666666666665,55408,12215,18161,1464.251870794756,Ålesund,0.02929340535837291,0.17115316344833625,5.611680544291975,37.840484349134584,3.6333795440260346,0.672595121414019,13.218037127472611
1507,2018,1047,27888,195.6,560800,38.722147651006715,55720,12294,18311,1464.251870794756,Ålesund,0.03754302925989673,0.19376023652931662,5.969225472445335,38.05356244466104,3.6389947052775735,0.6713997050952979,13.237119614702518
1507,2019,1445,28588,195.6,574800,38.91264667535854,56250,12358,18459,1464.251870794756,Ålesund,0.05054568350356793,0.22482367202669726,5.969225472445335,38.41552203001047,3.648461597450498,0.6694837206782599,13.261777433187007
1507,2020,2432,34180,267.6,551000,39.43604004449388,66258,15823,22305,1464.251870794756,Ålesund,0.07115272088940901,0.26674467359144965,6.28264399993996,45.25041170958993,3.8122117686590173,0.7093925128894867,13.219490088135052
1507,2021,3890,35256,417.6,579000,39.65057471264368,66670,15886,22557,1464.251870794756,Ålesund,0.11033582936237804,0.3321683750184205,6.727672650695703,45.53178406650308,3.818410632995937,0.7042603183047391,13.269057756555132
1507,2022,6458,35980,417.6,604000,39.834983498349835,67114,15935,22710,1464.251870794756,Ålesund,0.17948860478043357,0.42366095498692535,6.727672650695703,45.83501058705996,3.8250482223957123,0.7016732716864817,13.311329476916953
1507,2023,8016,35773,1033.6,649000,40.12568306010929,67520,16005,22974,1464.251870794756,Ålesund,0.22407961311603725,0.47337048188077513,7.633950547598519,46.112285288289904,3.83107940665367,0.6966570906241839,13.383187995686226
4217,2016,3,1088,0,457000,42.9375,1847,955,955,1133.8083250804414,Åmli,0.0027573529411764708,0.05251050315105037,0,1.6290231418692036,0.48798053570021893,1,13.032438669876342
4217,2017,6,1120,0,473000,41.793103448275865,1856,952,952,1133.8083250804414,Åmli,0.005357142857142857,0.073192505471139993,0,1.636960991504733,0.4928414688471248,1,13.06685066747407
4217,2018,8,1107,0,492000,42.1551724137931,1845,955,955,1133.8083250804414,Åmli,0.007226738934056007,0.0850102284084451,0,1.6272591752835304,0.4868971119756065,1,13.106233995474446
4217,2019,12,1085,0,516000,42.53125,1848,960,966,1133.8083250804414,Åmli,0.011059907834101382,0.10516609640992378,0,1.6299051251620402,0.48852180770260845,0.9937888198757764,13.1538620444637
4217,2020,20,1085,0,512000,43,1836,958,964,1133.8083250804414,Åmli,0.018433179723502304,0.13576884666042613,0,1.619321325648001,0.48200712668141477,0.9937759336099585,13.146079904021645
4217,2021,36,1081,0,509000,44.12903225806452,1822,959,968,1133.8083250804414,Åmli,0.03330249768732655,0.18248971940174205,0,1.6069735595482886,0.4743526333208826,0.9907024793388429,13.14020329553266
4217,2022,65,1072,0,523000,45.421875,1801,960,969,1133.8083250804414,Åmli,0.06063432835820896,0.2462403873417376,0,1.58845191039872,0.4627599006769351,0.9907120743034056,13.16733674304706
4217,2023,79,1071,73.5,568000,46.375,1786,959,968,1133.8083250804414,Åmli,0.07376283846872082,0.27159314878825797,4.9904788605809305,1.575222161006171,0.4543963169374234,0.9907024793388429,13.249876697703288
3422,2016,17,2477,11,439000,42.64655172413793,4429,1891,2065,1340.0082878516994,Åmot,0.006863140896245458,0.08284407580657448,3.093102195050827,3.3052034380328874,1.1954980260334132,0.9157384987893462,12.992254692057308
3422,2017,23,2539,11,437000,42.08695652173913,4518,1899,2073,1340.0082878516994,Åmot,0.009058684521465145,0.09517712183852349,3.093102195050827,3.3716209376908073,1.2153936191381636,0.9160636758321273,12.987688474077727
3422,2018,37,2542,11,451000,42.08771929824562,4480,1907,2081,1340.0082878516994,Åmot,0.014555468135326514,0.12064604483913476,3.093102195050827,3.343262904128999,1.2069472475192458,0.9163863527150409,13.019222618484815
3422,2019,62,2591,11,465000,42.614583333333336,4407,1901,2079,1340.0082878516994,Åmot,0.023928984947896564,0.15468996395337534,3.093102195050827,3.2887856291286828,1.190518386952202,0.9143819143819144,13.049792684569493
3422,2020,86,2610,11,473000,43.26086956521739,4356,1905,2084,1340.0082878516994,Åmot,0.03295019157088123,0.1815218762873534,3.093102195050827,3.2507261630325712,1.1788784061630662,0.9141074856046065,13.06685066747407
3422,2021,127,2620,11,484000,43.71111111111111,4338,1908,2095,1340.0082878516994,Åmot,0.048473282442748095,0.2201664880102058,3.093102195050827,3.237293410292767,1.1747376134970346,0.9107398568019093,13.089840185698769
3422,2022,177,2569,11,510000,44.71590909090909,4195,1907,2094,1340.0082878516994,Åmot,0.0688984040482678,0.2624850549045942,3.093102195050827,3.130577652415435,1.1412175410115215,0.9106972301814709,13.142166004700508
3422,2023,218,2587,73.5,550000,44.92424242424242,4213,1917,2104,1340.0082878516994,Åmot,0.08426749130266718,0.2902886344703616,4.9904788605809305,3.1440104051552393,1.1454991840892315,0.9111216730038023,13.217673557208654
4643,2016,10,2922,0,507000,45.623456790123456,5359,1368,1918,1011.826606031359,Årdal,0.0034223134839151265,0.05850054259504887,0,5.296362013071943,1.6670201722411335,0.7132429614181439,13.13626628257332
4643,2017,17,2957,0,523000,45.70454545454545,5363,1368,1918,1011.826606031359,Årdal,0.0057490700033818055,0.07582262197643791,0,5.300315259582913,1.6677663017292084,0.7132429614181439,13.16733674304706
4643,2018,20,2969,0,544000,46.4453125,5277,1378,1928,1011.826606031359,Årdal,0.006736274840013472,0.08207481245798538,0,5.215320459597059,1.651600536151951,0.7147302904564315,13.206704525838079
4643,2019,43,2953,0,558000,46.75882352941176,5245,1381,1931,1011.826606031359,Årdal,0.014561462919065358,0.12067088679157603,0,5.1836944875093005,1.6455180235766809,0.7151734852408079,13.232114241363448
4643,2020,80,2942,0,555000,47.31927710843374,5193,1381,1931,1011.826606031359,Årdal,0.027192386131883073,0.1649011404808441,0,5.132302282866691,1.6355543465906022,0.7151734852408079,13.226723392728571
4643,2021,179,2967,0,577000,47.54545454545455,5170,1380,1930,1011.826606031359,Årdal,0.06033029996629592,0.2456222709085964,0,5.109571115428614,1.631115470248758,0.7150259067357513,13.265597545490236
4643,2022,271,2919,22,598000,47.44262295081968,5204,1382,1928,1011.826606031359,Årdal,0.09284001370332305,0.3046965928646447,3.7847057630994327,5.143173710771858,1.6376703423786791,0.716804979253112,13.301346032932768
4643,2023,349,2946,22,645000,47.61904761904762,5172,1383,1929,1011.826606031359,Årdal,0.11846571622539036,0.34418848938538077,3.7847057630994327,5.1115477386840995,1.6315022426380315,0.7169517884914464,13.37700559577791
3218,2016,507,8899,11,553000,36.77622377622377,18992,4253,6111,103.76491088773916,Ås,0.056972693561074275,0.23868953383228658,3.093102195050827,183.0291168519096,5.20964524866539,0.6959581083292423,13.223113280504473
3218,2017,712,9085,33,552000,36.942122186495176,19288,4310,6189,103.76491088773916,Ås,0.07837094111172262,0.27994810431885875,4.1898842314256335,185.88171892584418,5.225110551676948,0.6963968330909679,13.221303325259232
3218,2018,968,9245,33,568000,36.13178294573643,20084,4374,5734,103.76491088773916,Ås,0.1047052460789616,0.3235819001102528,4.1898842314256335,193.55290558412767,5.2655508889705365,0.7628182769445413,13.249876697703288
3218,2019,1245,9364,83,577000,36.28326996197718,20335,4440,5892,103.76491088773916,Ås,0.1329560017086715,0.36463132299443435,5.112024076118548,195.97183504547084,5.277970950157266,0.7535641547861507,13.265597545490236
3218,2020,1510,9251,283,587000,36.308098591549296,20439,4437,5918,103.76491088773916,Ås,0.16322559723273158,0.4040118775886813,6.338597199715868,196.9741006390154,5.283072251257718,0.7497465359918891,13.282780098810234
3218,2021,1933,9562,283,604000,36.825490196078434,20439,4477,5962,103.76491088773916,Ås,0.20215436101234052,0.44961579266340335,6.338597199715868,196.9741006390154,5.283072251257718,0.7509225092250923,13.311329476916953
3218,2022,2450,9806,283,630000,36.83841463414634,20780,4514,6114,103.76491088773916,Ås,0.24984703242912504,0.499847009022886,6.338597199715868,200.2603753255414,5.2996183964691586,0.7383055282957147,13.353475098367715
3218,2023,2792,9857,933,677000,37.14529914529915,21350,4562,6307,103.76491088773916,Ås,0.2832504818910419,0.5322128163536105,7.531552668602064,205.75356175169915,5.326679150472711,0.7233232915807832,13.425426551894413
4224,2016,5,564,0,478000,39.111111111111114,942,439,439,891.0211833893561,Åseral,0.008865248226950355,0.09415544714433868,0,1.0572139221390062,0.055637072540408686,1,13.077366011473593
4224,2017,6,581,0,511000,38.1,937,444,444,891.0211833893561,Åseral,0.010327022375215147,0.1016219581351154,0,1.0516023832741497,0.05031508020246798,1,13.144124869185841
4224,2018,9,560,0,534000,38.73076923076923,943,445,445,891.0211833893561,Åseral,0.01607142857142857,0.1267731382092775,0,1.0583362299119776,0.05669808059750317,1,13.188151117942333
4224,2019,11,576,0,575000,39.791666666666664,939,446,446,891.0211833893561,Åseral,0.019097222222222224,0.13819269959814168,0,1.0538469988200923,0.05244727717230859,1,13.262125319779487
4224,2020,18,568,0,599000,40.23076923076923,932,447,447,891.0211833893561,Åseral,0.03169014084507042,0.178017248729078,0,1.045990844409293,0.04496461264963693,1,13.303016877097587
4224,2021,25,574,0,580000,40.90625,927,450,450,891.0211833893561,Åseral,0.04355400696864112,0.20869596778242056,0,1.0403793055444361,0.03958536352990086,1,13.270783382522602
4224,2022,40,560,0,629000,42.5,912,452,452,891.0211833893561,Åseral,0.07142857142857142,0.2672612419124244,0,1.023544688949866,0.023271788038377168,1,13.351886535682578
4224,2023,59,556,50,671000,43.17857142857143,911,454,454,891.0211833893561,Åseral,0.10611510791366907,0.32575313953002677,4.605270170991424,1.0224223811768947,0.02217469522400405,1,13.41652441595382
3418,2016,20,4954,0,432000,48.08080808080808,7456,3759,3834,1040.7141005925537,Åsnes,0.004037141703673799,0.0635385056770601,0,7.1643115008769085,1.9691119646709465,0.9804381846635368,12.976180867226248
3418,2017,27,5128,0,438000,48.58050847457627,7329,3752,3831,1040.7141005925537,Åsnes,0.005265210608424337,0.07256177098461929,0,7.042279907447272,1.9519319682313694,0.979378752283999,12.989974189358584
3418,2018,45,5157,50,452000,48.829166666666666,7279,3733,3812,1040.7141005925537,Åsnes,0.008726003490401396,0.0934130798678718,4.605270170991424,6.994235973026155,1.9450863774237772,0.9792759706190975,13.021437458814368
3418,2019,71,5229,50,458000,49.10084033613445,7214,3758,3877,1040.7141005925537,Åsnes,0.013578122011856951,0.11652519904233999,4.605270170991424,6.931778858278704,1.9361164697690036,0.969306164560227,13.034624463096321
3418,2020,100,5218,50,469000,49.60891089108911,7203,3748,3867,1040.7141005925537,Åsnes,0.019164430816404752,0.1384356558708946,4.605270170991424,6.921209192706058,1.9345904931948823,0.9692267907938971,13.058358047428417
3418,2021,167,5381,50,488000,50.125,7227,3735,3873,1040.7141005925537,Åsnes,0.031035123582977144,0.17616788465261524,4.605270170991424,6.944270281228194,1.9379168995885003,0.9643687064291248,13.098070684835283
3418,2022,211,5290,50,512000,50.62109375,7211,3734,3876,1040.7141005925537,Åsnes,0.03988657844990548,0.19971624483227568,4.605270170991424,6.928896222213437,1.935700525222279,0.9633642930856553,13.146079904021645
3418,2023,269,5269,50,544000,50.87864077669903,7267,3729,3865,1040.7141005925537,Åsnes,0.05105333080280888,0.2259498413427389,4.605270170991424,6.982705428765088,1.9434364389221552,0.9648124191461837,13.206704525838079
1868,2016,6,2317,0,461000,43.37068965517241,4529,1888,1895,1813.7281641147556,Øksnes,0.002589555459646094,0.05088767492867103,0,2.497066588923216,0.9151166785124337,0.9963060686015831,13.041153321978786
1868,2017,10,2407,0,466000,43.55384615384615,4580,1894,1926,1813.7281641147556,Øksnes,0.004154549231408392,0.06445579284601495,0,2.525185466387355,0.9263145120644506,0.9833852544132918,13.051940913107783
1868,2018,16,2409,0,481000,44.03968253968254,4541,1899,1937,1813.7281641147556,Øksnes,0.006641760066417601,0.08149699421707282,0,2.5036827953853664,0.917762766054171,0.9803820340733093,13.083622549087899
1868,2019,31,2439,0,506000,44.798507462686565,4449,1904,1942,1813.7281641147556,Øksnes,0.012710127101271012,0.11273919948833686,0,2.4529585458422143,0.8972948657622617,0.98043254376931,13.134291948269603
1868,2020,53,2449,0,507000,45.417910447761194,4410,1909,1980,1813.7281641147556,Øksnes,0.021641486320947326,0.1471104561917586,0,2.4314558748402257,0.8884902033971115,0.9641414141414142,13.13626628257332
1868,2021,98,2495,0,520000,45.5625,4416,1907,1978,1813.7281641147556,Øksnes,0.03927855711422846,0.19818818611165614,0,2.434763978071301,0.8898498229131511,0.9641051567239636,13.16158409055761
1868,2022,168,2550,0,527000,45.528301886792455,4458,1900,1971,1813.7281641147556,Øksnes,0.06588235294117648,0.2566755791678992,0,2.457920700688827,0.899315748902034,0.9639776763064434,13.1749558275235
1868,2023,218,2569,66,565000,45.70652173913044,4533,1906,1995,1813.7281641147556,Øksnes,0.08485792137018296,0.29130382999573307,4.882859309749067,2.4992719910772663,0.9159994858970691,0.9553884711779449,13.244581010128577
5057,2016,73,5881,0,480528.70138211816,43.07086614173228,9988,4001,4082,1509.9049778046565,Ørland,0.012412854956640027,0.11141299276403999,0,6.614985808260707,1.8893376521769694,0.9801567858892699,13.082642237933488
5057,2017,104,6060,0,489178.21800699626,42.84710743801653,10113,4059,4144,1509.9049778046565,Ørland,0.017161716171617162,0.13100273345093666,0,6.697772474863889,1.901775004679476,0.979488416988417,13.100482156061819
5057,2018,137,6162,0,502500,42.800970873786405,10215,4126,4221,1509.9049778046565,Ørland,0.02223304122038299,0.1491074821073141,0,6.765326394812086,1.911810508029028,0.9774934849561715,13.127350918915369
5057,2019,200,6279,0,519000,42.822916666666664,10238,4167,4380,1509.9049778046565,Ørland,0.03185220576524924,0.17847186267098028,0,6.780559141467072,1.9140595677948342,0.9513698630136986,13.159659162148026
5057,2020,266,6252,0,523000,42.58849557522124,10323,4183,4399,1509.9049778046565,Ørland,0.04254638515674984,0.2062677511312659,0,6.836854074757237,1.9223276952428956,0.9508979313480337,13.16733674304706
5057,2021,433,6441,116,544000,42.91,10306,4200,4416,1509.9049778046565,Ørland,0.06722558608911659,0.2592789734805285,5.446755950221091,6.825595088099203,1.920679529665475,0.9510869565217391,13.206704525838079
5057,2022,709,6518,116,564000,42.77941176470589,10371,4159,4374,1509.9049778046565,Ørland,0.10877569806689169,0.32981160996376657,5.446755950221091,6.868644154732858,1.9269667293670398,0.950845907636031,13.242809530480196
5057,2023,906,6512,288,615000,42.31632653061224,10472,4164,4383,1509.9049778046565,Ørland,0.13912776412776412,0.3729983433311254,6.356110674764055,6.93553578134823,1.9366583083670414,0.9500342231348392,13.329377546788654
1520,2016,57,6333,0,515000,40.75563909774437,10677,3429,3560,791.5789386982949,Ørsta,0.009000473709142587,0.09487082643859801,0,13.488231530714675,2.601817566793864,0.9632022471910112,13.151922179645874
1520,2017,87,6461,0,524000,40.762962962962966,10744,3443,3590,791.5789386982949,Ørsta,0.013465407831605014,0.11604054391291439,0,13.572872489088551,2.608073130818635,0.9590529247910864,13.169246963303179
1520,2018,118,6543,0,543000,40.846774193548384,10812,3462,3636,791.5789386982949,Ørsta,0.018034540730551735,0.1342927426577912,0,13.658776745348606,2.6143823000118998,0.9521452145214522,13.204864598916073
1520,2019,177,6645,0,563000,40.95263157894737,10857,3462,3636,791.5789386982949,Ørsta,0.026636568848758466,0.16320713479734417,0,13.715625150226582,2.618535704847414,0.9521452145214522,13.241034907121827
1520,2020,301,6623,0,565000,40.75769230769231,10825,3381,3561,791.5789386982949,Ørsta,0.0454476823191907,0.2131846202688897,0,13.67519961786891,2.6155839454862524,0.949452401010952,13.244581010128577
1520,2021,464,6787,350,584000,41.144,10830,3396,3582,791.5789386982949,Ørsta,0.06836599381169883,0.2614689155744882,6.5510823758534835,13.681516107299796,2.6160457326105977,0.948073701842546,13.277656261810364
1520,2022,766,6876,350,609000,41.47810218978102,10833,3412,3606,791.5789386982949,Ørsta,0.1114019778941245,0.33376934834421884,6.5510823758534835,13.68530600095833,2.616322702561129,0.9462007764836384,13.319573546692034
1520,2023,968,6834,372,653000,41.71768707482993,10929,3416,3620,791.5789386982949,Ørsta,0.14164471758852795,0.37635716757958515,6.6120428413954295,13.806582598031346,2.625145478292235,0.943646408839779,13.389332408258568
3442,2016,66,9559,0,479000,44.44827586206897,14906,5844,6000,562.7708311201012,Østre Toten,0.006904487917146145,0.08309324832467524,0,26.486802754741394,3.2766465996893395,0.974,13.079455876393052
3442,2017,124,9740,0,495000,44.78630705394191,14887,5852,6008,562.7708311201012,Østre Toten,0.01273100616016427,0.11283176042304875,0,26.45304123237858,3.2753711321247576,0.974034620505992,13.112313041550827
3442,2018,190,9837,0,514000,45.30327868852459,14888,5875,6064,562.7708311201012,Østre Toten,0.01931483175764969,0.13897781030671655,0,26.4548181546082,3.275438302569787,0.9688324538258575,13.149978544437301
3442,2019,294,10081,0,525000,45.488789237668165,14948,5895,6103,562.7708311201012,Østre Toten,0.02916377343517508,0.17077404204145044,0,26.561433488385507,3.2794602948530747,0.9659184007864985,13.17115354157376
3442,2020,405,10057,0,529000,45.78270042194093,14973,5903,6123,562.7708311201012,Østre Toten,0.040270458387193,0.20067500688225479,0,26.60585654412605,3.2811313623854192,0.9640699003756329,13.178743710840436
3442,2021,608,10231,59,543000,46.30497925311203,14871,5910,6125,562.7708311201012,Østre Toten,0.05942723096471508,0.24377701073873861,4.770756435173042,26.424610476704633,3.274295790936384,0.9648979591836735,13.204864598916073
3442,2022,983,10344,59,570000,46.56282722513089,14827,5917,6132,562.7708311201012,Østre Toten,0.09503093580819799,0.3082708805712891,4.770756435173042,26.34642589860128,3.2713326262657265,0.9649380300065231,13.253391639810733
3442,2023,1100,10202,66.4,613000,46.710059171597635,14896,5932,6165,562.7708311201012,Østre Toten,0.10782199568712017,0.3283625978809404,4.888900934934616,26.469033532445177,3.2759755037645486,0.96220600162206,13.32612021491835
3314,2016,195,10514,0,471000,40.50178571428572,18205,5753,6483,457.33751850269743,Øvre Eiker,0.018546699638577135,0.13618626817185767,0,39.80648703303931,3.6840298897887203,0.8873978096560234,13.062613372998555
3314,2017,327,10899,0,494000,40.46694214876033,18562,5789,6624,457.33751850269743,Øvre Eiker,0.030002752546105148,0.17321302649080741,0,40.587092134428765,3.7034500883345243,0.8739432367149759,13.110290796170059
3314,2018,467,11094,0,513000,40.43396226415094,18926,5821,6718,457.33751850269743,Øvre Eiker,0.042094826032089416,0.2051702367111015,0,41.383003218198404,3.722870246247364,0.8664781184876451,13.148031124152906
3314,2019,647,11497,0,526000,40.638671875,19117,5831,6772,457.33751850269743,Øvre Eiker,0.0562755501435157,0.23722468282941322,0,41.80063788028632,3.7329115997082045,0.8610454813939752,13.173056491719846
3314,2020,900,11452,0,523000,40.862369337979096,19423,5884,6912,457.33751850269743,Øvre Eiker,0.07858889276982187,0.28033710558864994,0,42.46972796719157,3.7487915390113193,0.8512731481481481,13.16733674304706
3314,2021,1303,11825,0,546000,41.25971731448763,19709,5935,7000,457.33751850269743,Øvre Eiker,0.11019027484143763,0.3319492052128422,0,43.09508667586771,3.7634089923716805,0.8478571428571429,13.210374254727043
3314,2022,1732,12052,0,562000,41.494623655913976,20044,5992,7080,457.33751850269743,Øvre Eiker,0.1437105874543644,0.37909179291349004,0,43.82758726120516,3.780263465258802,0.8463276836158192,13.239257128875828
3314,2023,2086,12054,150,626000,41.50192307692308,20495,6022,7251,457.33751850269743,Øvre Eiker,0.17305458768873402,0.4159983025070343,5.703793585582131,44.813729840271385,3.8025145621176244,0.83050613708454,13.347105650082236
3440,2016,29,3052,22,478000,43.46376811594203,5072,1954,2023,640.518136689151,Øyer,0.009501965923984272,0.09747802790364746,3.7847057630994327,7.918589200638803,2.069213058726608,0.9658922392486406,13.077366011473593
3440,2017,47,3154,22,490000,43.484375,5082,1963,2054,640.518136689151,Øyer,0.014901712111604312,0.12207256903827457,3.7847057630994327,7.934201561050157,2.0711827264896554,0.9556962025316456,13.102160670086809
3440,2018,65,3186,22,509000,43.445945945945944,5130,1962,2053,640.518136689151,Øyer,0.020401757689893284,0.14283472158370067,3.7847057630994327,8.009140891024657,2.0805835007743614,0.9556746225036532,13.14020329553266
3440,2019,100,3172,22,518000,43.90350877192982,5119,1969,2074,640.518136689151,Øyer,0.031525851197982346,0.17755520605710876,3.7847057630994327,7.991967294572167,2.0784369490671293,0.9493731918997107,13.15773052124162
3440,2020,146,3172,44,511000,44.36363636363637,5100,1971,2076,640.518136689151,Øyer,0.046027742749054225,0.21454077176391023,4.477465921704087,7.962303809790595,2.074718381321963,0.9494219653179191,13.144124869185841
3440,2021,218,3176,73.4,532000,44.628787878787875,5093,1982,2107,640.518136689151,Øyer,0.06863979848866499,0.26199198172590127,4.989117516146373,7.951375157502647,2.0733448894941504,0.9406739439962032,13.184398768323781
3440,2022,303,3153,73.4,563000,44.79032258064516,5082,1996,2115,640.518136689151,Øyer,0.0960989533777355,0.3099983118949771,4.989117516146373,7.934201561050157,2.0711827264896554,0.9437352245862884,13.241034907121827
3440,2023,375,3144,73.4,606000,44.81896551724138,5161,2000,2132,640.518136689151,Øyer,0.11927480916030535,0.345361852497211,4.989117516146373,8.057539208299856,2.086608200758273,0.9380863039399625,13.314635265051452
4626,2016,1316,19161,22,579666.6666666666,36.247975708502025,36697,11189,11743,2336.060206389006,Øygarden,0.06868117530400292,0.2620709356338526,3.7847057630994327,15.708927321151899,2.7542291699332826,0.9528229583581709,13.270208504668311
4626,2017,1939,19682,22,587000,36.60734463276836,37175,11339,12028,2336.060206389006,Øygarden,0.09851641093384819,0.31387324023218066,3.7847057630994327,15.913545335145157,2.7671706544293984,0.94271699368141,13.282780098810234
4626,2018,2612,19973,22,599000,37.01012891344383,37687,11476,12300,2336.060206389006,Øygarden,0.13077654834025934,0.36163040295342885,3.7847057630994327,16.132717768543795,2.780849369484235,0.9330081300813008,13.303016877097587
4626,2019,3364,20402,395.6,613333.3333333334,37.5616570327553,38117,11566,12650,2336.060206389006,Øygarden,0.1648857955102441,0.40606131988930455,6.673552377755297,16.316788366905932,2.7921945389265144,0.9143083003952569,13.326663840917059
4626,2020,4082,20458,675.6,630000,38.03370786516854,38316,11611,12740,2336.060206389006,Øygarden,0.1995307459184671,0.4466886453878888,7.208748913215823,16.401974527543292,2.7974017256038253,0.91138147566719,13.353475098367715
4626,2021,5313,21044,675.6,658000,38.566265060240966,38664,11653,12801,2336.060206389006,Øygarden,0.2524710131153773,0.5024649371999774,7.208748913215823,16.550943290868926,2.8064430966259626,0.9103195062885712,13.396960210307455
4626,2022,6510,21328,675.6,684000,38.89943074003795,39032,11689,12981,2336.060206389006,Øygarden,0.30523255813953487,0.5524785589862604,7.208748913215823,16.7084734773742,2.815915984596716,0.9004699175718358,13.435713196604688
4626,2023,7305,21319,675.6,726000,39.31977818853974,39368,11779,13139,2336.060206389006,Øygarden,0.3426520943759088,0.5853649241079524,7.208748913215823,16.852305386792054,2.824487465646857,0.8964913615952508,13.495305293806933
3453,2016,9,2010,0,476000,43.674418604651166,3220,1399,1415,971.5023386797476,Øystre Slidre,0.004477611940298508,0.06691496051182058,0,3.3144541930551767,1.1982929624364171,0.9886925795053003,13.073173133213556
3453,2017,12,2118,0,481000,43.1025641025641,3248,1406,1422,971.5023386797476,Øystre Slidre,0.0056657223796034,0.07527099294949814,0,3.3432755338643525,1.2069510251795317,0.9887482419127989,13.083622549087899
3453,2018,17,2147,0,493000,43.8375,3221,1425,1441,971.5023386797476,Øystre Slidre,0.007918025151374011,0.08898328579780593,0,3.3154835266555045,1.198603473229162,0.9888965995836225,13.108264453024827
3453,2019,31,2211,0,507000,44.46153846153846,3208,1430,1446,971.5023386797476,Øystre Slidre,0.014020805065581185,0.11840948047171386,0,3.3021021898512446,1.1945592928843682,0.9889349930843707,13.13626628257332
3453,2020,39,2242,0,512000,44.84375,3229,1428,1450,971.5023386797476,Øystre Slidre,0.017395182872435324,0.13189079904388828,0,3.323718195458126,1.2010840946562382,0.9848275862068966,13.146079904021645
3453,2021,66,2257,0,533000,45.38636363636363,3236,1448,1470,971.5023386797476,Øystre Slidre,0.02924235711120957,0.17100396811539073,0,3.33092353066042,1.2032496020763455,0.9850340136054422,13.186276703147982
3453,2022,91,2218,7.4,559000,45.473684210526315,3252,1453,1475,971.5023386797476,Øystre Slidre,0.04102795311091073,0.20255358083951697,2.6991616063975625,3.347392868265663,1.2081817945656643,0.9850847457627119,13.233904752137237
3453,2023,113,2204,164.8,588000,45.689189189189186,3291,1472,1494,971.5023386797476,Øystre Slidre,0.05127041742286751,0.22642971850635576,5.797889002946396,3.387536878678443,1.2201030728413031,0.9852744310575636,13.284482226880764
