municipality_code,municipality_name,year,charger_kw_cumulative,diffusion_multiplier_w3_contemp,misallocation_index_w3_contemp
1820,Alstahaug,2016,0,0.00736069477090628,-0.9344337132082807
1820,Alstahaug,2017,50,0.00736069477090628,-0.33848330400129917
1820,Alstahaug,2018,50,0.00736069477090628,-0.5119305881832698
1820,Alstahaug,2019,50,0.00736069477090628,-0.6966792531017932
1820,Alstahaug,2020,61,0.00736069477090628,-0.7479455546828812
1820,Alstahaug,2021,61,0.00736069477090628,-0.879941990171528
1820,Alstahaug,2022,61,0.00736069477090628,-0.9604260090068508
1820,Alstahaug,2023,83,0.00736069477090628,-1.00132456833082
5403,Alta,2016,22,0.00968851319902315,-0.9505451408620439
5403,Alta,2017,29.4,0.00968851319902315,-0.9849652306131204
5403,Alta,2018,29.4,0.00968851319902315,-1.0837795289108334
5403,Alta,2019,33,0.00968851319902315,-1.1798588657511704
5403,Alta,2020,33,0.00968851319902315,-1.261112655348046
5403,Alta,2021,33,0.00968851319902315,-1.3707601533018532
5403,Alta,2022,33,0.00968851319902315,-1.439035197256223
5403,Alta,2023,262.4,0.00968851319902315,-0.8507533826912348
3428,Alvdal,2016,0,0.00322623784342785,-0.26392249907452175
3428,Alvdal,2017,0,0.00322623784342785,-0.3207992384302371
3428,Alvdal,2018,0,0.00322623784342785,-0.3130984986212912
3428,Alvdal,2019,0,0.00322623784342785,-0.33694001321917266
3428,Alvdal,2020,0,0.00322623784342785,-0.372957466082396
3428,Alvdal,2021,0,0.00322623784342785,-0.45626514479871333
3428,Alvdal,2022,0,0.00322623784342785,-0.5101510397862461
3428,Alvdal,2023,62.5,0.00322623784342785,-0.3911578954701563
4631,Alver,2016,472,0.00495758822079859,7.209088695669355
4631,Alver,2017,644,0.00495758822079859,7.80683031661449
4631,Alver,2018,644,0.00495758822079859,5.481344507420432
4631,Alver,2019,1044,0.00495758822079859,5.871194690701787
4631,Alver,2020,1224,0.00495758822079859,5.276099491749011
4631,Alver,2021,1231.4,0.00495758822079859,4.245767813680229
4631,Alver,2022,1231.4,0.00495758822079859,3.654948644821078
4631,Alver,2023,1231.4,0.00495758822079859,2.768874293117331
1871,Andøy,2016,22,0.00146614033243555,0.38292943888126885
1871,Andøy,2017,22,0.00146614033243555,0.2518909311429133
1871,Andøy,2018,22,0.00146614033243555,0.17988654039585597
1871,Andøy,2019,22,0.00146614033243555,0.08524587965689201
1871,Andøy,2020,44,0.00146614033243555,0.12565297981929965
1871,Andøy,2021,55,0.00146614033243555,0.05173665779786574
1871,Andøy,2022,284.4,0.00146614033243555,0.8021015459488433
1871,Andøy,2023,284.4,0.00146614033243555,0.5474811925646681
3124,Aremark,2016,0,0.00119159011674913,0.06604928234197682
3124,Aremark,2017,0,0.00119159011674913,0.009172542986261467
3124,Aremark,2018,0,0.00119159011674913,0.01687328279520739
3124,Aremark,2019,0,0.00119159011674913,-0.006968231802674085
3124,Aremark,2020,0,0.00119159011674913,-0.04298568466589742
3124,Aremark,2021,0,0.00119159011674913,-0.12629336338221475
3124,Aremark,2022,0,0.00119159011674913,-0.18017925836974746
3124,Aremark,2023,350,0.00119159011674913,0.7851092818495079
4203,Arendal,2016,3.6,0.00824281040641625,-1.0183529076122948
4203,Arendal,2017,3.6,0.00824281040641625,-1.0873652090669879
4203,Arendal,2018,3.6,0.00824281040641625,-1.0927071269853879
4203,Arendal,2019,3.6,0.00824281040641625,-1.1281339564063555
4203,Arendal,2020,66.1,0.00824281040641625,-0.8662961947312445
4203,Arendal,2021,73.5,0.00824281040641625,-0.9724194881003486
4203,Arendal,2022,84.5,0.00824281040641625,-1.0186392094611252
4203,Arendal,2023,356.5,0.00824281040641625,-0.3392983898624448
3203,Asker,2016,65.8,0.00849819996787625,-0.037978541518007725
3203,Asker,2017,65.8,0.00849819996787625,-0.31666638812725617
3203,Asker,2018,119.4,0.00849819996787625,-0.04171642634940764
3203,Asker,2019,319.4,0.00849819996787625,0.7932836810915709
3203,Asker,2020,398.8,0.00849819996787625,0.7040978479033806
3203,Asker,2021,431.8,0.00849819996787625,0.4360107916183118
3203,Asker,2022,431.8,0.00849819996787625,0.19384506257379974
3203,Asker,2023,631.8,0.00849819996787625,0.4296664930205665
4645,Askvoll,2016,0,0.00171759250930402,-0.019255876003050176
4645,Askvoll,2017,0,0.00171759250930402,-0.07613261535876553
4645,Askvoll,2018,0,0.00171759250930402,-0.06843187554981961
4645,Askvoll,2019,0,0.00171759250930402,-0.09227339014770108
4645,Askvoll,2020,7.4,0.00171759250930402,-0.09244049663475679
4645,Askvoll,2021,207.4,0.00171759250930402,0.6276383320599688
4645,Askvoll,2022,214.8,0.00171759250930402,0.5100359997990868
4645,Askvoll,2023,214.8,0.00171759250930402,0.30182451471801836
4627,Askøy,2016,0,0.00319134549956046,-0.25826378542460954
4627,Askøy,2017,222,0.00319134549956046,2.5834120148380495
4627,Askøy,2018,222,0.00319134549956046,1.7868155281273261
4627,Askøy,2019,572,0.00319134549956046,3.223950085863762
4627,Askøy,2020,722,0.00319134549956046,3.130532339944953
4627,Askøy,2021,872,0.00319134549956046,3.077911102614206
4627,Askøy,2022,872,0.00319134549956046,2.6438028470484283
4627,Askøy,2023,872,0.00319134549956046,1.997374289427104
1547,Aukra,2016,0,0.00163041322489911,-0.0051174561672678864
1547,Aukra,2017,0,0.00163041322489911,-0.06199419552298324
1547,Aukra,2018,0,0.00163041322489911,-0.05429345571403732
1547,Aukra,2019,0,0.00163041322489911,-0.0781349703119188
1547,Aukra,2020,0,0.00163041322489911,-0.11415242317514213
1547,Aukra,2021,0,0.00163041322489911,-0.19746010189145946
1547,Aukra,2022,0,0.00163041322489911,-0.2513459968789922
1547,Aukra,2023,200,0.00163041322489911,0.2723971193907855
1576,Aure,2016,0,0.00163109573672667,-0.005228143457566281
1576,Aure,2017,0,0.00163109573672667,-0.06210488281328164
1576,Aure,2018,0,0.00163109573672667,-0.054404143004335714
1576,Aure,2019,0,0.00163109573672667,-0.07824565760221719
1576,Aure,2020,0,0.00163109573672667,-0.11426311046544052
1576,Aure,2021,50,0.00163109573672667,0.004752463900983328
1576,Aure,2022,50,0.00163109573672667,-0.07093517194539362
1576,Aure,2023,50,0.00163109573672667,-0.16925899184899063
4641,Aurland,2016,22,0.00177350301066375,0.3330824756226899
4641,Aurland,2017,22,0.00177350301066375,0.20204396788433435
4641,Aurland,2018,22,0.00177350301066375,0.130039577137277
4641,Aurland,2019,29.4,0.00177350301066375,0.0813931685874815
4641,Aurland,2020,36.8,0.00177350301066375,0.040924598464990025
4641,Aurland,2021,36.8,0.00177350301066375,-0.07175596958283104
4641,Aurland,2022,44.2,0.00177350301066375,-0.11497076203333634
4641,Aurland,2023,55.2,0.00177350301066375,-0.17704717848871265
3226,Aurskog-Høland,2016,0,0.00146400150154198,0.021870592960222424
3226,Aurskog-Høland,2017,0,0.00146400150154198,-0.03500614639549293
3226,Aurskog-Høland,2018,0,0.00146400150154198,-0.02730540658654701
3226,Aurskog-Høland,2019,0,0.00146400150154198,-0.051146921184428484
3226,Aurskog-Høland,2020,0,0.00146400150154198,-0.08716437404765182
3226,Aurskog-Høland,2021,0,0.00146400150154198,-0.17047205276396915
3226,Aurskog-Høland,2022,0,0.00146400150154198,-0.22435794775150186
3226,Aurskog-Høland,2023,0,0.00146400150154198,-0.2893420634143611
4625,Austevoll,2016,0,0.00171391292029682,-0.0186591336168051
4625,Austevoll,2017,22,0.00171391292029682,0.2117080723950662
4625,Austevoll,2018,22,0.00171391292029682,0.13970368164800887
4625,Austevoll,2019,22,0.00171391292029682,0.045063020909044904
4625,Austevoll,2020,22,0.00171391292029682,-0.021111989776613382
4625,Austevoll,2021,22,0.00171391292029682,-0.1219795479845906
4625,Austevoll,2022,22,0.00171391292029682,-0.18545820895001475
4625,Austevoll,2023,22,0.00171391292029682,-0.26511179447879857
4632,Austrheim,2016,0,0.00165812010418415,-0.009610857258424033
4632,Austrheim,2017,0,0.00165812010418415,-0.06648759661413939
4632,Austrheim,2018,0,0.00165812010418415,-0.058786856805193466
4632,Austrheim,2019,0,0.00165812010418415,-0.08262837140307494
4632,Austrheim,2020,0,0.00165812010418415,-0.11864582426629827
4632,Austrheim,2021,0,0.00165812010418415,-0.2019535029826156
4632,Austrheim,2022,0,0.00165812010418415,-0.2558393979701483
4632,Austrheim,2023,0,0.00165812010418415,-0.32082351363300754
1554,Averøy,2016,22,0.00185837221046591,0.31931869692089726
1554,Averøy,2017,22,0.00185837221046591,0.18828018918254172
1554,Averøy,2018,22,0.00185837221046591,0.11627579843548438
1554,Averøy,2019,22,0.00185837221046591,0.021635137696520423
1554,Averøy,2020,44,0.00185837221046591,0.06204223785892807
1554,Averøy,2021,44,0.00185837221046591,-0.05638519984070889
1554,Averøy,2022,44,0.00185837221046591,-0.1294566267840246
1554,Averøy,2023,44,0.00185837221046591,-0.223779682178733
5422,Balsfjord,2016,0,0.00288659654341674,-0.20884070612443528
5422,Balsfjord,2017,50,0.00288659654341674,0.3871097030825463
5422,Balsfjord,2018,50,0.00288659654341674,0.21366241890057575
5422,Balsfjord,2019,50,0.00288659654341674,0.02891375398205219
5422,Balsfjord,2020,50,0.00288659654341674,-0.07564360302306872
5422,Balsfjord,2021,50,0.00288659654341674,-0.19886009876588567
5422,Balsfjord,2022,50,0.00288659654341674,-0.2745477346122626
5422,Balsfjord,2023,50,0.00288659654341674,-0.3728715545158596
4012,Bamble,2016,0,0.00241291894867095,-0.13202139352014033
4012,Bamble,2017,0,0.00241291894867095,-0.1888981328758557
4012,Bamble,2018,0,0.00241291894867095,-0.18119739306690977
4012,Bamble,2019,0,0.00241291894867095,-0.20503890766479124
4012,Bamble,2020,0,0.00241291894867095,-0.24105636052801457
4012,Bamble,2021,0,0.00241291894867095,-0.3243640392443319
4012,Bamble,2022,372,0.00241291894867095,0.9648301167139285
4012,Bamble,2023,394,0.00241291894867095,0.7165585970125709
5416,Bardu,2016,0,0.00265263820283026,-0.17089819184625782
5416,Bardu,2017,50,0.00265263820283026,0.42505221736072374
5416,Bardu,2018,50,0.00265263820283026,0.2516049331787532
5416,Bardu,2019,50,0.00265263820283026,0.06685626826022965
5416,Bardu,2020,50,0.00265263820283026,-0.037701088744891254
5416,Bardu,2021,50,0.00265263820283026,-0.1609175844877082
5416,Bardu,2022,50,0.00265263820283026,-0.23660522033408515
5416,Bardu,2023,250,0.00265263820283026,0.25379819169495477
1839,Beiarn,2016,0,0.00155735617563364,0.006730670845122078
1839,Beiarn,2017,0,0.00155735617563364,-0.05014606851059328
1839,Beiarn,2018,0,0.00155735617563364,-0.042445328701647356
1839,Beiarn,2019,0,0.00155735617563364,-0.06628684329952883
1839,Beiarn,2020,0,0.00155735617563364,-0.10230429616275216
1839,Beiarn,2021,7.4,0.00155735617563364,-0.15566813342282382
1839,Beiarn,2022,7.4,0.00155735617563364,-0.21278068605746542
1839,Beiarn,2023,7.4,0.00155735617563364,-0.28269907794795385
4601,Bergen,2016,543,0.03703486519009551,3.173267178507161
4601,Bergen,2017,543,0.03703486519009551,1.285943155889007
4601,Bergen,2018,1255.4,0.03703486519009551,6.046860522055328
4601,Bergen,2019,1826.9,0.03703486519009551,5.535085942897278
4601,Bergen,2020,2407.4,0.03703486519009551,5.807071806465687
4601,Bergen,2021,2757.4,0.03703486519009551,5.218497177136656
4601,Bergen,2022,2979.6,0.03703486519009551,4.764526477588576
4601,Bergen,2023,3517.6,0.03703486519009551,4.296438960710469
5440,Berlevåg,2016,0,0.00130387045204138,0.04784006520397949
5440,Berlevåg,2017,0,0.00130387045204138,-0.009036674151735868
5440,Berlevåg,2018,0,0.00130387045204138,-0.0013359343427899462
5440,Berlevåg,2019,0,0.00130387045204138,-0.02517744894067142
5440,Berlevåg,2020,0,0.00130387045204138,-0.06119490180389475
5440,Berlevåg,2021,0,0.00130387045204138,-0.1445025805202121
5440,Berlevåg,2022,0,0.00130387045204138,-0.1983884755077448
5440,Berlevåg,2023,0,0.00130387045204138,-0.263372591170604
1811,Bindal,2016,0,0.00131338287050022,0.046297375713663436
1811,Bindal,2017,0,0.00131338287050022,-0.01057936364205192
1811,Bindal,2018,0,0.00131338287050022,-0.0028786238331059977
1811,Bindal,2019,0,0.00131338287050022,-0.026720138430987472
1811,Bindal,2020,0,0.00131338287050022,-0.0627375912942108
1811,Bindal,2021,0,0.00131338287050022,-0.14604527001052814
1811,Bindal,2022,22,0.00131338287050022,-0.12050169961954621
1811,Bindal,2023,22,0.00131338287050022,-0.20015528514833003
4216,Birkenes,2016,0,0.00174919422583224,-0.024380927657892515
4216,Birkenes,2017,0,0.00174919422583224,-0.08125766701360787
4216,Birkenes,2018,0,0.00174919422583224,-0.07355692720466195
4216,Birkenes,2019,0,0.00174919422583224,-0.09739844180254342
4216,Birkenes,2020,0,0.00174919422583224,-0.13341589466576675
4216,Birkenes,2021,0,0.00174919422583224,-0.2167235733820841
4216,Birkenes,2022,0,0.00174919422583224,-0.2706094683696168
4216,Birkenes,2023,11,0.00174919422583224,-0.30321358627618106
1114,Bjerkreim,2016,0,0.00146695724311195,0.0213912415233809
1114,Bjerkreim,2017,0,0.00146695724311195,-0.035485497832334456
1114,Bjerkreim,2018,22,0.00146695724311195,0.17975405678819487
1114,Bjerkreim,2019,22,0.00146695724311195,0.0851133960492309
1114,Bjerkreim,2020,29.4,0.00146695724311195,0.05478873173974025
1114,Bjerkreim,2021,36.8,0.00146695724311195,-0.022041489931913183
1114,Bjerkreim,2022,36.8,0.00146695724311195,-0.09197346619155528
1114,Bjerkreim,2023,36.8,0.00146695724311195,-0.1814956041755975
4624,Bjørnafjorden,2016,43,0.00305186207321116,0.47074102531601997
4624,Bjørnafjorden,2017,43,0.00305186207321116,0.26891173866696233
4624,Bjørnafjorden,2018,43,0.00305186207321116,0.12082517784372009
4624,Bjørnafjorden,2019,193,0.00305186207321116,0.8909194367235014
4624,Bjørnafjorden,2020,215,0.00305186207321116,0.6969200647206195
4624,Bjørnafjorden,2021,215,0.00305186207321116,0.442004472790354
4624,Bjørnafjorden,2022,215,0.00305186207321116,0.2943710921097908
4624,Bjørnafjorden,2023,415,0.00305186207321116,0.6747534801443964
1804,Bodø,2016,33,0.01364733244996121,-1.4118692174012526
1804,Bodø,2017,33,0.01364733244996121,-1.5799886093309283
1804,Bodø,2018,84.4,0.01364733244996121,-1.2069594252961968
1804,Bodø,2019,91.8,0.01364733244996121,-1.4564179574461538
1804,Bodø,2020,154.3,0.01364733244996121,-1.31548458667735
1804,Bodø,2021,227.7,0.01364733244996121,-1.224940339211981
1804,Bodø,2022,257.1,0.01364733244996121,-1.2719647128830391
1804,Bodø,2023,536.5,0.01364733244996121,-0.6859296447418778
1145,Bokn,2016,0,0.00118052640966584,0.06784355418937066
1145,Bokn,2017,0,0.00118052640966584,0.010966814833655303
1145,Bokn,2018,0,0.00118052640966584,0.018667554642601225
1145,Bokn,2019,0,0.00118052640966584,-0.0051739599552802495
1145,Bokn,2020,0,0.00118052640966584,-0.04119141281850358
1145,Bokn,2021,0,0.00118052640966584,-0.12449909153482092
1145,Bokn,2022,0,0.00118052640966584,-0.17838498652235363
1145,Bokn,2023,62.5,0.00118052640966584,-0.05939184220626387
4648,Bremanger,2016,0,0.00151418612549784,0.013731832844994352
4648,Bremanger,2017,0,0.00151418612549784,-0.043144906510721004
4648,Bremanger,2018,0,0.00151418612549784,-0.03544416670177508
4648,Bremanger,2019,0,0.00151418612549784,-0.059285681299656556
4648,Bremanger,2020,22,0.00151418612549784,0.01127897668518607
4648,Bremanger,2021,29.4,0.00151418612549784,-0.05964474006654541
4648,Bremanger,2022,29.4,0.00151418612549784,-0.1263500586790785
4648,Bremanger,2023,29.4,0.00151418612549784,-0.21093792043549153
1813,Brønnøy,2016,0,0.00482177609949185,-0.5226811007568983
1813,Brønnøy,2017,7.4,0.00482177609949185,-0.48293942212533453
1813,Brønnøy,2018,86.8,0.00482177609949185,0.24697785995294308
1813,Brønnøy,2019,86.8,0.00482177609949185,-0.05619846760157299
1813,Brønnøy,2020,86.8,0.00482177609949185,-0.2112011940551305
1813,Brønnøy,2021,86.8,0.00482177609949185,-0.3637905791294511
1813,Brønnøy,2022,86.8,0.00482177609949185,-0.4555242962479375
1813,Brønnøy,2023,108.8,0.00482177609949185,-0.5136261429601273
4220,Bygland,2016,22,0.00172432533612496,0.34105793233724074
4220,Bygland,2017,22,0.00172432533612496,0.2100194245988852
4220,Bygland,2018,22,0.00172432533612496,0.13801503385182787
4220,Bygland,2019,22,0.00172432533612496,0.043374373112863907
4220,Bygland,2020,22,0.00172432533612496,-0.02280063757279438
4220,Bygland,2021,22,0.00172432533612496,-0.1236681957807716
4220,Bygland,2022,22,0.00172432533612496,-0.18714685674619574
4220,Bygland,2023,22,0.00172432533612496,-0.26680044227497957
4222,Bykle,2016,22,0.00192833243943701,0.3079728009806782
4222,Bykle,2017,22,0.00192833243943701,0.17693429324232265
4222,Bykle,2018,22,0.00192833243943701,0.10492990249526532
4222,Bykle,2019,22,0.00192833243943701,0.01028924175630136
4222,Bykle,2020,22,0.00192833243943701,-0.05588576892935693
4222,Bykle,2021,22,0.00192833243943701,-0.15675332713733414
4222,Bykle,2022,22,0.00192833243943701,-0.2202319881027583
4222,Bykle,2023,22,0.00192833243943701,-0.2998855736315421
5443,Båtsfjord,2016,0,0.0018408992847535,-0.03925332117367253
5443,Båtsfjord,2017,0,0.0018408992847535,-0.09613006052938788
5443,Båtsfjord,2018,0,0.0018408992847535,-0.08842932072044196
5443,Båtsfjord,2019,0,0.0018408992847535,-0.11227083531832344
5443,Båtsfjord,2020,0,0.0018408992847535,-0.14828828818154677
5443,Båtsfjord,2021,0,0.0018408992847535,-0.2315959668978641
5443,Båtsfjord,2022,0,0.0018408992847535,-0.2854818618853968
5443,Båtsfjord,2023,0,0.0018408992847535,-0.35046597754825604
3201,Bærum,2016,86.6,0.02407115894243029,-2.221851814741024
3201,Bærum,2017,162.2,0.02407115894243029,-1.5835815937397892
3201,Bærum,2018,195,0.02407115894243029,-1.8541035380382882
3201,Bærum,2019,252.4,0.02407115894243029,-2.148716712446367
3201,Bærum,2020,477.4,0.02407115894243029,-1.4406792859263058
3201,Bærum,2021,481,0.02407115894243029,-1.8904690753896836
3201,Bærum,2022,678.6,0.02407115894243029,-1.4406667011304577
3201,Bærum,2023,963.6,0.02407115894243029,-1.119200977244601
1867,Bø,2016,0,0.00146187118466465,0.022216080017159634
1867,Bø,2017,0,0.00146187118466465,-0.03466065933855572
1867,Bø,2018,50,0.00146187118466465,0.44471920504217066
1867,Bø,2019,50,0.00146187118466465,0.2599705401236471
1867,Bø,2020,50,0.00146187118466465,0.1554131831185262
1867,Bø,2021,50,0.00146187118466465,0.03219668737570924
1867,Bø,2022,50,0.00146187118466465,-0.0434909484706677
1867,Bø,2023,50,0.00146187118466465,-0.1418147683742647
4613,Bømlo,2016,0,0.00180442867300048,-0.03333864976805395
4613,Bømlo,2017,0,0.00180442867300048,-0.09021538912376931
4613,Bømlo,2018,0,0.00180442867300048,-0.08251464931482339
4613,Bømlo,2019,7.2,0.00180442867300048,-0.06160499962054089
4613,Bømlo,2020,218.2,0.00180442867300048,0.9147271371807986
4613,Bømlo,2021,218.2,0.00180442867300048,0.6572573809608371
4613,Bømlo,2022,218.2,0.00180442867300048,0.5082286888653079
4613,Bømlo,2023,218.2,0.00180442867300048,0.29775010389586937
5441,Deatnu-Tana,2016,0,0.00335929899171814,-0.28550187301869984
5441,Deatnu-Tana,2017,0,0.00335929899171814,-0.3423786123744152
5441,Deatnu-Tana,2018,0,0.00335929899171814,-0.33467787256546927
5441,Deatnu-Tana,2019,0,0.00335929899171814,-0.35851938716335074
5441,Deatnu-Tana,2020,0,0.00335929899171814,-0.3945368400265741
5441,Deatnu-Tana,2021,0,0.00335929899171814,-0.4778445187428914
5441,Deatnu-Tana,2022,0,0.00335929899171814,-0.5317304137304242
5441,Deatnu-Tana,2023,0,0.00335929899171814,-0.5967145293932834
3431,Dovre,2016,425,0.0027275940737239,6.798647025500124
3431,Dovre,2017,425,0.0027275940737239,5.3090997605706765
3431,Dovre,2018,432.4,0.0027275940737239,3.8468508068934555
3431,Dovre,2019,432.4,0.0027275940737239,2.4314842563226615
3431,Dovre,2020,432.4,0.0027275940737239,1.802733712440308
3431,Dovre,2021,462,0.0027275940737239,1.4940699499038055
3431,Dovre,2022,462,0.0027275940737239,1.2387359693805513
3431,Dovre,2023,662,0.0027275940737239,1.454420218465913
3301,Drammen,2016,83,0.01067145403907281,-0.10787543864783533
3301,Drammen,2017,83,0.01067145403907281,-0.4445443041744207
3301,Drammen,2018,93.8,0.01067145403907281,-0.6356665932828917
3301,Drammen,2019,143.8,0.01067145403907281,-0.6505979476311592
3301,Drammen,2020,648.8,0.01067145403907281,1.562807743296852
3301,Drammen,2021,817.2,0.01067145403907281,1.643067971227349
3301,Drammen,2022,817.2,0.01067145403907281,1.232854423642865
3301,Drammen,2023,817.2,0.01067145403907281,0.6229661818693888
4016,Drangedal,2016,0,0.00138364804254295,0.03490202521319946
4016,Drangedal,2017,0,0.00138364804254295,-0.021974714142515894
4016,Drangedal,2018,0,0.00138364804254295,-0.014273974333569972
4016,Drangedal,2019,0,0.00138364804254295,-0.03811548893145145
4016,Drangedal,2020,0,0.00138364804254295,-0.07413294179467478
4016,Drangedal,2021,0,0.00138364804254295,-0.1574406205109921
4016,Drangedal,2022,0,0.00138364804254295,-0.21132651549852483
4016,Drangedal,2023,0,0.00138364804254295,-0.27631063116138405
5420,Dyrøy,2016,0,0.00137492245858957,0.03631710874006422
5420,Dyrøy,2017,0,0.00137492245858957,-0.020559630615651137
5420,Dyrøy,2018,0,0.00137492245858957,-0.012858890806705214
5420,Dyrøy,2019,0,0.00137492245858957,-0.03670040540458669
5420,Dyrøy,2020,0,0.00137492245858957,-0.07271785826781002
5420,Dyrøy,2021,0,0.00137492245858957,-0.15602553698412736
5420,Dyrøy,2022,0,0.00137492245858957,-0.20991143197166007
5420,Dyrøy,2023,62.5,0.00137492245858957,-0.0909182876555703
1827,Dønna,2016,0,0.00166356429285293,-0.010493776011311684
1827,Dønna,2017,0,0.00166356429285293,-0.06737051536702704
1827,Dønna,2018,0,0.00166356429285293,-0.05966977555808112
1827,Dønna,2019,0,0.00166356429285293,-0.08351129015596259
1827,Dønna,2020,0,0.00166356429285293,-0.11952874301918592
1827,Dønna,2021,0,0.00166356429285293,-0.20283642173550326
1827,Dønna,2022,0,0.00166356429285293,-0.25672231672303597
1827,Dønna,2023,0,0.00166356429285293,-0.3217064323858952
4619,Eidfjord,2016,0,0.00128717239602703,0.050548095305210705
4619,Eidfjord,2017,0,0.00128717239602703,-0.00632864405050465
4619,Eidfjord,2018,0,0.00128717239602703,0.0013720957584412719
4619,Eidfjord,2019,0,0.00128717239602703,-0.022469418839440203
4619,Eidfjord,2020,412.5,0.00128717239602703,1.939927706698573
4619,Eidfjord,2021,412.5,0.00128717239602703,1.5273722875136342
4619,Eidfjord,2022,412.5,0.00128717239602703,1.293622030440636
4619,Eidfjord,2023,412.5,0.00128717239602703,0.9535853547916908
3416,Eidskog,2016,7.4,0.00154248808768901,0.1307056634482238
3416,Eidskog,2017,7.4,0.00154248808768901,0.04888360200016578
3416,Eidskog,2018,7.4,0.00154248808768901,0.029774434258456106
3416,Eidskog,2019,7.4,0.00154248808768901,-0.017881338586880402
3416,Eidskog,2020,7.4,0.00154248808768901,-0.06404269726310458
3416,Eidskog,2021,51.8,0.00154248808768901,0.026406167838130323
3416,Eidskog,2022,51.8,0.00154248808768901,-0.05006633067916505
3416,Eidskog,2023,143.7,0.00154248808768901,0.1209297831376181
3240,Eidsvoll,2016,0,0.00131541460187217,0.04596787689606896
3240,Eidsvoll,2017,0,0.00131541460187217,-0.010908862459646396
3240,Eidsvoll,2018,0,0.00131541460187217,-0.0032081226507004734
3240,Eidsvoll,2019,200,0.00131541460187217,1.2160382597559716
3240,Eidsvoll,2020,200,0.00131541460187217,0.9058611903251579
3240,Eidsvoll,2021,200,0.00131541460187217,0.6629182435028422
3240,Eidsvoll,2022,200,0.00131541460187217,0.5218253850799324
3240,Eidsvoll,2023,200,0.00131541460187217,0.3234824524541223
1101,Eigersund,2016,0,0.00344710627998972,-0.29974214024157736
1101,Eigersund,2017,0,0.00344710627998972,-0.3566188795972927
1101,Eigersund,2018,29.4,0.00344710627998972,-0.07157081454013989
1101,Eigersund,2019,29.4,0.00344710627998972,-0.1900257335265589
1101,Eigersund,2020,79.4,0.00344710627998972,-0.024112579915977185
1101,Eigersund,2021,99.4,0.00344710627998972,-0.08986615883727939
1101,Eigersund,2022,99.4,0.00344710627998972,-0.18709391465219455
1101,Eigersund,2023,99.4,0.00344710627998972,-0.3183573623456403
3420,Elverum,2016,11,0.00507506139414589,-0.38305513340310954
3420,Elverum,2017,11,0.00507506139414589,-0.477012756950145
3420,Elverum,2018,11,0.00507506139414589,-0.5091645824192007
3420,Elverum,2019,161,0.00507506139414589,0.3639102526657917
3420,Elverum,2020,168.4,0.00507506139414589,0.14304465484182585
3420,Elverum,2021,168.4,0.00507506139414589,-0.0746759196197421
3420,Elverum,2022,518.4,0.00507506139414589,1.0616605077474157
3420,Elverum,2023,518.4,0.00507506139414589,0.6510103385165885
3220,Enebakk,2016,3.6,0.00181093150468873,0.024745861393111968
3220,Enebakk,2017,3.6,0.00181093150468873,-0.04426644006158087
3220,Enebakk,2018,3.6,0.00181093150468873,-0.04960835797998092
3220,Enebakk,2019,3.6,0.00181093150468873,-0.08503518740094862
3220,Enebakk,2020,25.6,0.00181093150468873,-0.019405402514322656
3220,Enebakk,2021,25.6,0.00181093150468873,-0.12314639554820783
3220,Enebakk,2022,25.6,0.00181093150468873,-0.18819478185546878
3220,Enebakk,2023,25.6,0.00181093150468873,-0.2702488260895858
3425,Engerdal,2016,0,0.00139594157790687,0.03290830428020969
3425,Engerdal,2017,0,0.00139594157790687,-0.023968435075505667
3425,Engerdal,2018,0,0.00139594157790687,-0.016267695266559745
3425,Engerdal,2019,0,0.00139594157790687,-0.04010920986444122
3425,Engerdal,2020,0,0.00139594157790687,-0.07612666272766455
3425,Engerdal,2021,0,0.00139594157790687,-0.1594343414439819
3425,Engerdal,2022,7.4,0.00139594157790687,-0.1866030526223778
3425,Engerdal,2023,29.6,0.00139594157790687,-0.1911727217683436
4611,Etne,2016,18.4,0.00166220457579478,0.2919933349193895
4611,Etne,2017,18.4,0.00166220457579478,0.17309038928001141
4611,Etne,2018,18.4,0.00166220457579478,0.11412865626030011
4611,Etne,2019,168.4,0.00166220457579478,0.9633892330978375
4611,Etne,2020,218.4,0.00166220457579478,0.9387614531939439
4611,Etne,2021,225.8,0.00166220457579478,0.7110759031621221
4611,Etne,2022,225.8,0.00166220457579478,0.5587333464560486
4611,Etne,2023,275.8,0.00166220457579478,0.49036893442517715
3450,Etnedal,2016,0,0.00144290309729917,0.025292255561448096
3450,Etnedal,2017,0,0.00144290309729917,-0.03158448379426726
3450,Etnedal,2018,0,0.00144290309729917,-0.023883743985321337
3450,Etnedal,2019,0,0.00144290309729917,-0.04772525858320281
3450,Etnedal,2020,0,0.00144290309729917,-0.08374271144642614
3450,Etnedal,2021,0,0.00144290309729917,-0.16705039016274348
3450,Etnedal,2022,0,0.00144290309729917,-0.2209362851502762
3450,Etnedal,2023,62.5,0.00144290309729917,-0.10194314083418643
1853,Evenes,2016,0,0.00186981956644881,-0.04394350746240455
1853,Evenes,2017,0,0.00186981956644881,-0.10082024681811991
1853,Evenes,2018,0,0.00186981956644881,-0.09311950700917399
1853,Evenes,2019,0,0.00186981956644881,-0.11696102160705546
1853,Evenes,2020,0,0.00186981956644881,-0.1529784744702788
1853,Evenes,2021,11,0.00186981956644881,-0.1917750375083931
1853,Evenes,2022,11,0.00186981956644881,-0.25045731548487155
1853,Evenes,2023,18.4,0.00186981956644881,-0.3009932584991855
4219,Evje og Hornnes,2016,0,0.0032627323333567,-0.2698410429560055
4219,Evje og Hornnes,2017,0,0.0032627323333567,-0.32671778231172083
4219,Evje og Hornnes,2018,0,0.0032627323333567,-0.3190170425027749
4219,Evje og Hornnes,2019,0,0.0032627323333567,-0.3428585571006564
4219,Evje og Hornnes,2020,0,0.0032627323333567,-0.3788760099638797
4219,Evje og Hornnes,2021,0,0.0032627323333567,-0.46218368868019705
4219,Evje og Hornnes,2022,0,0.0032627323333567,-0.5160695836677298
4219,Evje og Hornnes,2023,247,0.0032627323333567,0.14602443210621757
4206,Farsund,2016,0,0.00199885563970703,-0.06487010935112941
4206,Farsund,2017,0,0.00199885563970703,-0.12174684870684477
4206,Farsund,2018,72,0.00199885563970703,0.5651718304854649
4206,Farsund,2019,75.6,0.00199885563970703,0.33199960157194086
4206,Farsund,2020,75.6,0.00199885563970703,0.1923498136461684
4206,Farsund,2021,75.6,0.00199885563970703,0.04870000358578369
4206,Farsund,2022,75.6,0.00199885563970703,-0.03815012358032155
4206,Farsund,2023,83,0.00199885563970703,-0.13176096447366864
1841,Fauske - Fuossko,2016,7.4,0.00472761470224909,-0.3858466071303819
1841,Fauske - Fuossko,2017,57.4,0.00472761470224909,0.18515847998425705
1841,Fauske - Fuossko,2018,79.4,0.00472761470224909,0.1924401030632143
1841,Fauske - Fuossko,2019,79.4,0.00472761470224909,-0.0869219662438468
1841,Fauske - Fuossko,2020,79.4,0.00472761470224909,-0.23178078688440348
1841,Fauske - Fuossko,2021,123.4,0.00472761470224909,-0.2004192043259899
1841,Fauske - Fuossko,2022,123.4,0.00472761470224909,-0.3081117957531503
1841,Fauske - Fuossko,2023,198.4,0.00472761470224909,-0.23460558950741137
4633,Fedje,2016,0,0.00120631570886151,0.06366113927523254
4633,Fedje,2017,0,0.00120631570886151,0.006784399919517181
4633,Fedje,2018,0,0.00120631570886151,0.014485139728463103
4633,Fedje,2019,0,0.00120631570886151,-0.009356374869418371
4633,Fedje,2020,0,0.00120631570886151,-0.0453738277326417
4633,Fedje,2021,0,0.00120631570886151,-0.12868150644895904
4633,Fedje,2022,0,0.00120631570886151,-0.18256740143649175
4633,Fedje,2023,0,0.00120631570886151,-0.24755151709935097
4615,Fitjar,2016,0,0.00152584629317937,0.011840829183259682
4615,Fitjar,2017,0,0.00152584629317937,-0.04503591017245567
4615,Fitjar,2018,0,0.00152584629317937,-0.03733517036350975
4615,Fitjar,2019,75,0.00152584629317937,0.40498127641531634
4615,Fitjar,2020,75,0.00152584629317937,0.2661539673392466
4615,Fitjar,2021,125,0.00152584629317937,0.32530631616592115
4615,Fitjar,2022,125,0.00152584629317937,0.2169160690312777
4615,Fitjar,2023,125,0.00152584629317937,0.0685826927665742
4646,Fjaler,2016,0,0.00306512256086604,-0.2377934074862078
4646,Fjaler,2017,0,0.00306512256086604,-0.29467014684192316
4646,Fjaler,2018,0,0.00306512256086604,-0.28696940703297724
4646,Fjaler,2019,0,0.00306512256086604,-0.3108109216308587
4646,Fjaler,2020,62.5,0.00306512256086604,-0.04403828685753107
4646,Fjaler,2021,62.5,0.00306512256086604,-0.1772319868569729
4646,Fjaler,2022,84.5,0.00306512256086604,-0.1789405925395463
4646,Fjaler,2023,84.5,0.00306512256086604,-0.30026880836925224
1578,Fjord,2016,62.5,0.00184689769312206,0.9864946564341617
1578,Fjord,2017,62.5,0.00184689769312206,0.7189310750823092
1578,Fjord,2018,62.5,0.00184689769312206,0.5001967849026097
1578,Fjord,2019,62.5,0.00184689769312206,0.27522133240392554
1578,Fjord,2020,62.5,0.00184689769312206,0.15352899936333023
1578,Fjord,2021,62.5,0.00184689769312206,0.020335299363888393
1578,Fjord,2022,84.5,0.00184689769312206,0.018626693681314976
1578,Fjord,2023,84.5,0.00184689769312206,-0.10270152214839096
1859,Flakstad,2016,0,0.00201643015481549,-0.06772028040621225
1859,Flakstad,2017,0,0.00201643015481549,-0.12459701976192761
1859,Flakstad,2018,0,0.00201643015481549,-0.11689627995298169
1859,Flakstad,2019,0,0.00201643015481549,-0.14073779455086316
1859,Flakstad,2020,0,0.00201643015481549,-0.1767552474140865
1859,Flakstad,2021,0,0.00201643015481549,-0.2600629261304038
1859,Flakstad,2022,0,0.00201643015481549,-0.31394882111793654
1859,Flakstad,2023,0,0.00201643015481549,-0.37893293678079576
5049,Flatanger,2016,0,0.00176100085724276,-0.026295684275450426
5049,Flatanger,2017,0,0.00176100085724276,-0.08317242363116578
5049,Flatanger,2018,0,0.00176100085724276,-0.07547168382221986
5049,Flatanger,2019,0,0.00176100085724276,-0.09931319842010133
5049,Flatanger,2020,0,0.00176100085724276,-0.13533065128332467
5049,Flatanger,2021,0,0.00176100085724276,-0.218638329999642
5049,Flatanger,2022,138,0.00176100085724276,0.2257151487507808
5049,Flatanger,2023,138,0.00176100085724276,0.0687134493834855
4207,Flekkefjord,2016,0,0.00300848237184628,-0.22860770726618715
4207,Flekkefjord,2017,0,0.00300848237184628,-0.28548444662190253
4207,Flekkefjord,2018,0,0.00300848237184628,-0.2777837068129566
4207,Flekkefjord,2019,0,0.00300848237184628,-0.30162522141083803
4207,Flekkefjord,2020,0,0.00300848237184628,-0.33764267427406136
4207,Flekkefjord,2021,0,0.00300848237184628,-0.42095035299037875
4207,Flekkefjord,2022,0,0.00300848237184628,-0.47483624797791146
4207,Flekkefjord,2023,7.4,0.00300848237184628,-0.5180374560592631
3334,Flesberg,2016,0,0.00179672807373654,-0.03208979453686128
3334,Flesberg,2017,0,0.00179672807373654,-0.08896653389257664
3334,Flesberg,2018,0,0.00179672807373654,-0.08126579408363072
3334,Flesberg,2019,0,0.00179672807373654,-0.10510730868151219
3334,Flesberg,2020,0,0.00179672807373654,-0.14112476154473552
3334,Flesberg,2021,62.5,0.00179672807373654,0.028471626092373636
3334,Flesberg,2022,62.5,0.00179672807373654,-0.05266644496871442
3334,Flesberg,2023,62.5,0.00179672807373654,-0.1593251909324958
3320,Flå,2016,0,0.00161786064006698,-0.0030817235320166336
3320,Flå,2017,0,0.00161786064006698,-0.05995846288773199
3320,Flå,2018,0,0.00161786064006698,-0.05225772307878607
3320,Flå,2019,0,0.00161786064006698,-0.07609923767666754
3320,Flå,2020,0,0.00161786064006698,-0.11211669053989087
3320,Flå,2021,22,0.00161786064006698,-0.10640213789980213
3320,Flå,2022,172,0.00161786064006698,0.3716837378064645
3320,Flå,2023,172,0.00161786064006698,0.19201103955546758
3429,Folldal,2016,7.4,0.00130598811866238,0.16906036979930825
3429,Folldal,2017,7.4,0.00130598811866238,0.08723830835125024
3429,Folldal,2018,7.4,0.00130598811866238,0.06812914060954056
3429,Folldal,2019,7.4,0.00130598811866238,0.020473367764204053
3429,Folldal,2020,7.4,0.00130598811866238,-0.02568799091202012
3429,Folldal,2021,7.4,0.00130598811866238,-0.1149021745482594
3429,Folldal,2022,7.4,0.00130598811866238,-0.172014727182901
3429,Folldal,2023,7.4,0.00130598811866238,-0.24193311907338944
3107,Fredrikstad,2016,44,0.00617281565155257,-0.018976362789053958
3107,Fredrikstad,2017,55,0.00617281565155257,-0.080554666226256455
3107,Fredrikstad,2018,119.8,0.00617281565155257,0.3391793926377087
3107,Fredrikstad,2019,149.2,0.00617281565155257,0.11253826673123823
3107,Fredrikstad,2020,461.7,0.00617281565155257,1.3859481780913478
3107,Fredrikstad,2021,461.7,0.00617281565155257,0.9341224829523332
3107,Fredrikstad,2022,461.7,0.00617281565155257,0.6789193128742322
3107,Fredrikstad,2023,661.7,0.00617281565155257,0.8948036001850382
3214,Frogn,2016,0,0.00175355909925321,-0.025088806982401457
3214,Frogn,2017,0,0.00175355909925321,-0.08196554633811681
3214,Frogn,2018,22,0.00175355909925321,0.1332740082824125
3214,Frogn,2019,22,0.00175355909925321,0.03863334754344855
3214,Frogn,2020,22,0.00175355909925321,-0.027541663142209738
3214,Frogn,2021,22,0.00175355909925321,-0.12840922135018695
3214,Frogn,2022,22,0.00175355909925321,-0.1918878823156111
3214,Frogn,2023,22,0.00175355909925321,-0.2715414678443949
4214,Froland,2016,0,0.00185042914114098,-0.040798838683946015
4214,Froland,2017,0,0.00185042914114098,-0.09767557803966137
4214,Froland,2018,22,0.00185042914114098,0.11756397658086795
4214,Froland,2019,44,0.00185042914114098,0.15966298451240485
4214,Froland,2020,44,0.00185042914114098,0.06333041600431163
4214,Froland,2021,44,0.00185042914114098,-0.05509702169532532
4214,Froland,2022,44,0.00185042914114098,-0.12816844863864102
4214,Froland,2023,44,0.00185042914114098,-0.22249150403334944
5036,Frosta,2016,0,0.00127629889443393,0.05231152031675662
5036,Frosta,2017,0,0.00127629889443393,-0.004565219038958734
5036,Frosta,2018,0,0.00127629889443393,0.003135520769987188
5036,Frosta,2019,0,0.00127629889443393,-0.020705993827894287
5036,Frosta,2020,0,0.00127629889443393,-0.05672344669111762
5036,Frosta,2021,0,0.00127629889443393,-0.14003112540743495
5036,Frosta,2022,0,0.00127629889443393,-0.19391702039496767
5036,Frosta,2023,62.5,0.00127629889443393,-0.0749238760788779
5014,Frøya,2016,7.4,0.00187758459953254,0.07636092774306144
5014,Frøya,2017,7.4,0.00187758459953254,-0.005461133704996568
5014,Frøya,2018,14.8,0.00187758459953254,0.04523820898991729
5014,Frøya,2019,14.8,0.00187758459953254,-0.02623182210287428
5014,Frøya,2020,14.8,0.00187758459953254,-0.0825370865920993
5014,Frøya,2021,214.8,0.00187758459953254,0.6316352371827044
5014,Frøya,2022,214.8,0.00187758459953254,0.4840890634655766
5014,Frøya,2023,214.8,0.00187758459953254,0.2758775783845082
4032,Fyresdal,2016,0,0.00133284852098857,0.043140507188537236
4032,Fyresdal,2017,7.4,0.00133284852098857,0.08288218582010098
4032,Fyresdal,2018,7.4,0.00133284852098857,0.06377301807839131
4032,Fyresdal,2019,7.4,0.00133284852098857,0.0161172452330548
4032,Fyresdal,2020,7.4,0.00133284852098857,-0.030044113443169373
4032,Fyresdal,2021,57.4,0.00133284852098857,0.08306495600333258
4032,Fyresdal,2022,57.4,0.00133284852098857,0.0041506625098466365
4032,Fyresdal,2023,107.4,0.00133284852098857,0.04807437436177975
3911,Færder,2016,11,0.00680586147866777,-0.6637500073495579
3911,Færder,2017,22,0.00680586147866777,-0.6140856582128
3911,Færder,2018,22,0.00680586147866777,-0.6860900489598574
3911,Færder,2019,29.4,0.00680586147866777,-0.7347364575096529
3911,Færder,2020,29.4,0.00680586147866777,-0.811055374008312
3911,Færder,2021,429.4,0.00680586147866777,0.7007565875257187
3911,Færder,2022,429.4,0.00680586147866777,0.4596373420424309
3911,Færder,2023,429.4,0.00680586147866777,0.1083318463601165
5439,Gamvik,2016,0,0.00146598127316447,0.02154952078615263
5439,Gamvik,2017,0,0.00146598127316447,-0.035327218569562724
5439,Gamvik,2018,0,0.00146598127316447,-0.0276264787606168
5439,Gamvik,2019,0,0.00146598127316447,-0.051467993358498276
5439,Gamvik,2020,0,0.00146598127316447,-0.08748544622172161
5439,Gamvik,2021,0,0.00146598127316447,-0.17079312493803894
5439,Gamvik,2022,0,0.00146598127316447,-0.22467901992557165
5439,Gamvik,2023,0,0.00146598127316447,-0.2896631355884309
3441,Gausdal,2016,0,0.0019514837736561,-0.05718751210105649
3441,Gausdal,2017,0,0.0019514837736561,-0.11406425145677185
3441,Gausdal,2018,0,0.0019514837736561,-0.10636351164782593
3441,Gausdal,2019,0,0.0019514837736561,-0.1302050262457074
3441,Gausdal,2020,0,0.0019514837736561,-0.16622247910893073
3441,Gausdal,2021,0,0.0019514837736561,-0.24953015782524807
3441,Gausdal,2022,0,0.0019514837736561,-0.3034160528127808
3441,Gausdal,2023,200,0.0019514837736561,0.22032706345699687
1838,Gildeskål,2016,0,0.001976796264622,-0.06129259998756803
1838,Gildeskål,2017,0,0.001976796264622,-0.11816933934328339
1838,Gildeskål,2018,7.4,0.001976796264622,-0.04066008909771396
1838,Gildeskål,2019,7.4,0.001976796264622,-0.08831586194305047
1838,Gildeskål,2020,22,0.001976796264622,-0.06374545614737631
1838,Gildeskål,2021,29.4,0.001976796264622,-0.1346691728991078
1838,Gildeskål,2022,36.8,0.001976796264622,-0.1746573077025042
1838,Gildeskål,2023,36.8,0.001976796264622,-0.26417944568654644
1532,Giske,2016,0,0.00184393034257862,-0.039744887127334594
1532,Giske,2017,0,0.00184393034257862,-0.09662162648304995
1532,Giske,2018,0,0.00184393034257862,-0.08892088667410403
1532,Giske,2019,50,0.00184393034257862,0.1980095729791529
1532,Giske,2020,72,0.00184393034257862,0.20003432682209793
1532,Giske,2021,72,0.00184393034257862,0.05925795158762115
1532,Giske,2022,72,0.00184393034257862,-0.026022450236647288
1532,Giske,2023,94,0.00184393034257862,-0.0742557444935788
1557,Gjemnes,2016,0,0.00148921326218236,0.017781841152196887
1557,Gjemnes,2017,0,0.00148921326218236,-0.03909489820351847
1557,Gjemnes,2018,0,0.00148921326218236,-0.03139415839457255
1557,Gjemnes,2019,0,0.00148921326218236,-0.05523567299245402
1557,Gjemnes,2020,0,0.00148921326218236,-0.09125312585567735
1557,Gjemnes,2021,0,0.00148921326218236,-0.1745608045719947
1557,Gjemnes,2022,0,0.00148921326218236,-0.2284466995595274
1557,Gjemnes,2023,0,0.00148921326218236,-0.2934308152223866
3230,Gjerdrum,2016,0,0.01177675453902643,-1.6506142536632968
3230,Gjerdrum,2017,0,0.01177675453902643,-1.7074909930190123
3230,Gjerdrum,2018,0,0.01177675453902643,-1.6997902532100664
3230,Gjerdrum,2019,0,0.01177675453902643,-1.7236317678079478
3230,Gjerdrum,2020,0,0.01177675453902643,-1.7596492206711711
3230,Gjerdrum,2021,0,0.01177675453902643,-1.8429568993874885
3230,Gjerdrum,2022,0,0.01177675453902643,-1.8968427943750212
3230,Gjerdrum,2023,0,0.01177675453902643,-1.9618269100378805
4211,Gjerstad,2016,150,0.00183007652440479,2.4266317412858966
4211,Gjerstad,2017,150,0.00183007652440479,1.8641065811394524
4211,Gjerstad,2018,150,0.00183007652440479,1.328363248975649
4211,Gjerstad,2019,150,0.00183007652440479,0.8218002834158413
4211,Gjerstad,2020,150,0.00183007652440479,0.5801631181269252
4211,Gjerstad,2021,150,0.00183007652440479,0.37712898833110914
4211,Gjerstad,2022,150,0.00183007652440479,0.25783787076704356
4211,Gjerstad,2023,150,0.00183007652440479,0.0928346423819712
1122,Gjesdal,2016,36.6,0.00204615104555969,0.5287073808569922
1122,Gjesdal,2017,55,0.00204615104555969,0.5886928174994115
1122,Gjesdal,2018,55,0.00204615104555969,0.3971307309183493
1122,Gjesdal,2019,55,0.00204615104555969,0.1962913509677615
1122,Gjesdal,2020,55,0.00204615104555969,0.08488000354845085
1122,Gjesdal,2021,105,0.00204615104555969,0.1599958791857252
1122,Gjesdal,2022,105,0.00204615104555969,0.06032632839461949
1122,Gjesdal,2023,105,0.00204615104555969,-0.07467116617378897
3407,Gjøvik,2016,11,0.00753065611508353,-0.7812945700781784
3407,Gjøvik,2017,11,0.00753065611508353,-0.8752521936252139
3407,Gjøvik,2018,11,0.00753065611508353,-0.9074040190942696
3407,Gjøvik,2019,18.4,0.00753065611508353,-0.9206508545735238
3407,Gjøvik,2020,18.4,0.00753065611508353,-0.9818909921609654
3407,Gjøvik,2021,175.8,0.00753065611508353,-0.44297151483856523
3407,Gjøvik,2022,175.8,0.00753065611508353,-0.5735123306857945
3407,Gjøvik,2023,620,0.00753065611508353,0.5518443356632992
4650,Gloppen,2016,0,0.00203150295300754,-0.07016473209440738
4650,Gloppen,2017,50,0.00203150295300754,0.5257856771125742
4650,Gloppen,2018,50,0.00203150295300754,0.35233839293060365
4650,Gloppen,2019,50,0.00203150295300754,0.1675897280120801
4650,Gloppen,2020,57.4,0.00203150295300754,0.09888271738312682
4650,Gloppen,2021,57.4,0.00203150295300754,-0.030240283279612035
4650,Gloppen,2022,214.8,0.00203150295300754,0.45912714370772956
4650,Gloppen,2023,214.8,0.00203150295300754,0.25091565862666115
3324,Gol,2016,50,0.00460874162800338,0.33324467855578477
3324,Gol,2017,50,0.00460874162800338,0.10781846560315977
3324,Gol,2018,50,0.00460874162800338,-0.06562881857881077
3324,Gol,2019,50,0.00460874162800338,-0.2503774834973343
3324,Gol,2020,550,0.00460874162800338,2.0673858605899524
3324,Gol,2021,550,0.00460874162800338,1.54508119458214
3324,Gol,2022,550,0.00460874162800338,1.25137615014732
3324,Gol,2023,561,0.00460874162800338,0.8520352855926412
3446,Gran,2016,0,0.00240377427873935,-0.13053834415084167
3446,Gran,2017,0,0.00240377427873935,-0.18741508350655703
3446,Gran,2018,0,0.00240377427873935,-0.1797143436976111
3446,Gran,2019,0,0.00240377427873935,-0.20355585829549258
3446,Gran,2020,22,0.00240377427873935,-0.13299120031064995
3446,Gran,2021,172,0.00240377427873935,0.3731110007295966
3446,Gran,2022,172,0.00240377427873935,0.24422711718763945
3446,Gran,2023,247,0.00240377427873935,0.2853271309113814
1825,Grane,2016,0,0.00179929681102689,-0.032506383024673624
1825,Grane,2017,72,0.00179929681102689,0.8506879715498945
1825,Grane,2018,72,0.00179929681102689,0.5975355568119207
1825,Grane,2019,72,0.00179929681102689,0.3419877457523147
1825,Grane,2020,72,0.00179929681102689,0.2072728309247589
1825,Grane,2021,72,0.00179929681102689,0.06649645569028212
1825,Grane,2022,72,0.00179929681102689,-0.018783946133986318
1825,Grane,2023,72,0.00179929681102689,-0.13177723590350787
5414,Gratangen,2016,0,0.00146071509703532,0.022403570111647064
5414,Gratangen,2017,0,0.00146071509703532,-0.03447316924406829
5414,Gratangen,2018,0,0.00146071509703532,-0.02677242943512237
5414,Gratangen,2019,0,0.00146071509703532,-0.050613944033003844
5414,Gratangen,2020,0,0.00146071509703532,-0.08663139689622718
5414,Gratangen,2021,0,0.00146071509703532,-0.1699390756125445
5414,Gratangen,2022,0,0.00146071509703532,-0.22382497060007722
5414,Gratangen,2023,0,0.00146071509703532,-0.28880908626293644
4202,Grimstad,2016,66,0.00406809823781082,0.6837647798338464
4202,Grimstad,2017,77,0.00406809823781082,0.5480247080140036
4202,Grimstad,2018,77,0.00406809823781082,0.27675749087693824
4202,Grimstad,2019,77,0.00406809823781082,0.005118964785267965
4202,Grimstad,2020,80.6,0.00406809823781082,-0.11900923140861233
4202,Grimstad,2021,180.6,0.00406809823781082,0.13799658299383544
4202,Grimstad,2022,180.6,0.00406809823781082,0.005362800024157149
4202,Grimstad,2023,191.6,0.00406809823781082,-0.14766432959995163
5045,Grong,2016,0,0.00320950141048475,-0.2612082451423154
5045,Grong,2017,0,0.00320950141048475,-0.31808498449803074
5045,Grong,2018,0,0.00320950141048475,-0.3103842446890848
5045,Grong,2019,0,0.00320950141048475,-0.3342257592869663
5045,Grong,2020,0,0.00320950141048475,-0.3702432121501896
5045,Grong,2021,7.4,0.00320950141048475,-0.4236070494102613
5045,Grong,2022,7.4,0.00320950141048475,-0.4807196020449029
5045,Grong,2023,57.4,0.00320950141048475,-0.4034561859522321
3417,Grue,2016,3.6,0.00194432196322127,0.003113081109424043
3417,Grue,2017,3.6,0.00194432196322127,-0.0658992203452688
3417,Grue,2018,3.6,0.00194432196322127,-0.07124113826366885
3417,Grue,2019,3.6,0.00194432196322127,-0.10666796768463654
3417,Grue,2020,11,0.00194432196322127,-0.11176994726990891
3417,Grue,2021,33,0.00194432196322127,-0.11483533437565002
3417,Grue,2022,33,0.00194432196322127,-0.18311037833001992
3417,Grue,2023,95.5,0.00194432196322127,-0.08612143881281703
4635,Gulen,2016,46.6,0.0022330064378403,0.6626791761572353
4635,Gulen,2017,46.6,0.0022330064378403,0.44871432740920014
4635,Gulen,2018,46.6,0.0022330064378403,0.2875851088586119
4635,Gulen,2019,46.6,0.0022330064378403,0.11377813016189202
4635,Gulen,2020,46.6,0.0022330064378403,0.01388148663842012
4635,Gulen,2021,46.6,0.0022330064378403,-0.10662120954659485
4635,Gulen,2022,46.6,0.0022330064378403,-0.18082632701457044
4635,Gulen,2023,46.6,0.0022330064378403,-0.27688304702979727
5430,Guovdageaidnu-Kautokeino,2016,0,0.00166246935174469,-0.010316202437618938
5430,Guovdageaidnu-Kautokeino,2017,0,0.00166246935174469,-0.0671929417933343
5430,Guovdageaidnu-Kautokeino,2018,0,0.00166246935174469,-0.05949220198438837
5430,Guovdageaidnu-Kautokeino,2019,0,0.00166246935174469,-0.08333371658226985
5430,Guovdageaidnu-Kautokeino,2020,0,0.00166246935174469,-0.11935116944549318
5430,Guovdageaidnu-Kautokeino,2021,0,0.00166246935174469,-0.2026588481618105
5430,Guovdageaidnu-Kautokeino,2022,0,0.00166246935174469,-0.2565447431493432
5430,Guovdageaidnu-Kautokeino,2023,0,0.00166246935174469,-0.32152885881220244
5426,Gáivuotna - Kåfjord - Kaivuono,2016,0,0.00154068432227028,0.009434451495545837
5426,Gáivuotna - Kåfjord - Kaivuono,2017,0,0.00154068432227028,-0.04744228786016952
5426,Gáivuotna - Kåfjord - Kaivuono,2018,0,0.00154068432227028,-0.039741548051223596
5426,Gáivuotna - Kåfjord - Kaivuono,2019,0,0.00154068432227028,-0.06358306264910507
5426,Gáivuotna - Kåfjord - Kaivuono,2020,0,0.00154068432227028,-0.0996005155123284
5426,Gáivuotna - Kåfjord - Kaivuono,2021,0,0.00154068432227028,-0.18290819422864574
5426,Gáivuotna - Kåfjord - Kaivuono,2022,0,0.00154068432227028,-0.23679408921617845
5426,Gáivuotna - Kåfjord - Kaivuono,2023,0,0.00154068432227028,-0.30177820487903767
1866,Hadsel,2016,0,0.00329930946350986,-0.27577298912903814
1866,Hadsel,2017,0,0.00329930946350986,-0.3326497284847535
1866,Hadsel,2018,0,0.00329930946350986,-0.32494898867580757
1866,Hadsel,2019,0,0.00329930946350986,-0.34879050327368905
1866,Hadsel,2020,0,0.00329930946350986,-0.3848079561369124
1866,Hadsel,2021,0,0.00329930946350986,-0.4681156348532297
1866,Hadsel,2022,200,0.00329930946350986,0.20008451905482527
1866,Hadsel,2023,251.4,0.00329930946350986,0.15304448503570295
3101,Halden,2016,82.8,0.0034399252390835,1.0616221411977527
3101,Halden,2017,82.8,0.0034399252390835,0.725627473565555
3101,Halden,2018,82.8,0.0034399252390835,0.43334708564554325
3101,Halden,2019,112.2,0.0034399252390835,0.32577725097634797
3101,Halden,2020,342.2,0.0034399252390835,1.250223775721214
3101,Halden,2021,342.2,0.0034399252390835,0.8937801532755336
3101,Halden,2022,342.2,0.0034399252390835,0.6906831438500705
3101,Halden,2023,342.2,0.0034399252390835,0.39752209236360253
3403,Hamar,2016,29.2,0.00870957453816051,-0.6735061893409766
3403,Hamar,2017,29.2,0.00870957453816051,-0.8288158212772871
3403,Hamar,2018,329.2,0.00870957453816051,1.903169219951646
3403,Hamar,2019,329.2,0.00870957453816051,0.8199150276426572
3403,Hamar,2020,336.6,0.00870957453816051,0.36848119228534815
3403,Hamar,2021,344,0.00870957453816051,0.04645119880288118
3403,Hamar,2022,494,0.00870957453816051,0.38413386337819033
3403,Hamar,2023,494,0.00870957453816051,-0.010246530183157132
5406,Hammerfest,2016,22,0.0042065726354214,-0.061503922732461934
5406,Hammerfest,2017,22,0.0042065726354214,-0.19254243047081748
5406,Hammerfest,2018,22,0.0042065726354214,-0.2645468212178748
5406,Hammerfest,2019,22,0.0042065726354214,-0.3591874819568388
5406,Hammerfest,2020,22,0.0042065726354214,-0.4253624926424971
5406,Hammerfest,2021,22,0.0042065726354214,-0.5262300508504743
5406,Hammerfest,2022,22,0.0042065726354214,-0.5897087118158985
5406,Hammerfest,2023,44,0.0042065726354214,-0.6046023018320922
1517,Hareid,2016,0,0.00241063723707485,-0.13165135381735957
1517,Hareid,2017,7.4,0.00241063723707485,-0.09190967518579582
1517,Hareid,2018,14.8,0.00241063723707485,-0.04121033249088196
1517,Hareid,2019,14.8,0.00241063723707485,-0.11268036358367353
1517,Hareid,2020,14.8,0.00241063723707485,-0.16898562807289855
1517,Hareid,2021,36.8,0.00241063723707485,-0.17508408527265365
1517,Hareid,2022,102.8,0.00241063723707485,-0.006727665396751792
1517,Hareid,2023,102.8,0.00241063723707485,-0.14025821297856775
5402,Harstad,2016,0,0.00762898819164891,-0.977944566130857
5402,Harstad,2017,0,0.00762898819164891,-1.0348213054865725
5402,Harstad,2018,0,0.00762898819164891,-1.0271205656776266
5402,Harstad,2019,0,0.00762898819164891,-1.050962080275508
5402,Harstad,2020,7.4,0.00762898819164891,-1.0511291867625636
5402,Harstad,2021,7.4,0.00762898819164891,-1.1403433703988028
5402,Harstad,2022,200.4,0.00762898819164891,-0.5006428858492025
5402,Harstad,2023,400.4,0.00762898819164891,-0.11052530417630146
5433,Hasvik,2016,0,0.0012677783148739,0.053693356975387296
5433,Hasvik,2017,0,0.0012677783148739,-0.003183382380328059
5433,Hasvik,2018,0,0.0012677783148739,0.004517357428617863
5433,Hasvik,2019,0,0.0012677783148739,-0.01932415716926361
5433,Hasvik,2020,0,0.0012677783148739,-0.05534161003248694
5433,Hasvik,2021,0,0.0012677783148739,-0.13864928874880428
5433,Hasvik,2022,0,0.0012677783148739,-0.192535183736337
5433,Hasvik,2023,0,0.0012677783148739,-0.2575192993991962
1826,Hattfjelldal,2016,0,0.00148480862458329,0.01849616928674419
1826,Hattfjelldal,2017,11,0.00148480862458329,0.10524140261482215
1826,Hattfjelldal,2018,11,0.00148480862458329,0.07308957714576647
1826,Hattfjelldal,2019,11,0.00148480862458329,0.01384848947734374
1826,Hattfjelldal,2020,11,0.00148480862458329,-0.0372477422970971
1826,Hattfjelldal,2021,11,0.00148480862458329,-0.12933536075924434
1826,Hattfjelldal,2022,11,0.00148480862458329,-0.1880176387357228
1826,Hattfjelldal,2023,11,0.00148480862458329,-0.26033648933154435
1106,Haugesund,2016,7.2,0.00868730291667266,-1.0312999723766048
1106,Haugesund,2017,7.2,0.00868730291667266,-1.112447835930275
1106,Haugesund,2018,57.2,0.00868730291667266,-0.6591532870042406
1106,Haugesund,2019,57.2,0.00868730291667266,-0.8670725815689365
1106,Haugesund,2020,79.2,0.00868730291667266,-0.8749175739224248
1106,Haugesund,2021,101.2,0.00868730291667266,-0.9324185874523113
1106,Haugesund,2022,101.2,0.00868730291667266,-1.0304312059381449
1106,Haugesund,2023,301.2,0.00868730291667266,-0.5741676510516203
1832,Hemnes,2016,0,0.00213921757589246,-0.0876334985702445
1832,Hemnes,2017,11,0.00213921757589246,-8.88265242166536e-4
1832,Hemnes,2018,11,0.00213921757589246,-0.033040090711222214
1832,Hemnes,2019,11,0.00213921757589246,-0.09228117837964495
1832,Hemnes,2020,11,0.00213921757589246,-0.14337741015408578
1832,Hemnes,2021,11,0.00213921757589246,-0.23546502861623303
1832,Hemnes,2022,11,0.00213921757589246,-0.2941473065927115
1832,Hemnes,2023,11,0.00213921757589246,-0.36646615718853304
3326,Hemsedal,2016,33,0.00287939107212635,0.33443642167493565
3326,Hemsedal,2017,33,0.00287939107212635,0.16631702974525994
3326,Hemsedal,2018,33,0.00287939107212635,0.05446007372020098
3326,Hemsedal,2019,33,0.00287939107212635,-0.07558016008930425
3326,Hemsedal,2020,33,0.00287939107212635,-0.15683394968618003
3326,Hemsedal,2021,33,0.00287939107212635,-0.2664814476399871
3326,Hemsedal,2022,333,0.00287939107212635,0.7483725817490245
3326,Hemsedal,2023,333,0.00287939107212635,0.4613460358428522
1515,Herøy (Møre og Romsdal),2016,22,0.00310743890974992,0.11674959443377556
1515,Herøy (Møre og Romsdal),2017,72,0.00310743890974992,0.6385382352581169
1515,Herøy (Møre og Romsdal),2018,79.4,0.00310743890974992,0.45519433095676665
1515,Herøy (Møre og Romsdal),2019,79.4,0.00310743890974992,0.17583226164970556
1515,Herøy (Møre og Romsdal),2020,79.4,0.00310743890974992,0.030973441009148873
1515,Herøy (Møre og Romsdal),2021,79.4,0.00310743890974992,-0.11570943914524982
1515,Herøy (Møre og Romsdal),2022,79.4,0.00310743890974992,-0.20421649861662727
1515,Herøy (Møre og Romsdal),2023,101.4,0.00310743890974992,-0.25738406910118794
1818,Herøy (Nordland),2016,0,0.00217890056240586,-0.09406914125180488
1818,Herøy (Nordland),2017,0,0.00217890056240586,-0.15094588060752023
1818,Herøy (Nordland),2018,0,0.00217890056240586,-0.1432451407985743
1818,Herøy (Nordland),2019,0,0.00217890056240586,-0.16708665539645579
1818,Herøy (Nordland),2020,0,0.00217890056240586,-0.20310410825967912
1818,Herøy (Nordland),2021,0,0.00217890056240586,-0.28641178697599645
1818,Herøy (Nordland),2022,0,0.00217890056240586,-0.34029768196352916
1818,Herøy (Nordland),2023,0,0.00217890056240586,-0.4052817976263884
4024,Hjartdal,2016,0,0.00170252290009065,-0.01681194149183962
4024,Hjartdal,2017,0,0.00170252290009065,-0.07368868084755498
4024,Hjartdal,2018,11,0.00170252290009065,0.03778146636718266
4024,Hjartdal,2019,11,0.00170252290009065,-0.021459621301240073
4024,Hjartdal,2020,11,0.00170252290009065,-0.07255585307568091
4024,Hjartdal,2021,11,0.00170252290009065,-0.16464347153782816
4024,Hjartdal,2022,33,0.00170252290009065,-0.14389628413579192
4024,Hjartdal,2023,33,0.00170252290009065,-0.23088460459753812
1133,Hjelmeland,2016,0,0.00149749936507963,0.016438031067452785
1133,Hjelmeland,2017,0,0.00149749936507963,-0.04043870828826257
1133,Hjelmeland,2018,0,0.00149749936507963,-0.03273796847931665
1133,Hjelmeland,2019,0,0.00149749936507963,-0.05657948307719812
1133,Hjelmeland,2020,0,0.00149749936507963,-0.09259693594042145
1133,Hjelmeland,2021,0,0.00149749936507963,-0.1759046146567388
1133,Hjelmeland,2022,0,0.00149749936507963,-0.2297905096442715
1133,Hjelmeland,2023,0,0.00149749936507963,-0.2947746253071307
3330,Hol,2016,50,0.00165649676209561,0.8120290326274726
3330,Hol,2017,57.4,0.00165649676209561,0.6832212376621267
3330,Hol,2018,57.4,0.00165649676209561,0.4829640459295005
3330,Hol,2019,64.8,0.00165649676209561,0.32039537495269044
3330,Hol,2020,68.4,0.00165649676209561,0.2129909153694332
3330,Hol,2021,425.8,0.00165649676209561,1.5212945879962987
3330,Hol,2022,425.8,0.00165649676209561,1.281745067854848
3330,Hol,2023,675.8,0.00165649676209561,1.6687490707936625
3310,Hole,2016,11,0.00485768782761765,-0.3478022775697974
3310,Hole,2017,33,0.00485768782761765,-0.15451595574924626
3310,Hole,2018,33,0.00485768782761765,-0.2663729117743052
3310,Hole,2019,33,0.00485768782761765,-0.39641314558381047
3310,Hole,2020,33,0.00485768782761765,-0.4776669351806862
3310,Hole,2021,33,0.00485768782761765,-0.5873144331344933
3310,Hole,2022,33,0.00485768782761765,-0.6555894770888632
3310,Hole,2023,33,0.00485768782761765,-0.7425777975506094
3903,Holmestrand,2016,22,0.0021023210864671,0.2797559538803297
3903,Holmestrand,2017,22,0.0021023210864671,0.14871744614197413
3903,Holmestrand,2018,22,0.0021023210864671,0.0767130553949168
3903,Holmestrand,2019,106.5,0.0021023210864671,0.5072770311403767
3903,Holmestrand,2020,306.5,0.0021023210864671,1.2941978628918749
3903,Holmestrand,2021,317.5,0.0021023210864671,1.010760251481318
3903,Holmestrand,2022,317.5,0.0021023210864671,0.818433302040124
3903,Holmestrand,2023,317.5,0.0021023210864671,0.5417420644485804
5026,Holtålen,2016,0,0.00152675704136639,0.011693127348808285
5026,Holtålen,2017,0,0.00152675704136639,-0.04518361200690707
5026,Holtålen,2018,0,0.00152675704136639,-0.03748287219796115
5026,Holtålen,2019,22,0.00152675704136639,0.07541528187465829
5026,Holtålen,2020,22,0.00152675704136639,0.009240271189000004
5026,Holtålen,2021,22,0.00152675704136639,-0.09162728701897721
5026,Holtålen,2022,22,0.00152675704136639,-0.15510594798440136
5026,Holtålen,2023,22,0.00152675704136639,-0.23475953351318518
3901,Horten,2016,14.6,0.0026681537495558,0.06642752678641273
3901,Horten,2017,33,0.0026681537495558,0.20057473181147226
3901,Horten,2018,33,0.0026681537495558,0.08871777578641331
3901,Horten,2019,33,0.0026681537495558,-0.041322458023091924
3901,Horten,2020,40.4,0.0026681537495558,-0.08672590124380006
3901,Horten,2021,40.4,0.0026681537495558,-0.20227990411752902
3901,Horten,2022,40.4,0.0026681537495558,-0.2737816057190079
3901,Horten,2023,40.4,0.0026681537495558,-0.3657042024083833
3242,Hurdal,2016,0,0.00195844503274486,-0.058316463826852016
3242,Hurdal,2017,0,0.00195844503274486,-0.11519320318256737
3242,Hurdal,2018,0,0.00195844503274486,-0.10749246337362145
3242,Hurdal,2019,0,0.00195844503274486,-0.13133397797150292
3242,Hurdal,2020,0,0.00195844503274486,-0.16735143083472626
3242,Hurdal,2021,0,0.00195844503274486,-0.2506591095510436
3242,Hurdal,2022,0,0.00195844503274486,-0.3045450045385763
3242,Hurdal,2023,0,0.00195844503274486,-0.3695291202014355
1579,Hustadvika,2016,0,0.0027368936273308,-0.18456243069797745
1579,Hustadvika,2017,0,0.0027368936273308,-0.2414391700536928
1579,Hustadvika,2018,0,0.0027368936273308,-0.2337384302447469
1579,Hustadvika,2019,0,0.0027368936273308,-0.25757994484262836
1579,Hustadvika,2020,72,0.0027368936273308,0.05521678325145506
1579,Hustadvika,2021,72,0.0027368936273308,-0.08555959198302171
1579,Hustadvika,2022,83,0.0027368936273308,-0.13112526111803285
1579,Hustadvika,2023,83,0.0027368936273308,-0.2514532858205167
3110,Hvaler,2016,0,0.00124257434917704,0.05778084462777261
3110,Hvaler,2017,0,0.00124257434917704,9.04105272057254e-4
3110,Hvaler,2018,0,0.00124257434917704,0.008604845081003176
3110,Hvaler,2019,0,0.00124257434917704,-0.015236669516878298
3110,Hvaler,2020,0,0.00124257434917704,-0.05125412238010163
3110,Hvaler,2021,0,0.00124257434917704,-0.13456180109641896
3110,Hvaler,2022,0,0.00124257434917704,-0.18844769608395168
3110,Hvaler,2023,0,0.00124257434917704,-0.2534318117468109
4637,Hyllestad,2016,0,0.00199236494411509,-0.0638174719048425
4637,Hyllestad,2017,0,0.00199236494411509,-0.12069421126055785
4637,Hyllestad,2018,0,0.00199236494411509,-0.11299347145161193
4637,Hyllestad,2019,0,0.00199236494411509,-0.1368349860494934
4637,Hyllestad,2020,0,0.00199236494411509,-0.17285243891271673
4637,Hyllestad,2021,200,0.00199236494411509,0.5531328947019308
4637,Hyllestad,2022,200,0.00199236494411509,0.4120400362790209
4637,Hyllestad,2023,207.4,0.00199236494411509,0.23548001123471848
1119,Hå,2016,0,0.00283778644545723,-0.20092486164500586
1119,Hå,2017,0,0.00283778644545723,-0.25780160100072125
1119,Hå,2018,0,0.00283778644545723,-0.2501008611917753
1119,Hå,2019,0,0.00283778644545723,-0.27394237578965674
1119,Hå,2020,0,0.00283778644545723,-0.3099598286528801
1119,Hå,2021,376,0.00283778644545723,1.1282033558130165
1119,Hå,2022,398,0.00283778644545723,0.9897978349454893
1119,Hå,2023,473,0.00283778644545723,0.880202385501097
4226,Hægebostad,2016,0,0.00161137845035657,-0.0020304655387152204
4226,Hægebostad,2017,0,0.00161137845035657,-0.058907204894430576
4226,Hægebostad,2018,0,0.00161137845035657,-0.051206465085484654
4226,Hægebostad,2019,0,0.00161137845035657,-0.07504797968336613
4226,Hægebostad,2020,0,0.00161137845035657,-0.11106543254658946
4226,Hægebostad,2021,0,0.00161137845035657,-0.1943731112629068
4226,Hægebostad,2022,0,0.00161137845035657,-0.2482590062504395
4226,Hægebostad,2023,0,0.00161137845035657,-0.31324312191329873
4638,Høyanger,2016,0,0.00222413434350201,-0.1014049916463422
4638,Høyanger,2017,22,0.00222413434350201,0.1289622143655291
4638,Høyanger,2018,22,0.00222413434350201,0.056957823618471765
4638,Høyanger,2019,22,0.00222413434350201,-0.037682837120492196
4638,Høyanger,2020,44,0.00222413434350201,0.002724263041915448
4638,Høyanger,2021,44,0.00222413434350201,-0.11570317465772151
4638,Høyanger,2022,244,0.00222413434350201,0.5333114472945505
4638,Høyanger,2023,244,0.00222413434350201,0.3056295749368913
5046,Høylandet,2016,0,0.00154834334778817,0.008192338543551947
5046,Høylandet,2017,0,0.00154834334778817,-0.04868440081216341
5046,Høylandet,2018,0,0.00154834334778817,-0.040983661003217486
5046,Høylandet,2019,0,0.00154834334778817,-0.06482517560109896
5046,Høylandet,2020,0,0.00154834334778817,-0.10084262846432229
5046,Høylandet,2021,0,0.00154834334778817,-0.18415030718063963
5046,Høylandet,2022,0,0.00154834334778817,-0.23803620216817234
5046,Høylandet,2023,62.5,0.00154834334778817,-0.11904305785208258
5413,Ibestad,2016,0,0.00154980696816201,0.00795497390507377
5413,Ibestad,2017,0,0.00154980696816201,-0.048921765450641586
5413,Ibestad,2018,0,0.00154980696816201,-0.04122102564169566
5413,Ibestad,2019,0,0.00154980696816201,-0.06506254023957714
5413,Ibestad,2020,0,0.00154980696816201,-0.10107999310280047
5413,Ibestad,2021,22,0.00154980696816201,-0.09536544046271173
5413,Ibestad,2022,22,0.00154980696816201,-0.15884410142813588
5413,Ibestad,2023,22,0.00154980696816201,-0.2384976869569197
5053,Inderøy,2016,22,0.00200474008165567,0.29558128696764485
5053,Inderøy,2017,22,0.00200474008165567,0.1645427792292893
5053,Inderøy,2018,22,0.00200474008165567,0.09253838848223198
5053,Inderøy,2019,22,0.00200474008165567,-0.002102272256731985
5053,Inderøy,2020,22,0.00200474008165567,-0.06827728294239027
5053,Inderøy,2021,22,0.00200474008165567,-0.1691448411503675
5053,Inderøy,2022,22,0.00200474008165567,-0.23262350211579164
5053,Inderøy,2023,25.6,0.00200474008165567,-0.3016799974697881
5054,Indre Fosen,2016,0,0.00207984443164454,-0.07800457759345933
5054,Indre Fosen,2017,0,0.00207984443164454,-0.13488131694917468
5054,Indre Fosen,2018,0,0.00207984443164454,-0.12718057714022876
5054,Indre Fosen,2019,7.4,0.00207984443164454,-0.10502783954894176
5054,Indre Fosen,2020,7.4,0.00207984443164454,-0.15118919822516594
5054,Indre Fosen,2021,79.4,0.00207984443164454,0.05094210257774215
5054,Indre Fosen,2022,79.4,0.00207984443164454,-0.03756495689363529
5054,Indre Fosen,2023,140.4,0.00207984443164454,0.024069282848668272
3118,Indre Østfold,2016,55.400000000000006,0.00446387096150116,0.4454479524817303
3118,Indre Østfold,2017,55.400000000000006,0.00446387096150116,0.20181839638063911
3118,Indre Østfold,2018,55.400000000000006,0.00446387096150116,0.008807125607649513
3118,Indre Østfold,2019,55.400000000000006,0.00446387096150116,-0.19331951154550336
3118,Indre Østfold,2020,55.400000000000006,0.00446387096150116,-0.30527917819794925
3118,Indre Østfold,2021,55.400000000000006,0.00446387096150116,-0.43280582617962815
3118,Indre Østfold,2022,55.400000000000006,0.00446387096150116,-0.5108480500387603
3118,Indre Østfold,2023,55.400000000000006,0.00446387096150116,-0.6127725580003569
4218,Iveland,2016,0,0.00137536752437155,0.03624492958737768
4218,Iveland,2017,0,0.00137536752437155,-0.020631809768337672
4218,Iveland,2018,0,0.00137536752437155,-0.01293106995939175
4218,Iveland,2019,0,0.00137536752437155,-0.036772584557273225
4218,Iveland,2020,0,0.00137536752437155,-0.07279003742049656
4218,Iveland,2021,0,0.00137536752437155,-0.1560977161368139
4218,Iveland,2022,0,0.00137536752437155,-0.2099836111243466
4218,Iveland,2023,0,0.00137536752437155,-0.2749677267872058
3236,Jevnaker,2016,0,0.00262614700817975,-0.1666019460755223
3236,Jevnaker,2017,0,0.00262614700817975,-0.22347868543123767
3236,Jevnaker,2018,22,0.00262614700817975,-0.008239130810708345
3236,Jevnaker,2019,72,0.00262614700817975,0.20789218270146603
3236,Jevnaker,2020,72,0.00262614700817975,0.0731772678739102
3236,Jevnaker,2021,72,0.00262614700817975,-0.06759910736056657
3236,Jevnaker,2022,72,0.00262614700817975,-0.152879509184835
3236,Jevnaker,2023,72,0.00262614700817975,-0.26587279895435656
5423,Karlsøy,2016,0,0.00166961764754293,-0.011475487097911297
5423,Karlsøy,2017,0,0.00166961764754293,-0.06835222645362665
5423,Karlsøy,2018,0,0.00166961764754293,-0.06065148664468073
5423,Karlsøy,2019,0,0.00166961764754293,-0.0844930012425622
5423,Karlsøy,2020,0,0.00166961764754293,-0.12051045410578554
5423,Karlsøy,2021,0,0.00166961764754293,-0.20381813282210287
5423,Karlsøy,2022,0,0.00166961764754293,-0.2577040278096356
5423,Karlsøy,2023,0,0.00166961764754293,-0.3226881434724948
1149,Karmøy,2016,50,0.00522263204035601,0.23368616024206768
1149,Karmøy,2017,72,0.00522263204035601,0.2955038926570293
1149,Karmøy,2018,72,0.00522263204035601,0.042351477919055525
1149,Karmøy,2019,122,0.00522263204035601,0.09757564111058786
1149,Karmøy,2020,122,0.00522263204035601,-0.10567917785886558
1149,Karmøy,2021,344,0.00522263204035601,0.6119508735675292
1149,Karmøy,2022,501.4,0.00522263204035601,0.9763507219519749
1149,Karmøy,2023,551.4,0.00522263204035601,0.7242178601461575
4602,Kinn,2016,7.4,0.00415925661526439,-0.29367235603731856
4602,Kinn,2017,29.4,0.00415925661526439,-0.08825047211778989
4602,Kinn,2018,29.4,0.00415925661526439,-0.18706477041550285
4602,Kinn,2019,51.4,0.00415925661526439,-0.16878002073142095
4602,Kinn,2020,201.4,0.00415925661526439,0.4514397152752075
4602,Kinn,2021,201.4,0.00415925661526439,0.2073793215761498
4602,Kinn,2022,234.4,0.00415925661526439,0.18482021247696423
4602,Kinn,2023,234.4,0.00415925661526439,-0.036460436666473355
1120,Klepp,2016,22,0.0034385780000621,0.06304665898493927
1120,Klepp,2017,22,0.0034385780000621,-0.0679918487534163
1120,Klepp,2018,22,0.0034385780000621,-0.13999623950047363
1120,Klepp,2019,22,0.0034385780000621,-0.2346369002394376
1120,Klepp,2020,22,0.0034385780000621,-0.30081191092509585
1120,Klepp,2021,22,0.0034385780000621,-0.40167946913307306
1120,Klepp,2022,22,0.0034385780000621,-0.4651581300984972
1120,Klepp,2023,22,0.0034385780000621,-0.544811715627281
3303,Kongsberg,2016,11,0.00628973983673198,-0.5800472732673484
3303,Kongsberg,2017,11,0.00628973983673198,-0.6740048968143839
3303,Kongsberg,2018,14.6,0.00628973983673198,-0.6721958253142714
3303,Kongsberg,2019,194.6,0.00628973983673198,0.3757568794983178
3303,Kongsberg,2020,194.6,0.00628973983673198,0.07298211971482904
3303,Kongsberg,2021,198.2,0.00628973983673198,-0.15108340064666725
3303,Kongsberg,2022,198.2,0.00628973983673198,-0.29139139639865874
3303,Kongsberg,2023,220.2,0.00628973983673198,-0.4237741041592122
3401,Kongsvinger,2016,3.6,0.00478699000212578,-0.4579005009833449
3401,Kongsvinger,2017,14.4,0.00478699000212578,-0.3859021383484952
3401,Kongsvinger,2018,64.4,0.00478699000212578,0.041307095122847276
3401,Kongsvinger,2019,64.4,0.00478699000212578,-0.1897828290880212
3401,Kongsvinger,2020,71.8,0.00478699000212578,-0.278229332109841
3401,Kongsvinger,2021,93.8,0.00478699000212578,-0.32982384071980564
3401,Kongsvinger,2022,93.8,0.00478699000212578,-0.42460980155853023
3401,Kongsvinger,2023,443.8,0.00478699000212578,0.4781334535051013
4014,Kragerø,2016,0,0.00213992804965509,-0.0877487206256552
4014,Kragerø,2017,11,0.00213992804965509,-0.001003487297577238
4014,Kragerø,2018,33,0.00213992804965509,0.17438350204495046
4014,Kragerø,2019,33,0.00213992804965509,0.04434326823544524
4014,Kragerø,2020,33,0.00213992804965509,-0.036910521361430526
4014,Kragerø,2021,83,0.00213992804965509,0.05576523376750364
4014,Kragerø,2022,83,0.00213992804965509,-0.0343115510457106
4014,Kragerø,2023,283,0.00213992804965509,0.4340876561844425
4204,Kristiansand,2016,72,0.01498960154475416,-0.9888797807312912
4204,Kristiansand,2017,94,0.01498960154475416,-1.0012238166989698
4204,Kristiansand,2018,144,0.01498960154475416,-0.8624022374211665
4204,Kristiansand,2019,466,0.01498960154475416,0.651715169234834
4204,Kristiansand,2020,528.5,0.01498960154475416,0.27969589740567624
4204,Kristiansand,2021,639.5,0.01498960154475416,0.22370964456294384
4204,Kristiansand,2022,661.5,0.01498960154475416,-0.029591050630692894
4204,Kristiansand,2023,881.3,0.01498960154475416,0.11135177449545641
1505,Kristiansund,2016,0,0.00548056583900441,-0.6295212289400292
1505,Kristiansund,2017,0,0.00548056583900441,-0.6863979682957446
1505,Kristiansund,2018,0,0.00548056583900441,-0.6786972284867987
1505,Kristiansund,2019,0,0.00548056583900441,-0.7025387430846801
1505,Kristiansund,2020,72,0.00548056583900441,-0.3897420149905967
1505,Kristiansund,2021,472,0.00548056583900441,1.0880676344368565
1505,Kristiansund,2022,494,0.00548056583900441,0.907802771120348
1505,Kristiansund,2023,766,0.00548056583900441,1.3140914129873869
3318,Krødsherad,2016,0,0.00159136780399504,0.0012147884384871022
3318,Krødsherad,2017,0,0.00159136780399504,-0.05566195091722825
3318,Krødsherad,2018,0,0.00159136780399504,-0.04796121110828233
3318,Krødsherad,2019,0,0.00159136780399504,-0.0718027257061638
3318,Krødsherad,2020,0,0.00159136780399504,-0.10782017856938714
3318,Krødsherad,2021,0,0.00159136780399504,-0.19112785728570447
3318,Krødsherad,2022,0,0.00159136780399504,-0.24501375227323718
3318,Krødsherad,2023,22,0.00159136780399504,-0.24523787242350636
4622,Kvam,2016,53.6,0.00183166915654871,0.8427593264632096
4622,Kvam,2017,53.6,0.00183166915654871,0.6051975514116072
4622,Kvam,2018,103.6,0.00183166915654871,0.890386734074071
4622,Kvam,2019,111,0.00183166915654871,0.5791398562009877
4622,Kvam,2020,111,0.00183166915654871,0.3909638161427517
4622,Kvam,2021,111,0.00183166915654871,0.2190585636276053
4622,Kvam,2022,118.4,0.00183166915654871,0.14348998774257504
4622,Kvam,2023,118.4,0.00183166915654871,-4.4254756235106996e-4
4227,Kvinesdal,2016,7.4,0.00219208248266472,0.0253568028578941
4227,Kvinesdal,2017,7.4,0.00219208248266472,-0.05646525859016391
4227,Kvinesdal,2018,7.4,0.00219208248266472,-0.07557442633187358
4227,Kvinesdal,2019,7.4,0.00219208248266472,-0.12323019917721009
4227,Kvinesdal,2020,7.4,0.00219208248266472,-0.16939155785343427
4227,Kvinesdal,2021,7.4,0.00219208248266472,-0.2586057414896735
4227,Kvinesdal,2022,7.4,0.00219208248266472,-0.3157182941243152
4227,Kvinesdal,2023,14.8,0.00219208248266472,-0.363853778433296
4617,Kvinnherad,2016,0,0.00225772920403601,-0.10685328415982714
4617,Kvinnherad,2017,0,0.00225772920403601,-0.1637300235155425
4617,Kvinnherad,2018,0,0.00225772920403601,-0.15602928370659658
4617,Kvinnherad,2019,93,0.00225772920403601,0.3981650738026393
4617,Kvinnherad,2020,155.5,0.00225772920403601,0.5374534868720375
4617,Kvinnherad,2021,166.5,0.00225772920403601,0.37454050288150953
4617,Kvinnherad,2022,166.5,0.00225772920403601,0.24805481083402534
4617,Kvinnherad,2023,166.5,0.00225772920403601,0.07204948004950956
4028,Kviteseid,2016,7.4,0.00263117042331933,-0.04585288522546313
4028,Kviteseid,2017,7.4,0.00263117042331933,-0.12767494667352114
4028,Kviteseid,2018,7.4,0.00263117042331933,-0.14678411441523082
4028,Kviteseid,2019,7.4,0.00263117042331933,-0.19443988726056732
4028,Kviteseid,2020,7.4,0.00263117042331933,-0.2406012459367915
4028,Kviteseid,2021,29.4,0.00263117042331933,-0.24079319821662465
4028,Kviteseid,2022,29.4,0.00263117042331933,-0.30749851682915774
4028,Kviteseid,2023,29.4,0.00263117042331933,-0.39208637858557077
1144,Kvitsøy,2016,0,0.00136575683793968,0.03780355582079259
1144,Kvitsøy,2017,0,0.00136575683793968,-0.019073183534922766
1144,Kvitsøy,2018,0,0.00136575683793968,-0.011372443725976844
1144,Kvitsøy,2019,0,0.00136575683793968,-0.03521395832385832
1144,Kvitsøy,2020,0,0.00136575683793968,-0.07123141118708165
1144,Kvitsøy,2021,0,0.00136575683793968,-0.15453908990339899
1144,Kvitsøy,2022,0,0.00136575683793968,-0.2084249848909317
1144,Kvitsøy,2023,0,0.00136575683793968,-0.2734091005537909
5411,Kvæfjord,2016,0,0.00202230935839173,-0.0686737482974471
5411,Kvæfjord,2017,0,0.00202230935839173,-0.12555048765316246
5411,Kvæfjord,2018,7.4,0.00202230935839173,-0.04804123740759303
5411,Kvæfjord,2019,7.4,0.00202230935839173,-0.09569701025292954
5411,Kvæfjord,2020,7.4,0.00202230935839173,-0.1418583689291537
5411,Kvæfjord,2021,69.9,0.00202230935839173,0.021831513788033552
5411,Kvæfjord,2022,69.9,0.00202230935839173,-0.06253321492016345
5411,Kvæfjord,2023,69.9,0.00202230935839173,-0.17412623711157404
5429,Kvænangen,2016,0,0.00152247497080885,0.012387578005546351
5429,Kvænangen,2017,0,0.00152247497080885,-0.044489161350169004
5429,Kvænangen,2018,0,0.00152247497080885,-0.03678842154122308
5429,Kvænangen,2019,0,0.00152247497080885,-0.06062993613910456
5429,Kvænangen,2020,0,0.00152247497080885,-0.09664738900232789
5429,Kvænangen,2021,0,0.00152247497080885,-0.17995506771864522
5429,Kvænangen,2022,0,0.00152247497080885,-0.23384096270617794
5429,Kvænangen,2023,0,0.00152247497080885,-0.29882507836903716
5437,Kárásjohka-Karasjok,2016,0,0.00246633562433776,-0.14068431604771547
5437,Kárásjohka-Karasjok,2017,0,0.00246633562433776,-0.19756105540343083
5437,Kárásjohka-Karasjok,2018,0,0.00246633562433776,-0.1898603155944849
5437,Kárásjohka-Karasjok,2019,0,0.00246633562433776,-0.21370183019236638
5437,Kárásjohka-Karasjok,2020,0,0.00246633562433776,-0.2497192830555897
5437,Kárásjohka-Karasjok,2021,0,0.00246633562433776,-0.33302696177190705
5437,Kárásjohka-Karasjok,2022,0,0.00246633562433776,-0.38691285675943976
5437,Kárásjohka-Karasjok,2023,0,0.00246633562433776,-0.451896972422299
3909,Larvik,2016,132,0.00356220031999203,1.850026608707213
3909,Larvik,2017,154,0.00356220031999203,1.6354232044232428
3909,Larvik,2018,157.6,0.00356220031999203,1.119148927309334
3909,Larvik,2019,157.6,0.00356220031999203,0.5881280749007889
3909,Larvik,2020,157.6,0.00356220031999203,0.3360728441823043
3909,Larvik,2021,920.1,0.00356220031999203,3.212402183710264
3909,Larvik,2022,942.1,0.00356220031999203,2.8367501188167927
3909,Larvik,2023,942.1,0.00356220031999203,2.143579295849954
5438,Lebesby,2016,0,0.00190408532450034,-0.04950060369955356
5438,Lebesby,2017,0,0.00190408532450034,-0.10637734305526891
5438,Lebesby,2018,0,0.00190408532450034,-0.09867660324632299
5438,Lebesby,2019,0,0.00190408532450034,-0.12251811784420447
5438,Lebesby,2020,22,0.00190408532450034,-0.05195345985936184
5438,Lebesby,2021,22,0.00190408532450034,-0.15282101806733905
5438,Lebesby,2022,22,0.00190408532450034,-0.2162996790327632
5438,Lebesby,2023,22,0.00190408532450034,-0.295953264561547
1822,Leirfjord,2016,7.4,0.00193187417407218,0.06755644164539629
1822,Leirfjord,2017,7.4,0.00193187417407218,-0.014265619802661722
1822,Leirfjord,2018,7.4,0.00193187417407218,-0.0333747875443714
1822,Leirfjord,2019,7.4,0.00193187417407218,-0.0810305603897079
1822,Leirfjord,2020,7.4,0.00193187417407218,-0.12719191906593208
1822,Leirfjord,2021,7.4,0.00193187417407218,-0.21640610270217137
1822,Leirfjord,2022,7.4,0.00193187417407218,-0.27351865533681297
1822,Leirfjord,2023,7.4,0.00193187417407218,-0.3434370472273014
5052,Leka,2016,0,0.00127587765085401,0.05237983607120095
5052,Leka,2017,0,0.00127587765085401,-0.004496903284514409
5052,Leka,2018,0,0.00127587765085401,0.0032038365244315137
5052,Leka,2019,0,0.00127587765085401,-0.02063767807344996
5052,Leka,2020,0,0.00127587765085401,-0.05665513093667329
5052,Leka,2021,0,0.00127587765085401,-0.13996280965299063
5052,Leka,2022,0,0.00127587765085401,-0.19384870464052334
5052,Leka,2023,0,0.00127587765085401,-0.25883282030338256
3432,Lesja,2016,200,0.00179449105487998,3.253779485698107
3432,Lesja,2017,250,0.00179449105487998,3.1755320005174497
3432,Lesja,2018,250,0.00179449105487998,2.277492620371813
3432,Lesja,2019,250,0.00179449105487998,1.4491153541707211
3432,Lesja,2020,250,0.00179449105487998,1.07039838059801
3432,Lesja,2021,250,0.00179449105487998,0.7875466167491947
3432,Lesja,2022,250,0.00179449105487998,0.6246520174674406
3432,Lesja,2023,250,0.00179449105487998,0.3929693806008928
5037,Levanger,2016,0,0.00512582988138969,-0.5719914392217424
5037,Levanger,2017,0,0.00512582988138969,-0.6288681785774579
5037,Levanger,2018,0,0.00512582988138969,-0.621167438768512
5037,Levanger,2019,22,0.00512582988138969,-0.5082692846958925
5037,Levanger,2020,22,0.00512582988138969,-0.5744442953815507
5037,Levanger,2021,55,0.00512582988138969,-0.5417785065549188
5037,Levanger,2022,105,0.00512582988138969,-0.43912480426328326
5037,Levanger,2023,105,0.00512582988138969,-0.5741222988316916
3312,Lier,2016,0,0.00166190066269463,-0.01022397451213597
3312,Lier,2017,0,0.00166190066269463,-0.06710071386785132
3312,Lier,2018,50,0.00166190066269463,0.41227915051287506
3312,Lier,2019,262.5,0.00166190066269463,1.5483113761616896
3312,Lier,2020,302.9,0.00166190066269463,1.3481829392017706
3312,Lier,2021,324.9,0.00166190066269463,1.1121298782953248
3312,Lier,2022,524.9,0.00166190066269463,1.6386623201026094
3312,Lier,2023,674.9,0.00166190066269463,1.665223413269964
5042,Lierne,2016,0,0.00159207968580583,0.0010993380309378131
5042,Lierne,2017,0,0.00159207968580583,-0.05577740132477754
5042,Lierne,2018,0,0.00159207968580583,-0.04807666151583162
5042,Lierne,2019,0,0.00159207968580583,-0.0719181761137131
5042,Lierne,2020,0,0.00159207968580583,-0.10793562897693643
5042,Lierne,2021,0,0.00159207968580583,-0.19124330769325376
5042,Lierne,2022,0,0.00159207968580583,-0.24512920268078647
5042,Lierne,2023,0,0.00159207968580583,-0.3101133183436457
3405,Lillehammer,2016,7.2,0.00790791719094751,-0.9049020249796262
3405,Lillehammer,2017,10.8,0.00790791719094751,-0.9390463338367824
3405,Lillehammer,2018,10.8,0.00790791719094751,-0.9704735672098743
3405,Lillehammer,2019,221.8,0.00790791719094751,0.2823867050627894
3405,Lillehammer,2020,221.8,0.00790791719094751,-0.05767376257389156
3405,Lillehammer,2021,236.6,0.00790791719094751,-0.2581292707072697
3405,Lillehammer,2022,586.6,0.00790791719094751,0.8484695821284247
3405,Lillehammer,2023,616,0.00790791719094751,0.4788869594073286
4215,Lillesand,2016,22,0.0029588074763748,0.14085410068426726
4215,Lillesand,2017,22,0.0029588074763748,0.009815592945911694
4215,Lillesand,2018,44,0.0029588074763748,0.14535001701043776
4215,Lillesand,2019,44,0.0029588074763748,-0.020089789869608743
4215,Lillesand,2020,44,0.0029588074763748,-0.11642235837770196
4215,Lillesand,2021,244,0.0029588074763748,0.5744432162536259
4215,Lillesand,2022,244,0.0029588074763748,0.4141648258749331
4215,Lillesand,2023,444,0.0029588074763748,0.7752101854499108
3205,Lillestrøm,2016,73.6,0.00747253577294264,0.25649470694508036
3205,Lillestrøm,2017,73.6,0.00747253577294264,-0.04848685754528603
3205,Lillestrøm,2018,138.4,0.00747253577294264,0.3038601363940584
3205,Lillestrøm,2019,285.4,0.00747253577294264,0.7482972340069862
3205,Lillestrøm,2020,368.4,0.00747253577294264,0.7231592446831512
3205,Lillestrøm,2021,375.8,0.00747253577294264,0.375747243571831
3205,Lillestrøm,2022,525.8,0.00747253577294264,0.699564000960915
3205,Lillestrøm,2023,600.8,0.00747253577294264,0.5047522674771974
4205,Lindesnes,2016,50,0.00345257245141154,0.5207479980820631
4205,Lindesnes,2017,50,0.00345257245141154,0.295321785129438
4205,Lindesnes,2018,50,0.00345257245141154,0.12187450094746749
4205,Lindesnes,2019,50,0.00345257245141154,-0.06287416397105605
4205,Lindesnes,2020,50,0.00345257245141154,-0.16743152097617697
4205,Lindesnes,2021,50,0.00345257245141154,-0.29064801671899393
4205,Lindesnes,2022,122,0.00345257245141154,-0.10638467496295932
4205,Lindesnes,2023,194,0.00345257245141154,-0.04077586547746925
5415,Loabák - Lavangen,2016,0,0.00182556785918077,-0.03676692623583916
5415,Loabák - Lavangen,2017,33,0.00182556785918077,0.33722225245982546
5415,Loabák - Lavangen,2018,33,0.00182556785918077,0.2253652964347665
5415,Loabák - Lavangen,2019,33,0.00182556785918077,0.09532506262526128
5415,Loabák - Lavangen,2020,33,0.00182556785918077,0.014071273028385511
5415,Loabák - Lavangen,2021,33,0.00182556785918077,-0.09557622492542156
5415,Loabák - Lavangen,2022,33,0.00182556785918077,-0.16385126887979146
5415,Loabák - Lavangen,2023,33,0.00182556785918077,-0.25083958934153766
3434,Lom,2016,200,0.00231425820012497,3.169485537124404
3434,Lom,2017,200,0.00231425820012497,2.4384109033810497
3434,Lom,2018,200,0.00231425820012497,1.7215195472263298
3434,Lom,2019,200,0.00231425820012497,1.05404943134588
3434,Lom,2020,200,0.00231425820012497,0.7438723619150663
3434,Lom,2021,237,0.00231425820012497,0.6506486223739792
3434,Lom,2022,244.4,0.00231425820012497,0.5201396595246613
3434,Lom,2023,259.2,0.00231425820012497,0.33575688469609133
5432,Loppa,2016,0,0.00134188354703417,0.041675239466602065
5432,Loppa,2017,0,0.00134188354703417,-0.01520149988911329
5432,Loppa,2018,0,0.00134188354703417,-0.007500760080167368
5432,Loppa,2019,0,0.00134188354703417,-0.03134227467804884
5432,Loppa,2020,0,0.00134188354703417,-0.06735972754127217
5432,Loppa,2021,0,0.00134188354703417,-0.1506674062575895
5432,Loppa,2022,0,0.00134188354703417,-0.20455330124512222
5432,Loppa,2023,0,0.00134188354703417,-0.26953741690798144
1112,Lund,2016,0,0.00183706410227105,-0.03863134520250172
1112,Lund,2017,0,0.00183706410227105,-0.09550808455821708
1112,Lund,2018,0,0.00183706410227105,-0.08780734474927115
1112,Lund,2019,0,0.00183706410227105,-0.11164885934715263
1112,Lund,2020,0,0.00183706410227105,-0.14766631221037596
1112,Lund,2021,150,0.00183706410227105,0.37599576832153037
1112,Lund,2022,150,0.00183706410227105,0.25670465075746474
1112,Lund,2023,150,0.00183706410227105,0.09170142237239243
3234,Lunner,2016,0,0.00953279719546551,-1.2866973984904848
3234,Lunner,2017,0,0.00953279719546551,-1.3435741378462003
3234,Lunner,2018,0,0.00953279719546551,-1.3358733980372544
3234,Lunner,2019,0,0.00953279719546551,-1.3597149126351358
3234,Lunner,2020,0,0.00953279719546551,-1.395732365498359
3234,Lunner,2021,0,0.00953279719546551,-1.4790400442146765
3234,Lunner,2022,0,0.00953279719546551,-1.5329259392022092
3234,Lunner,2023,0,0.00953279719546551,-1.5979100548650684
1834,Lurøy,2016,0,0.00236761440622309,-0.12467406730648553
1834,Lurøy,2017,0,0.00236761440622309,-0.1815508066622009
1834,Lurøy,2018,0,0.00236761440622309,-0.17385006685325496
1834,Lurøy,2019,0,0.00236761440622309,-0.19769158145113644
1834,Lurøy,2020,0,0.00236761440622309,-0.23370903431435977
1834,Lurøy,2021,11,0.00236761440622309,-0.27250559735247404
1834,Lurøy,2022,11,0.00236761440622309,-0.33118787532895255
1834,Lurøy,2023,11,0.00236761440622309,-0.4035067259247741
4644,Luster,2016,7.4,0.00222602264812352,0.019852510045352934
4644,Luster,2017,7.4,0.00222602264812352,-0.061969551402705075
4644,Luster,2018,57.4,0.00222602264812352,0.3906004054273657
4644,Luster,2019,57.4,0.00222602264812352,0.1820374822613871
4644,Luster,2020,57.4,0.00222602264812352,0.06733621944326537
4644,Luster,2021,57.4,0.00222602264812352,-0.06178678121947348
4644,Luster,2022,129.4,0.00222602264812352,0.11924990288945216
4644,Luster,2023,155.2,0.00222602264812352,0.04392844557087386
4225,Lyngdal,2016,50,0.00378480705341792,0.4668673965239746
4225,Lyngdal,2017,50,0.00378480705341792,0.24144118357134955
4225,Lyngdal,2018,50,0.00378480705341792,0.06799389938937903
4225,Lyngdal,2019,72,0.00378480705341792,0.019984903141356362
4225,Lyngdal,2020,72,0.00378480705341792,-0.11473001168619948
4225,Lyngdal,2021,72,0.00378480705341792,-0.25550638692067623
4225,Lyngdal,2022,72,0.00378480705341792,-0.34078678874494467
4225,Lyngdal,2023,72,0.00378480705341792,-0.4537800785144662
5424,Lyngen,2016,0,0.00175045327091039,-0.02458511501763705
5424,Lyngen,2017,0,0.00175045327091039,-0.0814618543733524
5424,Lyngen,2018,0,0.00175045327091039,-0.07376111456440648
5424,Lyngen,2019,0,0.00175045327091039,-0.09760262916228796
5424,Lyngen,2020,0,0.00175045327091039,-0.1336200820255113
5424,Lyngen,2021,0,0.00175045327091039,-0.21692776074182862
5424,Lyngen,2022,22,0.00175045327091039,-0.1913841903508467
5424,Lyngen,2023,44,0.00175045327091039,-0.20627778036704048
4642,Lærdal,2016,33,0.00249021198571491,0.3975520729738723
4642,Lærdal,2017,33,0.00249021198571491,0.22943268104419662
4642,Lærdal,2018,33,0.00249021198571491,0.11757572501913767
4642,Lærdal,2019,33,0.00249021198571491,-0.012464508790367562
4642,Lærdal,2020,40.4,0.00249021198571491,-0.057867952011075696
4642,Lærdal,2021,55.2,0.00249021198571491,-0.1135342719723133
4642,Lærdal,2022,55.2,0.00249021198571491,-0.1914892888680101
4642,Lærdal,2023,105.2,0.00249021198571491,-0.14609863002948453
1851,Lødingen,2016,0,0.00149548305251567,0.01676502931874635
1851,Lødingen,2017,0,0.00149548305251567,-0.040111710036969006
1851,Lødingen,2018,0,0.00149548305251567,-0.032410970228023084
1851,Lødingen,2019,0,0.00149548305251567,-0.05625248482590456
1851,Lødingen,2020,0,0.00149548305251567,-0.09226993768912789
1851,Lødingen,2021,0,0.00149548305251567,-0.17557761640544522
1851,Lødingen,2022,11,0.00149548305251567,-0.18974877870372064
1851,Lødingen,2023,11,0.00149548305251567,-0.2620676292995422
3222,Lørenskog,2016,14.6,0.00175033806190596,0.2152755428310341
3222,Lørenskog,2017,14.6,0.00175033806190596,0.10918235718502114
3222,Lørenskog,2018,14.6,0.00175033806190596,0.06398787398861949
3222,Lørenskog,2019,29.4,0.00175033806190596,0.08514997587544745
3222,Lørenskog,2020,186.8,0.00175033806190596,0.7713776160806785
3222,Lørenskog,2021,186.8,0.00175033806190596,0.5389705969533587
3222,Lørenskog,2022,216.2,0.00175033806190596,0.509780047304835
3222,Lørenskog,2023,516.2,0.00175033806190596,1.1837258984039816
3412,Løten,2016,22,0.00168607088791002,0.3472618998639408
3412,Løten,2017,22,0.00168607088791002,0.21622339212558525
3412,Løten,2018,22,0.00168607088791002,0.14421900137852792
3412,Løten,2019,22,0.00168607088791002,0.049578340639563956
3412,Løten,2020,22,0.00168607088791002,-0.01659667004609433
3412,Løten,2021,22,0.00168607088791002,-0.11746422825407155
3412,Løten,2022,22,0.00168607088791002,-0.1809428892194957
3412,Løten,2023,22,0.00168607088791002,-0.2605964747482795
5031,Malvik,2016,0,0.00285115863820431,-0.20309351531627384
5031,Malvik,2017,0,0.00285115863820431,-0.2599702546719892
5031,Malvik,2018,0,0.00285115863820431,-0.2522695148630433
5031,Malvik,2019,0,0.00285115863820431,-0.27611102946092475
5031,Malvik,2020,0,0.00285115863820431,-0.3121284823241481
5031,Malvik,2021,0,0.00285115863820431,-0.3954361610404654
5031,Malvik,2022,75,0.00285115863820431,-0.17853978769215273
5031,Malvik,2023,75,0.00285115863820431,-0.29353345971611855
3122,Marker,2016,0,0.00136080758790121,0.038606207223517375
3122,Marker,2017,0,0.00136080758790121,-0.01827053213219798
3122,Marker,2018,0,0.00136080758790121,-0.010569792323252059
3122,Marker,2019,0,0.00136080758790121,-0.03441130692113353
3122,Marker,2020,0,0.00136080758790121,-0.07042875978435686
3122,Marker,2021,0,0.00136080758790121,-0.1537364385006742
3122,Marker,2022,150,0.00136080758790121,0.3339422031834839
3122,Marker,2023,150,0.00136080758790121,0.16893897479841152
4634,Masfjorden,2016,0,0.0017249821335311,-0.020454298431776152
4634,Masfjorden,2017,0,0.0017249821335311,-0.07733103778749151
4634,Masfjorden,2018,0,0.0017249821335311,-0.06963029797854559
4634,Masfjorden,2019,0,0.0017249821335311,-0.09347181257642706
4634,Masfjorden,2020,0,0.0017249821335311,-0.1294892654396504
4634,Masfjorden,2021,0,0.0017249821335311,-0.21279694415596773
4634,Masfjorden,2022,0,0.0017249821335311,-0.26668283914350044
4634,Masfjorden,2023,50,0.0017249821335311,-0.1844851468232005
5028,Melhus,2016,0,0.00343697074731307,-0.2980983963496661
5028,Melhus,2017,0,0.00343697074731307,-0.3549751357053815
5028,Melhus,2018,0,0.00343697074731307,-0.34727439589643555
5028,Melhus,2019,0,0.00343697074731307,-0.371115910494317
5028,Melhus,2020,0,0.00343697074731307,-0.40713336335754036
5028,Melhus,2021,0,0.00343697074731307,-0.4904410420738577
5028,Melhus,2022,150,0.00343697074731307,-0.002762400389699611
5028,Melhus,2023,150,0.00343697074731307,-0.16776562877477194
1837,Meløy,2016,0,0.0026164538579342,-0.16502994616019404
1837,Meløy,2017,0,0.0026164538579342,-0.2219066855159094
1837,Meløy,2018,0,0.0026164538579342,-0.21420594570696347
1837,Meløy,2019,7.4,0.0026164538579342,-0.19205320811567647
1837,Meløy,2020,14.8,0.0026164538579342,-0.20236422041573301
1837,Meløy,2021,59,0.0026164538579342,-0.11863115324675103
1837,Meløy,2022,59,0.0026164538579342,-0.19824310244771995
1837,Meløy,2023,59,0.0026164538579342,-0.30256806911464973
5034,Meråker,2016,0,0.00127044369135093,0.05326109589513284
5034,Meråker,2017,22,0.00127044369135093,0.28362830190700417
5034,Meråker,2018,22,0.00127044369135093,0.2116239111599468
5034,Meråker,2019,22,0.00127044369135093,0.11698325042098284
5034,Meråker,2020,22,0.00127044369135093,0.050808239735324556
5034,Meråker,2021,22,0.00127044369135093,-0.05005931847265266
5034,Meråker,2022,22,0.00127044369135093,-0.11353797943807681
5034,Meråker,2023,72,0.00127044369135093,-0.04600975698370141
4020,Midt-Telemark,2016,0,0.00298135128489323,-0.22420768608498853
4020,Midt-Telemark,2017,0,0.00298135128489323,-0.2810844254407039
4020,Midt-Telemark,2018,0,0.00298135128489323,-0.27338368563175797
4020,Midt-Telemark,2019,62.5,0.00298135128489323,0.09123976758428351
4020,Midt-Telemark,2020,69.7,0.00298135128489323,0.004428852639418904
4020,Midt-Telemark,2021,69.7,0.00298135128489323,-0.1345117170118389
4020,Midt-Telemark,2022,69.7,0.00298135128489323,-0.2187892387566005
4020,Midt-Telemark,2023,69.7,0.00298135128489323,-0.33024890213104807
5027,Midtre Gauldal,2016,50,0.00205444839573053,0.7474906814690289
5027,Midtre Gauldal,2017,50,0.00205444839573053,0.5220644685164039
5027,Midtre Gauldal,2018,50,0.00205444839573053,0.34861718433443334
5027,Midtre Gauldal,2019,50,0.00205444839573053,0.1638685194159098
5027,Midtre Gauldal,2020,50,0.00205444839573053,0.059311162410788903
5027,Midtre Gauldal,2021,50,0.00205444839573053,-0.06390533333202805
5027,Midtre Gauldal,2022,50,0.00205444839573053,-0.139592969178405
5027,Midtre Gauldal,2023,50,0.00205444839573053,-0.237916789082002
4629,Modalen,2016,7.4,0.00126450492580714,0.17578796340964384
4629,Modalen,2017,7.4,0.00126450492580714,0.09396590196158583
4629,Modalen,2018,7.4,0.00126450492580714,0.07485673421987615
4629,Modalen,2019,7.4,0.00126450492580714,0.027200961374539645
4629,Modalen,2020,7.4,0.00126450492580714,-0.01896039730168453
4629,Modalen,2021,7.4,0.00126450492580714,-0.10817458093792381
4629,Modalen,2022,7.4,0.00126450492580714,-0.16528713357256541
4629,Modalen,2023,7.4,0.00126450492580714,-0.23520552546305384
3316,Modum,2016,0,0.00212408833235106,-0.08517989278021959
3316,Modum,2017,0,0.00212408833235106,-0.14205663213593495
3316,Modum,2018,3.6,0.00212408833235106,-0.10039499535782082
3316,Modum,2019,33,0.00212408833235106,0.046912096080880844
3316,Modum,2020,33,0.00212408833235106,-0.03434169351599492
3316,Modum,2021,108,0.00212408833235106,0.15949568815430987
3316,Modum,2022,108,0.00212408833235106,0.058518032911673484
3316,Modum,2023,415,0.00212408833235106,0.8252164571054186
1506,Molde,2016,36.6,0.00966555793491289,-0.7069803657983381
1506,Molde,2017,36.6,0.00966555793491289,-0.8872353198269913
1506,Molde,2018,86.6,0.00966555793491289,-0.5404558090076159
1506,Molde,2019,258.6,0.00966555793491289,0.2260670834630667
1506,Molde,2020,291.6,0.00966555793491289,-0.004565587349951938
1506,Molde,2021,291.6,0.00966555793491289,-0.32062148696481485
1506,Molde,2022,291.6,0.00966555793491289,-0.5016551346411275
1506,Molde,2023,363.6,0.00966555793491289,-0.5491346019402197
1874,Moskenes,2016,0,0.00139155429989926,0.033619817099238836
1874,Moskenes,2017,0,0.00139155429989926,-0.02325692225647652
1874,Moskenes,2018,0,0.00139155429989926,-0.015556182447530598
1874,Moskenes,2019,0,0.00139155429989926,-0.03939769704541207
1874,Moskenes,2020,0,0.00139155429989926,-0.0754151499086354
1874,Moskenes,2021,0,0.00139155429989926,-0.15872282862495274
1874,Moskenes,2022,0,0.00139155429989926,-0.21260872361248545
1874,Moskenes,2023,200,0.00139155429989926,0.3111343926572922
3103,Moss,2016,83,0.00495868741649221,0.8186003117007128
3103,Moss,2017,83,0.00495868741649221,0.4819314461741274
3103,Moss,2018,205,0.00495868741649221,1.3398235301132961
3103,Moss,2019,227,0.00495868741649221,0.793002367871283
3103,Moss,2020,227,0.00495868741649221,0.44581375020384484
3103,Moss,2021,227,0.00495868741649221,0.1813200421872194
3103,Moss,2022,252.6,0.00495868741649221,0.12088125795916874
3103,Moss,2023,752.6,0.00495868741649221,1.3592830363036952
5418,Målselv,2016,0,0.00418266425251629,-0.41903226174378755
5418,Målselv,2017,0,0.00418266425251629,-0.4759090010995029
5418,Målselv,2018,0,0.00418266425251629,-0.468208261290557
5418,Målselv,2019,0,0.00418266425251629,-0.49204977588843846
5418,Målselv,2020,22,0.00418266425251629,-0.42148511790359583
5418,Målselv,2021,22,0.00418266425251629,-0.5223526761115731
5418,Målselv,2022,22,0.00418266425251629,-0.5858313370769972
5418,Målselv,2023,91.9,0.00418266425251629,-0.4597247550453244
5434,Måsøy,2016,0,0.00123548114981251,0.058931193948476346
5434,Måsøy,2017,0,0.00123548114981251,0.0020544545927609903
5434,Måsøy,2018,0,0.00123548114981251,0.009755194401706913
5434,Måsøy,2019,0,0.00123548114981251,-0.014086320196174562
5434,Måsøy,2020,0,0.00123548114981251,-0.050103773059397894
5434,Måsøy,2021,0,0.00123548114981251,-0.13341145177571523
5434,Måsøy,2022,0,0.00123548114981251,-0.18729734676324794
5434,Måsøy,2023,0,0.00123548114981251,-0.25228146242610716
5007,Namsos,2016,14.8,0.00713442596850775,-0.6546107801569061
5007,Namsos,2017,14.8,0.00713442596850775,-0.7613781636973067
5007,Namsos,2018,36.8,0.00713442596850775,-0.5997584241780887
5007,Namsos,2019,36.8,0.00713442596850775,-0.7420276014119628
5007,Namsos,2020,36.8,0.00713442596850775,-0.8284904237236227
5007,Namsos,2021,59,0.00713442596850775,-0.8513394674027066
5007,Namsos,2022,197,0.00713442596850775,-0.43271204286572007
5007,Namsos,2023,226.4,0.00713442596850775,-0.5425116901429882
5044,Namsskogan,2016,7.4,0.00177832810885923,0.09245798504451627
5044,Namsskogan,2017,51.4,0.00177832810885923,0.5851238143316315
5044,Namsskogan,2018,51.4,0.00177832810885923,0.40660438547791533
5044,Namsskogan,2019,51.4,0.00177832810885923,0.21735032035041385
5044,Namsskogan,2020,51.4,0.00177832810885923,0.1108738460293198
5044,Namsskogan,2021,51.4,0.00177832810885923,-0.013460096590239112
5044,Namsskogan,2022,51.4,0.00177832810885923,-0.0897581811806637
5044,Namsskogan,2023,51.4,0.00177832810885923,-0.18901551280300133
3238,Nannestad,2016,0,0.00190129525264402,-0.04904811997539915
3238,Nannestad,2017,0,0.00190129525264402,-0.10592485933111451
3238,Nannestad,2018,0,0.00190129525264402,-0.09822411952216858
3238,Nannestad,2019,0,0.00190129525264402,-0.12206563412005006
3238,Nannestad,2020,0,0.00190129525264402,-0.1580830869832734
3238,Nannestad,2021,0,0.00190129525264402,-0.24139076569959073
3238,Nannestad,2022,0,0.00190129525264402,-0.29527666068712344
3238,Nannestad,2023,150,0.00190129525264402,0.081284647599495
3228,Nes (Akershus),2016,7.4,0.0034715167722843,-0.18213720517870638
3228,Nes (Akershus),2017,47.8,0.0034715167722843,0.26352506941189474
3228,Nes (Akershus),2018,69.8,0.0034715167722843,0.3055871130971079
3228,Nes (Akershus),2019,69.8,0.0034715167722843,0.05711921665161012
3228,Nes (Akershus),2020,69.8,0.0034715167722843,-0.07457994239370222
3228,Nes (Akershus),2021,113.8,0.0034715167722843,-0.03555586696620072
3228,Nes (Akershus),2022,150.6,0.0034715167722843,-0.006198691151674901
3228,Nes (Akershus),2023,150.6,0.0034715167722843,-0.1716019959876361
3322,Nes (Buskerud),2016,0,0.00237090204532945,-0.12520724468080724
3322,Nes (Buskerud),2017,0,0.00237090204532945,-0.1820839840365226
3322,Nes (Buskerud),2018,0,0.00237090204532945,-0.17438324422757667
3322,Nes (Buskerud),2019,0,0.00237090204532945,-0.19822475882545815
3322,Nes (Buskerud),2020,350,0.00237090204532945,1.461382279076004
3322,Nes (Buskerud),2021,350,0.00237090204532945,1.0987128811741897
3322,Nes (Buskerud),2022,350,0.00237090204532945,0.892214800174747
3322,Nes (Buskerud),2023,800,0.00237090204532945,1.918489026675157
1828,Nesna,2016,7.4,0.00161244431266386,0.11936041686157986
1828,Nesna,2017,7.4,0.00161244431266386,0.03753835541352185
1828,Nesna,2018,7.4,0.00161244431266386,0.018429187671812175
1828,Nesna,2019,7.4,0.00161244431266386,-0.029226585173524333
1828,Nesna,2020,7.4,0.00161244431266386,-0.0753879438497485
1828,Nesna,2021,7.4,0.00161244431266386,-0.1646021274859878
1828,Nesna,2022,7.4,0.00161244431266386,-0.2217146801206294
1828,Nesna,2023,7.4,0.00161244431266386,-0.2916330720111178
3212,Nesodden,2016,0,0.00162671903080728,-0.004518345181422079
3212,Nesodden,2017,0,0.00162671903080728,-0.061395084537137434
3212,Nesodden,2018,0,0.00162671903080728,-0.05369434472819151
3212,Nesodden,2019,200,0.00162671903080728,1.1655520376784805
3212,Nesodden,2020,200,0.00162671903080728,0.8553749682476668
3212,Nesodden,2021,200,0.00162671903080728,0.6124320214253512
3212,Nesodden,2022,200,0.00162671903080728,0.47133916300244133
3212,Nesodden,2023,200,0.00162671903080728,0.2729962303766313
4030,Nissedal,2016,0,0.0016876419842634,-0.014398608588928719
4030,Nissedal,2017,3.6,0.0016876419842634,-0.02427179324812989
4030,Nissedal,2018,3.6,0.0016876419842634,-0.029613711166529944
4030,Nissedal,2019,3.6,0.0016876419842634,-0.06504054058749764
4030,Nissedal,2020,3.6,0.0016876419842634,-0.10599286654893764
4030,Nissedal,2021,3.6,0.0016876419842634,-0.192173980091163
4030,Nissedal,2022,3.6,0.0016876419842634,-0.2476296004205324
4030,Nissedal,2023,3.6,0.0016876419842634,-0.31501417478872484
3232,Nittedal,2016,3.6,0.0014504054850861,0.0832146623434713
3232,Nittedal,2017,3.6,0.0014504054850861,0.014202360888778465
3232,Nittedal,2018,3.6,0.0014504054850861,0.008860442970378413
3232,Nittedal,2019,53.6,0.0014504054850861,0.28420558780054905
3232,Nittedal,2020,53.6,0.0014504054850861,0.17471335769721152
3232,Nittedal,2021,53.6,0.0014504054850861,0.04862342712848661
3232,Nittedal,2022,128.6,0.0014504054850861,0.2421483342761182
3232,Nittedal,2023,150.6,0.0014504054850861,0.15617449481867168
4018,Nome,2016,0,0.00177997541769933,-0.029372909602151
4018,Nome,2017,0,0.00177997541769933,-0.08624964895786635
4018,Nome,2018,0,0.00177997541769933,-0.07854890914892043
4018,Nome,2019,0,0.00177997541769933,-0.1023904237468019
4018,Nome,2020,0,0.00177997541769933,-0.13840787661002524
4018,Nome,2021,0,0.00177997541769933,-0.22171555532634257
4018,Nome,2022,0,0.00177997541769933,-0.2756014503138753
4018,Nome,2023,0,0.00177997541769933,-0.3405855659767345
3451,Nord-Aurdal,2016,0,0.00608023005502051,-0.7267725943808465
3451,Nord-Aurdal,2017,0,0.00608023005502051,-0.783649333736562
3451,Nord-Aurdal,2018,0,0.00608023005502051,-0.7759485939276161
3451,Nord-Aurdal,2019,22,0.00608023005502051,-0.6630504398549966
3451,Nord-Aurdal,2020,172,0.00608023005502051,-0.0025292402129324376
3451,Nord-Aurdal,2021,379.4,0.00608023005502051,0.6161136042868023
3451,Nord-Aurdal,2022,529.4,0.00608023005502051,0.9383606363340495
3451,Nord-Aurdal,2023,679.4,0.00608023005502051,0.9619211561197376
3436,Nord-Fron,2016,0,0.00314124106612604,-0.2501380303170127
3436,Nord-Fron,2017,0,0.00314124106612604,-0.30701476967272806
3436,Nord-Fron,2018,0,0.00314124106612604,-0.29931402986378214
3436,Nord-Fron,2019,0,0.00314124106612604,-0.3231555444616636
3436,Nord-Fron,2020,0,0.00314124106612604,-0.35917299732488694
3436,Nord-Fron,2021,22,0.00314124106612604,-0.3534584446847982
3436,Nord-Fron,2022,172,0.00314124106612604,0.12462743102146845
3436,Nord-Fron,2023,172,0.00314124106612604,-0.055045267229528475
3414,Nord-Odal,2016,0,0.00146206980109171,0.02218386912610648
3414,Nord-Odal,2017,0,0.00146206980109171,-0.034692870229608874
3414,Nord-Odal,2018,0,0.00146206980109171,-0.026992130420662952
3414,Nord-Odal,2019,0,0.00146206980109171,-0.05083364501854443
3414,Nord-Odal,2020,0,0.00146206980109171,-0.08685109788176776
3414,Nord-Odal,2021,0,0.00146206980109171,-0.1701587765980851
3414,Nord-Odal,2022,0,0.00146206980109171,-0.2240446715856178
3414,Nord-Odal,2023,62.5,0.00146206980109171,-0.10505152726952804
5435,Nordkapp,2016,7.4,0.00199125441395861,0.05792636992371866
5435,Nordkapp,2017,7.4,0.00199125441395861,-0.023895691524339346
5435,Nordkapp,2018,7.4,0.00199125441395861,-0.04300485926604902
5435,Nordkapp,2019,7.4,0.00199125441395861,-0.09066063211138553
5435,Nordkapp,2020,7.4,0.00199125441395861,-0.1368219907876097
5435,Nordkapp,2021,7.4,0.00199125441395861,-0.226036174423849
5435,Nordkapp,2022,7.4,0.00199125441395861,-0.2831487270584906
5435,Nordkapp,2023,207.4,0.00199125441395861,0.23566011298365788
3207,Nordre Follo,2016,29.4,0.00774837259680871,-0.5143364416984233
3207,Nordre Follo,2017,29.4,0.00774837259680871,-0.6703202715291215
3207,Nordre Follo,2018,29.4,0.00774837259680871,-0.7691345698268345
3207,Nordre Follo,2019,123.4,0.00774837259680871,-0.30333817722111334
3207,Nordre Follo,2020,145.4,0.00774837259680871,-0.40193000265847395
3207,Nordre Follo,2021,145.4,0.00774837259680871,-0.601292521287852
3207,Nordre Follo,2022,145.4,0.00774837259680871,-0.718577878692904
3207,Nordre Follo,2023,149,0.00774837259680871,-0.869916764113041
3448,Nordre Land,2016,0,0.00226962071569269,-0.10878180634754508
3448,Nordre Land,2017,7.4,0.00226962071569269,-0.06904012771598134
3448,Nordre Land,2018,7.4,0.00226962071569269,-0.08814929545769101
3448,Nordre Land,2019,7.4,0.00226962071569269,-0.13580506830302752
3448,Nordre Land,2020,7.4,0.00226962071569269,-0.1819664269792517
3448,Nordre Land,2021,7.4,0.00226962071569269,-0.271180610615491
3448,Nordre Land,2022,207.4,0.00226962071569269,0.3937928856454551
3448,Nordre Land,2023,207.4,0.00226962071569269,0.1905156767920159
5428,Nordreisa,2016,0,0.00250155367659308,-0.14639585190148063
5428,Nordreisa,2017,0,0.00250155367659308,-0.203272591257196
5428,Nordreisa,2018,0,0.00250155367659308,-0.19557185144825007
5428,Nordreisa,2019,0,0.00250155367659308,-0.21941336604613154
5428,Nordreisa,2020,0,0.00250155367659308,-0.2554308189093549
5428,Nordreisa,2021,0,0.00250155367659308,-0.3387384976256722
5428,Nordreisa,2022,0,0.00250155367659308,-0.3926243926132049
5428,Nordreisa,2023,0,0.00250155367659308,-0.45760850827606414
3338,Nore og Uvdal,2016,0,0.00170467554729291,-0.017161049999802613
3338,Nore og Uvdal,2017,0,0.00170467554729291,-0.07403778935551797
3338,Nore og Uvdal,2018,0,0.00170467554729291,-0.06633704954657205
3338,Nore og Uvdal,2019,0,0.00170467554729291,-0.09017856414445352
3338,Nore og Uvdal,2020,0,0.00170467554729291,-0.12619601700767685
3338,Nore og Uvdal,2021,7.4,0.00170467554729291,-0.1795598542677485
3338,Nore og Uvdal,2022,7.4,0.00170467554729291,-0.2366724069023901
3338,Nore og Uvdal,2023,69.9,0.00170467554729291,-0.12261353881392956
4005,Notodden,2016,3.6,0.00210529817326667,-0.022993456203088597
4005,Notodden,2017,3.6,0.00210529817326667,-0.09200575765778143
4005,Notodden,2018,3.6,0.00210529817326667,-0.09734767557618149
4005,Notodden,2019,214.6,0.00210529817326667,1.1786832263426548
4005,Notodden,2020,236.6,0.00210529817326667,0.9550746157504729
4005,Notodden,2021,358.6,0.00210529817326667,1.1765871523866482
4005,Notodden,2022,458.6,0.00210529817326667,1.327382196407278
4005,Notodden,2023,458.6,0.00210529817326667,0.9566063134483728
5060,Nærøysund,2016,0,0.00360467288838835,-0.32529572073775614
5060,Nærøysund,2017,0,0.00360467288838835,-0.3821724600934715
5060,Nærøysund,2018,0,0.00360467288838835,-0.3744717202845256
5060,Nærøysund,2019,0,0.00360467288838835,-0.39831323488240705
5060,Nærøysund,2020,7.4,0.00360467288838835,-0.39848034136946275
5060,Nærøysund,2021,7.4,0.00360467288838835,-0.48769452500570204
5060,Nærøysund,2022,29.4,0.00360467288838835,-0.465377612261829
5060,Nærøysund,2023,51.4,0.00360467288838835,-0.485205478505652
5021,Oppdal,2016,22,0.00212943484499583,0.27535874296007556
5021,Oppdal,2017,33,0.00212943484499583,0.28794220790551334
5021,Oppdal,2018,33,0.00212943484499583,0.17608525188045437
5021,Oppdal,2019,40.4,0.00212943484499583,0.0920392702601176
5021,Oppdal,2020,62.4,0.00212943484499583,0.10722368569830695
5021,Oppdal,2021,212.4,0.00212943484499583,0.5810795625811418
5021,Oppdal,2022,223.4,0.00212943484499583,0.4742946051144959
5021,Oppdal,2023,223.4,0.00212943484499583,0.26034869090402063
3430,Os,2016,0,0.00208282317045225,-0.07848765863882487
3430,Os,2017,0,0.00208282317045225,-0.13536439799454023
3430,Os,2018,0,0.00208282317045225,-0.1276636581855943
3430,Os,2019,0,0.00208282317045225,-0.15150517278347578
3430,Os,2020,0,0.00208282317045225,-0.1875226256466991
3430,Os,2021,0,0.00208282317045225,-0.27083030436301647
3430,Os,2022,0,0.00208282317045225,-0.3247161993505492
3430,Os,2023,0,0.00208282317045225,-0.3897003150134084
5020,Osen,2016,0,0.0014322502904703,0.027019889097375183
5020,Osen,2017,0,0.0014322502904703,-0.029856850258340173
5020,Osen,2018,0,0.0014322502904703,-0.02215611044939425
5020,Osen,2019,0,0.0014322502904703,-0.045997625047275725
5020,Osen,2020,50,0.0014322502904703,0.16021699219874175
5020,Osen,2021,94,0.0014322502904703,0.2150449591687371
5020,Osen,2022,94,0.0014322502904703,0.12017179136657713
5020,Osen,2023,94,0.0014322502904703,-0.007490968268869025
0301,Oslo,2016,298.8,0.09248957085447722,-9.831779077525907
0301,Oslo,2017,490,0.09248957085447722,-8.399496454993002
0301,Oslo,2018,620.2,0.09248957085447722,-8.938793909910121
0301,Oslo,2019,664.4,0.09248957085447722,-10.68380529184724
0301,Oslo,2020,818.8,0.09248957085447722,-10.882568358450662
0301,Oslo,2021,1277.6,0.09248957085447722,-9.762904654505704
0301,Oslo,2022,1986.4,0.09248957085447722,-7.814795674632463
0301,Oslo,2023,2542.8,0.09248957085447722,-7.566460401134753
4630,Osterøy,2016,14.8,0.0016754270405076,0.23070984680163065
4630,Osterøy,2017,22.200000000000003,0.0016754270405076,0.22056088124850926
4630,Osterøy,2018,22.200000000000003,0.0016754270405076,0.14783189840548827
4630,Osterøy,2019,44.2,0.0016754270405076,0.18928727773574255
4630,Osterøy,2020,144.2,0.0016754270405076,0.5771446898295634
4630,Osterøy,2021,177.2,0.0016754270405076,0.5122733298434303
4630,Osterøy,2022,177.2,0.0016754270405076,0.38112206525215353
4630,Osterøy,2023,184.6,0.0016754270405076,0.21976494534162744
5047,Overhalla,2016,36.8,0.00378332594648989,0.2502641688181892
5047,Overhalla,2017,36.8,0.00378332594648989,0.06933501689514837
5047,Overhalla,2018,36.8,0.00378332594648989,-0.05628918895322023
5047,Overhalla,2019,36.8,0.00378332594648989,-0.19855836618709427
5047,Overhalla,2020,36.8,0.00378332594648989,-0.2850211884987542
5047,Overhalla,2021,36.8,0.00378332594648989,-0.39770175654657525
5047,Overhalla,2022,59,0.00378332594648989,-0.3874821813788071
5047,Overhalla,2023,59,0.00378332594648989,-0.49180714804573683
5436,Porsanger - Porsá?gu - Porsanki,2016,0,0.0028583772613991,-0.20426420541841128
5436,Porsanger - Porsá?gu - Porsanki,2017,0,0.0028583772613991,-0.26114094477412664
5436,Porsanger - Porsá?gu - Porsanki,2018,22,0.0028583772613991,-0.04590139015359733
5436,Porsanger - Porsá?gu - Porsanki,2019,22,0.0028583772613991,-0.14054205089256128
5436,Porsanger - Porsá?gu - Porsanki,2020,22,0.0028583772613991,-0.20671706157821956
5436,Porsanger - Porsá?gu - Porsanki,2021,22,0.0028583772613991,-0.3075846197861968
5436,Porsanger - Porsá?gu - Porsanki,2022,22,0.0028583772613991,-0.3710632807516209
5436,Porsanger - Porsá?gu - Porsanki,2023,44,0.0028583772613991,-0.3859568707678147
4001,Porsgrunn,2016,25.6,0.00826950942061768,-0.6612771430530721
4001,Porsgrunn,2017,44,0.00826950942061768,-0.5642108222193327
4001,Porsgrunn,2018,44,0.00826950942061768,-0.7159203435223933
4001,Porsgrunn,2019,44,0.00826950942061768,-0.8813601504024398
4001,Porsgrunn,2020,116,0.00826950942061768,-0.6288785379532262
4001,Porsgrunn,2021,345.4,0.00826950942061768,0.12348441297259405
4001,Porsgrunn,2022,345.4,0.00826950942061768,-0.08100790786783507
4001,Porsgrunn,2023,645.4,0.00826950942061768,0.5067881474732452
5043,Raarvihke - Røyrvik,2016,0,0.00140927584802859,0.030745800762642495
5043,Raarvihke - Røyrvik,2017,0,0.00140927584802859,-0.02613093859307286
5043,Raarvihke - Røyrvik,2018,0,0.00140927584802859,-0.01843019878412694
5043,Raarvihke - Røyrvik,2019,0,0.00140927584802859,-0.04227171338200841
5043,Raarvihke - Røyrvik,2020,0,0.00140927584802859,-0.07828916624523174
5043,Raarvihke - Røyrvik,2021,0,0.00140927584802859,-0.16159684496154908
5043,Raarvihke - Røyrvik,2022,0,0.00140927584802859,-0.2154827399490818
5043,Raarvihke - Røyrvik,2023,0,0.00140927584802859,-0.280466855611941
3120,Rakkestad,2016,0,0.00169187203159245,-0.015084622307343365
3120,Rakkestad,2017,0,0.00169187203159245,-0.07196136166305872
3120,Rakkestad,2018,0,0.00169187203159245,-0.0642606218541128
3120,Rakkestad,2019,0,0.00169187203159245,-0.08810213645199427
3120,Rakkestad,2020,0,0.00169187203159245,-0.1241195893152176
3120,Rakkestad,2021,0,0.00169187203159245,-0.20742726803153494
3120,Rakkestad,2022,0,0.00169187203159245,-0.26131316301906765
3120,Rakkestad,2023,0,0.00169187203159245,-0.32629727868192687
1833,Rana,2016,33,0.0068865457667361,-0.3154293785096747
1833,Rana,2017,83,0.0068865457667361,0.16927837812334656
1833,Rana,2018,83,0.0068865457667361,-0.1237266018926289
1833,Rana,2019,127,0.0068865457667361,-0.14119464868177445
1833,Rana,2020,177,0.0068865457667361,-0.10907138795617682
1833,Rana,2021,199,0.0068865457667361,-0.24463404758989654
1833,Rana,2022,199,0.0068865457667361,-0.38529087119562955
1833,Rana,2023,206.4,0.0068865457667361,-0.5611841021551173
1127,Randaberg,2016,0,0.00239555218519821,-0.12920491487108532
1127,Randaberg,2017,0,0.00239555218519821,-0.18608165422680067
1127,Randaberg,2018,0,0.00239555218519821,-0.17838091441785475
1127,Randaberg,2019,0,0.00239555218519821,-0.20222242901573623
1127,Randaberg,2020,200,0.00239555218519821,0.7306883985580036
1127,Randaberg,2021,211,0.00239555218519821,0.532256567413891
1127,Randaberg,2022,211,0.00239555218519821,0.3863673260020354
1127,Randaberg,2023,211,0.00239555218519821,0.1806896584432631
1539,Rauma,2016,7.4,0.00202472047821933,0.05249896512223265
1539,Rauma,2017,29.4,0.00202472047821933,0.2579208490417613
1539,Rauma,2018,29.4,0.00202472047821933,0.15910655074404836
1539,Rauma,2019,29.4,0.00202472047821933,0.04065163175762934
1539,Rauma,2020,149.3,0.00202472047821933,0.5452052193809298
1539,Rauma,2021,149.3,0.00202472047821933,0.3427298130234846
1539,Rauma,2022,156.7,0.00202472047821933,0.25046110364057955
1539,Rauma,2023,156.7,0.00202472047821933,0.08099035488724834
3424,Rendalen,2016,0,0.0015128585793718,0.013947129455989082
3424,Rendalen,2017,0,0.0015128585793718,-0.04292960989972627
3424,Rendalen,2018,0,0.0015128585793718,-0.03522887009078035
3424,Rendalen,2019,0,0.0015128585793718,-0.059070384688661826
3424,Rendalen,2020,0,0.0015128585793718,-0.09508783755188516
3424,Rendalen,2021,0,0.0015128585793718,-0.1783955162682025
3424,Rendalen,2022,0,0.0015128585793718,-0.2322814112557352
3424,Rendalen,2023,150,0.0015128585793718,0.14427989703088323
5022,Rennebu,2016,0,0.00175735979378491,-0.025705189822929908
5022,Rennebu,2017,0,0.00175735979378491,-0.08258192917864526
5022,Rennebu,2018,0,0.00175735979378491,-0.07488118936969934
5022,Rennebu,2019,0,0.00175735979378491,-0.09872270396758082
5022,Rennebu,2020,0,0.00175735979378491,-0.13474015683080415
5022,Rennebu,2021,0,0.00175735979378491,-0.21804783554712148
5022,Rennebu,2022,0,0.00175735979378491,-0.2719337305346542
5022,Rennebu,2023,200,0.00175735979378491,0.25180938573512346
5061,Rindal,2016,0,0.00160195373309259,-5.019991097777732e-4
5061,Rindal,2017,0,0.00160195373309259,-0.05737873846549313
5061,Rindal,2018,0,0.00160195373309259,-0.049677998656547206
5061,Rindal,2019,0,0.00160195373309259,-0.07351951325442868
5061,Rindal,2020,0,0.00160195373309259,-0.10953696611765201
5061,Rindal,2021,0,0.00160195373309259,-0.19284464483396935
5061,Rindal,2022,50,0.00160195373309259,-0.06620902759760511
5061,Rindal,2023,72,0.00160195373309259,-0.09977285198861202
3439,Ringebu,2016,0,0.00243972298898812,-0.13636837546529204
3439,Ringebu,2017,0,0.00243972298898812,-0.1932451148210074
3439,Ringebu,2018,0,0.00243972298898812,-0.18554437501206147
3439,Ringebu,2019,0,0.00243972298898812,-0.20938588960994295
3439,Ringebu,2020,0,0.00243972298898812,-0.24540334247316628
3439,Ringebu,2021,436.6,0.00243972298898812,1.437975624729013
3439,Ringebu,2022,436.6,0.00243972298898812,1.1937169285620517
3439,Ringebu,2023,686.6,0.00243972298898812,1.573519555384867
3305,Ringerike,2016,22,0.00543393607820907,-0.26055326987582855
3305,Ringerike,2017,22,0.00543393607820907,-0.39159177761418407
3305,Ringerike,2018,22,0.00543393607820907,-0.4635961683612414
3305,Ringerike,2019,22,0.00543393607820907,-0.5582368291002053
3305,Ringerike,2020,22,0.00543393607820907,-0.6244118397858637
3305,Ringerike,2021,22,0.00543393607820907,-0.7252793979938409
3305,Ringerike,2022,72,0.00543393607820907,-0.6082365467353681
3305,Ringerike,2023,802,0.00543393607820907,1.4276245600492352
3411,Ringsaker,2016,25.6,0.00536446802660374,-0.19014807667842243
3411,Ringsaker,2017,47.6,0.00536446802660374,-0.04607820114816885
3411,Ringsaker,2018,47.6,0.00536446802660374,-0.21083038017857542
3411,Ringsaker,2019,69.6,0.00536446802660374,-0.25111583321120734
3411,Ringsaker,2020,194.6,0.00536446802660374,0.2230393426331499
3411,Ringsaker,2021,694.6,0.00536446802660374,2.0076390788771086
3411,Ringsaker,2022,694.6,0.00536446802660374,1.6508833998785108
3411,Ringsaker,2023,1215.6,0.00536446802660374,2.6563785520878427
4201,Risør,2016,0,0.00258106129787461,-0.15929010926429213
4201,Risør,2017,0,0.00258106129787461,-0.21616684862000748
4201,Risør,2018,0,0.00258106129787461,-0.20846610881106156
4201,Risør,2019,0,0.00258106129787461,-0.23230762340894304
4201,Risør,2020,0,0.00258106129787461,-0.2683250762721664
4201,Risør,2021,0,0.00258106129787461,-0.3516327549884837
4201,Risør,2022,0,0.00258106129787461,-0.4055186499760164
4201,Risør,2023,22.200000000000003,0.00258106129787461,-0.40515404289435286
3336,Rollag,2016,0,0.00180474589022288,-0.033390094905508816
3336,Rollag,2017,0,0.00180474589022288,-0.09026683426122417
3336,Rollag,2018,0,0.00180474589022288,-0.08256609445227825
3336,Rollag,2019,0,0.00180474589022288,-0.10640760905015972
3336,Rollag,2020,0,0.00180474589022288,-0.14242506191338306
3336,Rollag,2021,0,0.00180474589022288,-0.2257327406297004
3336,Rollag,2022,0,0.00180474589022288,-0.2796186356172331
3336,Rollag,2023,0,0.00180474589022288,-0.3446027512800923
3112,Råde,2016,0,0.00195524558461646,-0.057797588945153855
3112,Råde,2017,0,0.00195524558461646,-0.11467432830086921
3112,Råde,2018,0,0.00195524558461646,-0.10697358849192329
3112,Råde,2019,0,0.00195524558461646,-0.13081510308980476
3112,Råde,2020,0,0.00195524558461646,-0.1668325559530281
3112,Råde,2021,0,0.00195524558461646,-0.25014023466934543
3112,Råde,2022,0,0.00195524558461646,-0.30402612965687814
3112,Råde,2023,0,0.00195524558461646,-0.36901024531973736
3224,Rælingen,2016,10.8,0.00172771005515453,0.15652064752967484
3224,Rælingen,2017,10.8,0.00172771005515453,0.06323722187702702
3224,Rælingen,2018,10.8,0.00172771005515453,0.031809988503935016
3224,Rælingen,2019,10.8,0.00172771005515453,-0.026787470563205185
3224,Rælingen,2020,10.8,0.00172771005515453,-0.07760954272107845
3224,Rælingen,2021,28.8,0.00172771005515453,-0.09670115480533287
3224,Rælingen,2022,28.8,0.00172771005515453,-0.16314485252755978
3224,Rælingen,2023,28.8,0.00172771005515453,-0.24733263783308396
1836,Rødøy,2016,0,0.00153470472797295,0.010404200389453222
1836,Rødøy,2017,0,0.00153470472797295,-0.046472538966262134
1836,Rødøy,2018,0,0.00153470472797295,-0.03877179915731621
1836,Rødøy,2019,0,0.00153470472797295,-0.06261331375519769
1836,Rødøy,2020,0,0.00153470472797295,-0.09863076661842102
1836,Rødøy,2021,25.6,0.00153470472797295,-0.07834893975637491
1836,Rødøy,2022,25.6,0.00153470472797295,-0.14339732606363587
1836,Rødøy,2023,33,0.00153470472797295,-0.20366846271624528
5025,Røros,2016,22,0.0041810702891264704,-0.057368044797968205
5025,Røros,2017,22,0.0041810702891264704,-0.18840655253632377
5025,Røros,2018,25.6,0.0041810702891264704,-0.2264500463142129
5025,Røros,2019,25.6,0.0041810702891264704,-0.3326760218762631
5025,Røros,2020,25.6,0.0041810702891264704,-0.40378590566013806
5025,Røros,2021,25.6,0.0041810702891264704,-0.5075268986940232
5025,Røros,2022,197.6,0.0041810702891264704,0.048418717048921256
5025,Røros,2023,205,0.0041810702891264704,-0.12654100219182576
1856,Røst,2016,0,0.00117524470951069,0.06870012114504098
1856,Røst,2017,0,0.00117524470951069,0.011823381789325627
1856,Røst,2018,0,0.00117524470951069,0.01952412159827155
1856,Røst,2019,0,0.00117524470951069,-0.004317392999609926
1856,Røst,2020,0,0.00117524470951069,-0.04033484586283326
1856,Røst,2021,0,0.00117524470951069,-0.12364252457915059
1856,Røst,2022,0,0.00117524470951069,-0.1775284195666833
1856,Røst,2023,0,0.00117524470951069,-0.24251253522954253
5417,Salangen,2016,0,0.00276528774061321,-0.1891672849037877
5417,Salangen,2017,0,0.00276528774061321,-0.24604402425950306
5417,Salangen,2018,0,0.00276528774061321,-0.23834328445055714
5417,Salangen,2019,0,0.00276528774061321,-0.2621847990484386
5417,Salangen,2020,0,0.00276528774061321,-0.29820225191166194
5417,Salangen,2021,0,0.00276528774061321,-0.3815099306279793
5417,Salangen,2022,0,0.00276528774061321,-0.435395825615512
5417,Salangen,2023,0,0.00276528774061321,-0.5003799412783712
1840,Saltdal,2016,11,0.00201906280062421,0.11255562352960288
1840,Saltdal,2017,22,0.00201906280062421,0.16221997266636076
1840,Saltdal,2018,22,0.00201906280062421,0.09021558191930343
1840,Saltdal,2019,36.8,0.00201906280062421,0.08756342555867638
1840,Saltdal,2020,36.8,0.00201906280062421,0.0011006032470164406
1840,Saltdal,2021,36.8,0.00201906280062421,-0.11157996480080462
1840,Saltdal,2022,36.8,0.00201906280062421,-0.1815119410604467
1840,Saltdal,2023,36.8,0.00201906280062421,-0.27103407904448895
4623,Samnanger,2016,0,0.0012473866566084,0.05700040207989143
4623,Samnanger,2017,0,0.0012473866566084,1.2366272417607682e-4
4623,Samnanger,2018,0,0.0012473866566084,0.007824402533121999
4623,Samnanger,2019,0,0.0012473866566084,-0.016017112064759476
4623,Samnanger,2020,22,0.0012473866566084,0.05454754592008315
4623,Samnanger,2021,22,0.0012473866566084,-0.04632001228789406
4623,Samnanger,2022,22,0.0012473866566084,-0.10979867325331821
4623,Samnanger,2023,22,0.0012473866566084,-0.18945225878210203
1514,Sande,2016,0,0.00180898109560432,-0.034076945138133474
1514,Sande,2017,0,0.00180898109560432,-0.09095368449384883
1514,Sande,2018,0,0.00180898109560432,-0.08325294468490291
1514,Sande,2019,0,0.00180898109560432,-0.10709445928278438
1514,Sande,2020,0,0.00180898109560432,-0.1431119121460077
1514,Sande,2021,0,0.00180898109560432,-0.22641959086232505
1514,Sande,2022,0,0.00180898109560432,-0.28030548584985776
1514,Sande,2023,0,0.00180898109560432,-0.345289601512717
3907,Sandefjord,2016,69.4,0.0055112343539788,0.505575814202625
3907,Sandefjord,2017,369.4,0.0055112343539788,4.13171529687058
3907,Sandefjord,2018,398.4,0.0055112343539788,3.074668327686268
3907,Sandefjord,2019,398.4,0.0055112343539788,1.7687186393335104
3907,Sandefjord,2020,398.4,0.0055112343539788,1.1865752302676473
3907,Sandefjord,2021,810.9,0.0055112343539788,2.4544409354167964
3907,Sandefjord,2022,810.9,0.0055112343539788,2.0469744071805267
3907,Sandefjord,2023,810.9,0.0055112343539788,1.441286968141384
1108,Sandnes,2016,32.8,0.01364449150125782,-1.4146939891433898
1108,Sandnes,2017,76.8,0.01364449150125782,-1.0076512924435046
1108,Sandnes,2018,76.8,0.01364449150125782,-1.2781939174846064
1108,Sandnes,2019,270.8,0.01364449150125782,-0.3433935548805771
1108,Sandnes,2020,431.8,0.01364449150125782,0.029364137175437843
1108,Sandnes,2021,431.8,0.01364449150125782,-0.39859608538172986
1108,Sandnes,2022,431.8,0.01364449150125782,-0.6407618144262419
1108,Sandnes,2023,481.8,0.01364449150125782,-0.8464858079289529
3105,Sarpsborg,2016,57.2,0.00645269238550607,0.15247767285579872
3105,Sarpsborg,2017,60.8,0.00645269238550607,-0.05021610959826717
3105,Sarpsborg,2018,90.2,0.00645269238550607,0.014555958285931259
3105,Sarpsborg,2019,112.2,0.00645269238550607,-0.1628223868198876
3105,Sarpsborg,2020,319.6,0.00645269238550607,0.6521352422356018
3105,Sarpsborg,2021,319.6,0.00645269238550607,0.3137304050858992
3105,Sarpsborg,2022,469.6,0.00645269238550607,0.6620523192003244
3105,Sarpsborg,2023,469.6,0.00645269238550607,0.28394170130845686
1135,Sauda,2016,50,0.00165538152686773,0.8122098974278096
1135,Sauda,2017,50,0.00165538152686773,0.5867836844751846
1135,Sauda,2018,50,0.00165538152686773,0.4133364002932141
1135,Sauda,2019,50,0.00165538152686773,0.22858773537469057
1135,Sauda,2020,72,0.00165538152686773,0.2306124892176356
1135,Sauda,2021,72,0.00165538152686773,0.08983611398315883
1135,Sauda,2022,72,0.00165538152686773,0.00455571215889039
1135,Sauda,2023,72,0.00165538152686773,-0.10843757761063116
3437,Sel,2016,0,0.00401147638423736,-0.39126963477292664
3437,Sel,2017,11,0.00401147638423736,-0.30452440144484866
3437,Sel,2018,11,0.00401147638423736,-0.3366762269139043
3437,Sel,2019,11,0.00401147638423736,-0.39591731458232704
3437,Sel,2020,11,0.00401147638423736,-0.44701354635676793
3437,Sel,2021,25.8,0.00401147638423736,-0.47921348190642377
3437,Sel,2022,40.6,0.00401147638423736,-0.4909147075588466
3437,Sel,2023,40.6,0.00401147638423736,-0.582970663065185
5032,Selbu,2016,0,0.0018955906432177,-0.04812296712952502
5032,Selbu,2017,0,0.0018955906432177,-0.10499970648524037
5032,Selbu,2018,0,0.0018955906432177,-0.09729896667629445
5032,Selbu,2019,7.4,0.0018955906432177,-0.07514622908500745
5032,Selbu,2020,7.4,0.0018955906432177,-0.12130758776123163
5032,Selbu,2021,29.4,0.0018955906432177,-0.12149954004106478
5032,Selbu,2022,29.4,0.0018955906432177,-0.18820485865359787
5032,Selbu,2023,29.4,0.0018955906432177,-0.2727927204100109
4022,Seljord,2016,25.6,0.00162734671853226,0.4159246892479127
4022,Seljord,2017,25.6,0.00162734671853226,0.27275061941057965
4022,Seljord,2018,25.6,0.00162734671853226,0.18770357093617632
4022,Seljord,2019,33,0.00162734671853226,0.12747184756329458
4022,Seljord,2020,33,0.00162734671853226,0.04621805796641881
4022,Seljord,2021,233,0.00162734671853226,0.7458635723435767
4022,Seljord,2022,233,0.00162734671853226,0.5903815649538295
4022,Seljord,2023,433,0.00162734671853226,0.9587616594617695
5421,Senja,2016,22,0.00611000395222425,-0.37019550318341277
5421,Senja,2017,22,0.00611000395222425,-0.5012340109217683
5421,Senja,2018,36.8,0.00611000395222425,-0.43362138079557866
5421,Senja,2019,36.8,0.00611000395222425,-0.5758905580294527
5421,Senja,2020,77.2,0.00611000395222425,-0.46662986769284603
5421,Senja,2021,77.2,0.00611000395222425,-0.6115567598980788
5421,Senja,2022,84.6,0.00611000395222425,-0.6723873589625303
5421,Senja,2023,99.4,0.00611000395222425,-0.7502164390377026
3332,Sigdal,2016,0,0.00156458595489329,0.005558171492888286
3332,Sigdal,2017,0,0.00156458595489329,-0.05131856786282707
3332,Sigdal,2018,0,0.00156458595489329,-0.04361782805388115
3332,Sigdal,2019,0,0.00156458595489329,-0.06745934265176262
3332,Sigdal,2020,0,0.00156458595489329,-0.10347679551498595
3332,Sigdal,2021,0,0.00156458595489329,-0.1867844742313033
3332,Sigdal,2022,0,0.00156458595489329,-0.240670369218836
3332,Sigdal,2023,50,0.00156458595489329,-0.15847267689853606
4010,Siljan,2016,0,0.00122866579506926,0.0600364834372305
4010,Siljan,2017,0,0.00122866579506926,0.003159744081515148
4010,Siljan,2018,0,0.00122866579506926,0.01086048389046107
4010,Siljan,2019,0,0.00122866579506926,-0.012981030707420405
4010,Siljan,2020,0,0.00122866579506926,-0.048998483570643736
4010,Siljan,2021,0,0.00122866579506926,-0.13230616228696107
4010,Siljan,2022,0,0.00122866579506926,-0.18619205727449378
4010,Siljan,2023,0,0.00122866579506926,-0.251176172937353
4228,Sirdal,2016,0,0.00164883644150646,-0.008105266550184953
4228,Sirdal,2017,400,0.00164883644150646,5.157635182595675
4228,Sirdal,2018,400,0.00164883644150646,3.716151730477289
4228,Sirdal,2019,400,0.00164883644150646,2.405053013314271
4228,Sirdal,2020,400,0.00164883644150646,1.8207163273158673
4228,Sirdal,2021,400,0.00164883644150646,1.4181381123875534
4228,Sirdal,2022,400,0.00164883644150646,1.1898382905292662
4228,Sirdal,2023,600,0.00164883644150646,1.4468637728731424
5029,Skaun,2016,0,0.00149051706259576,0.017570395534668104
5029,Skaun,2017,0,0.00149051706259576,-0.03930634382104725
5029,Skaun,2018,0,0.00149051706259576,-0.03160560401210133
5029,Skaun,2019,0,0.00149051706259576,-0.055447118609982804
5029,Skaun,2020,0,0.00149051706259576,-0.09146457147320614
5029,Skaun,2021,0,0.00149051706259576,-0.17477225018952347
5029,Skaun,2022,150,0.00149051706259576,0.3129063914946346
5029,Skaun,2023,150,0.00149051706259576,0.14790316310956225
4003,Skien,2016,62.4,0.0034294698136791,0.7281961022897435
4003,Skien,2017,62.4,0.0034294698136791,0.46096961988508506
4003,Skien,2018,69.8,0.0034294698136791,0.3124061361899907
4003,Skien,2019,219.8,0.0034294698136791,0.996254162497908
4003,Skien,2020,219.8,0.0034294698136791,0.658935291026903
4003,Skien,2021,227.2,0.0034294698136791,0.43013229411833914
4003,Skien,2022,227.2,0.0034294698136791,0.27717928866821795
4003,Skien,2023,427.2,0.0034294698136791,0.6494267888680835
3116,Skiptvet,2016,0,0.00125593839595727,0.05561351203983406
3116,Skiptvet,2017,0,0.00125593839595727,-0.001263227315881299
3116,Skiptvet,2018,0,0.00125593839595727,0.006437512493064623
3116,Skiptvet,2019,0,0.00125593839595727,-0.01740400210481685
3116,Skiptvet,2020,0,0.00125593839595727,-0.05342145496804018
3116,Skiptvet,2021,0,0.00125593839595727,-0.13672913368435752
3116,Skiptvet,2022,0,0.00125593839595727,-0.19061502867189023
3116,Skiptvet,2023,0,0.00125593839595727,-0.25559914433474945
5427,Skjervøy,2016,0,0.00206037681264999,-0.07484738982314429
5427,Skjervøy,2017,0,0.00206037681264999,-0.13172412917885964
5427,Skjervøy,2018,0,0.00206037681264999,-0.12402338936991372
5427,Skjervøy,2019,0,0.00206037681264999,-0.1478649039677952
5427,Skjervøy,2020,0,0.00206037681264999,-0.18388235683101853
5427,Skjervøy,2021,0,0.00206037681264999,-0.2671900355473359
5427,Skjervøy,2022,0,0.00206037681264999,-0.3210759305348686
5427,Skjervøy,2023,62.5,0.00206037681264999,-0.20208278621877881
3433,Skjåk,2016,0,0.00183108857296883,-0.03766225555474312
3433,Skjåk,2017,50,0.00183108857296883,0.5582881536522384
3433,Skjåk,2018,50,0.00183108857296883,0.3848408694702679
3433,Skjåk,2019,50,0.00183108857296883,0.20009220455174437
3433,Skjåk,2020,50,0.00183108857296883,0.09553484754662345
3433,Skjåk,2021,79.4,0.00183108857296883,0.09128442461645836
3433,Skjåk,2022,101.4,0.00183108857296883,0.08220683052359559
3433,Skjåk,2023,101.4,0.00183108857296883,-0.05039020533947974
1573,Smøla,2016,0,0.00162377538145694,-0.004040954816858733
1573,Smøla,2017,0,0.00162377538145694,-0.06091769417257409
1573,Smøla,2018,0,0.00162377538145694,-0.053216954363628166
1573,Smøla,2019,0,0.00162377538145694,-0.07705846896150964
1573,Smøla,2020,0,0.00162377538145694,-0.11307592182473297
1573,Smøla,2021,0,0.00162377538145694,-0.1963836005410503
1573,Smøla,2022,44,0.00162377538145694,-0.09141056477155374
1573,Smøla,2023,44,0.00162377538145694,-0.18573362016626216
5041,Snåase - Snåsa,2016,0,0.00168023178714594,-0.013196849723531856
5041,Snåase - Snåsa,2017,0,0.00168023178714594,-0.07007358907924721
5041,Snåase - Snåsa,2018,0,0.00168023178714594,-0.06237284927030129
5041,Snåase - Snåsa,2019,0,0.00168023178714594,-0.08621436386818276
5041,Snåase - Snåsa,2020,0,0.00168023178714594,-0.1222318167314061
5041,Snåase - Snåsa,2021,18.4,0.00168023178714594,-0.13108453831327466
5041,Snåase - Snåsa,2022,18.4,0.00168023178714594,-0.19299347393686206
5041,Snåase - Snåsa,2023,40.4,0.00168023178714594,-0.20548660524772278
4640,Sogndal,2016,0,0.00669524193222765,-0.8265129877931306
4640,Sogndal,2017,22,0.00669524193222765,-0.5961457817812593
4640,Sogndal,2018,22,0.00669524193222765,-0.6681501725283167
4640,Sogndal,2019,22,0.00669524193222765,-0.7627908332672806
4640,Sogndal,2020,22,0.00669524193222765,-0.8289658439529389
4640,Sogndal,2021,369.8,0.00669524193222765,0.47752714628263193
4640,Sogndal,2022,432.3,0.00669524193222765,0.488047466182958
4640,Sogndal,2023,487.3,0.00669524193222765,0.2967082564361556
1111,Sokndal,2016,0,0.00138817587860798,0.03416771719872136
1111,Sokndal,2017,0,0.00138817587860798,-0.022709022156993997
1111,Sokndal,2018,0,0.00138817587860798,-0.015008282348048074
1111,Sokndal,2019,0,0.00138817587860798,-0.03884979694592955
1111,Sokndal,2020,0,0.00138817587860798,-0.07486724980915288
1111,Sokndal,2021,0,0.00138817587860798,-0.15817492852547022
1111,Sokndal,2022,22,0.00138817587860798,-0.1326313581344883
1111,Sokndal,2023,22,0.00138817587860798,-0.2122849436632721
1124,Sola,2016,22,0.01633211305018828,-2.02798004478313
1124,Sola,2017,44,0.01633211305018828,-1.871774607153899
1124,Sola,2018,44,0.01633211305018828,-2.0234841284569596
1124,Sola,2019,44,0.01633211305018828,-2.188923935337006
1124,Sola,2020,224,0.01633211305018828,-1.4132210514518322
1124,Sola,2021,224,0.01633211305018828,-1.6753202304468677
1124,Sola,2022,224,0.01633211305018828,-1.826877924482023
1124,Sola,2023,246,0.01633211305018828,-1.976463919630797
4636,Solund,2016,0,0.00119850657557732,0.06492759615979082
4636,Solund,2017,0,0.00119850657557732,0.008050856804075468
4636,Solund,2018,0,0.00119850657557732,0.01575159661302139
4636,Solund,2019,0,0.00119850657557732,-0.008089917984860084
4636,Solund,2020,22,0.00119850657557732,0.06247473999998254
4636,Solund,2021,22,0.00119850657557732,-0.03839281820799467
4636,Solund,2022,22,0.00119850657557732,-0.10187147917341882
4636,Solund,2023,22,0.00119850657557732,-0.18152506470220264
1870,Sortland,2016,0,0.00609223491781375,-0.7287194994443644
1870,Sortland,2017,0,0.00609223491781375,-0.7855962388000799
1870,Sortland,2018,0,0.00609223491781375,-0.777895498991134
1870,Sortland,2019,44,0.00609223491781375,-0.5282576762480136
1870,Sortland,2020,44,0.00609223491781375,-0.6245902447561068
1870,Sortland,2021,66,0.00609223491781375,-0.6539954510993377
1870,Sortland,2022,273.4,0.00609223491781375,0.01214358868417953
1870,Sortland,2023,295.4,0.00609223491781375,-0.17038203425444334
4649,Stad,2016,14.4,0.00268780753313953,0.05995464103026653
4649,Stad,2017,18,0.00268780753313953,0.0015392079751553878
4649,Stad,2018,21.6,0.00268780753313953,-0.02201244388346038
4649,Stad,2019,421.6,0.00268780753313953,2.370809946589248
4649,Stad,2020,421.6,0.00268780753313953,1.756864022001544
4649,Stad,2021,429,0.00268780753313953,1.366989039574028
4649,Stad,2022,429,0.00268780753313953,1.1260442080176112
4649,Stad,2023,429,0.00268780753313953,0.7750054299692225
3413,Stange,2016,0,0.00349089182062772,-0.3068431202565256
3413,Stange,2017,150,0.00349089182062772,1.5947615860758497
3413,Stange,2018,150,0.00349089182062772,1.0590182539120463
3413,Stange,2019,172,0.00349089182062772,0.6891949570227395
3413,Stange,2020,172,0.00349089182062772,0.41740023391138853
3413,Stange,2021,172,0.00349089182062772,0.19680622462391265
3413,Stange,2022,183,0.00349089182062772,0.10763707377121287
3413,Stange,2023,495.5,0.00349089182062772,0.840515940481999
1103,Stavanger,2016,46.8,0.03079796804141664,-3.9665970836172244
1103,Stavanger,2017,46.8,0.03079796804141664,-4.181236130259647
1103,Stavanger,2018,286.6,0.03079796804141664,-2.08091685945994
1103,Stavanger,2019,716.8,0.03079796804141664,-0.35319609323894774
1103,Stavanger,2020,1024.2,0.03079796804141664,0.1174411551511989
1103,Stavanger,2021,1160.1,0.03079796804141664,-0.23344412965704553
1103,Stavanger,2022,1182.1,0.03079796804141664,-0.7137445506729696
1103,Stavanger,2023,1482.1,0.03079796804141664,-0.6838551060963942
1848,Steigen,2016,0,0.00138054121005972,0.035405880025809966
1848,Steigen,2017,0,0.00138054121005972,-0.02147085932990539
1848,Steigen,2018,0,0.00138054121005972,-0.013770119520959467
1848,Steigen,2019,0,0.00138054121005972,-0.03761163411884094
1848,Steigen,2020,0,0.00138054121005972,-0.07362908698206427
1848,Steigen,2021,0,0.00138054121005972,-0.1569367656983816
1848,Steigen,2022,0,0.00138054121005972,-0.21082266068591432
1848,Steigen,2023,72,0.00138054121005972,-0.06386497285302428
5006,Steinkjer,2016,18.4,0.00523492445688481,-0.2874174044471757
5006,Steinkjer,2017,18.4,0.00523492445688481,-0.40632035008655376
5006,Steinkjer,2018,18.4,0.00523492445688481,-0.46528208310626507
5006,Steinkjer,2019,18.4,0.00523492445688481,-0.5483374290221428
5006,Steinkjer,2020,33.2,0.00523492445688481,-0.5378768738572492
5006,Steinkjer,2021,66.2,0.00523492445688481,-0.5141506600445531
5006,Steinkjer,2022,366.7,0.00523492445688481,0.48803222853642486
5006,Steinkjer,2023,366.7,0.00523492445688481,0.17853472197199538
5035,Stjørdal,2016,11,0.00583669539327046,-0.5065741702285887
5035,Stjørdal,2017,61,0.00583669539327046,0.052295354787072756
5035,Stjørdal,2018,83,0.00583669539327046,0.04653432013868397
5035,Stjørdal,2019,90.4,0.00583669539327046,-0.19841881180229484
5035,Stjørdal,2020,90.4,0.00583669539327046,-0.358356411354069
5035,Stjørdal,2021,152.9,0.00583669539327046,-0.2609151649008711
5035,Stjørdal,2022,152.9,0.00583669539327046,-0.3814707834347496
5035,Stjørdal,2023,240.9,0.00583669539327046,-0.2893677326154245
3423,Stor-Elvdal,2016,22,0.00176868040889927,0.33386458766814237
3423,Stor-Elvdal,2017,22,0.00176868040889927,0.20282607992978682
3423,Stor-Elvdal,2018,22,0.00176868040889927,0.1308216891827295
3423,Stor-Elvdal,2019,22,0.00176868040889927,0.03618102844376553
3423,Stor-Elvdal,2020,22,0.00176868040889927,-0.029993982241892758
3423,Stor-Elvdal,2021,44,0.00176868040889927,-0.041839309093463783
3423,Stor-Elvdal,2022,44,0.00176868040889927,-0.11491073603677948
3423,Stor-Elvdal,2023,44,0.00176868040889927,-0.2092337914314879
4614,Stord,2016,50,0.00451678948187772,0.3481571437773111
4614,Stord,2017,119.9,0.00451678948187772,1.0353832845153366
4614,Stord,2018,141.9,0.00451678948187772,0.8162298776056481
4614,Stord,2019,141.9,0.00451678948187772,0.33573387039778446
4614,Stord,2020,191.9,0.00451678948187772,0.34743223968909653
4614,Stord,2021,202.9,0.00451678948187772,0.1554656369032769
4614,Stord,2022,202.9,0.00451678948187772,0.013108277510554045
4614,Stord,2023,202.9,0.00451678948187772,-0.18716835796121878
5425,Storfjord - Omasvuotna - Omasvuono,2016,0,0.00195478157790955,-0.05772233802202814
5425,Storfjord - Omasvuotna - Omasvuono,2017,0,0.00195478157790955,-0.1145990773777435
5425,Storfjord - Omasvuotna - Omasvuono,2018,0,0.00195478157790955,-0.10689833756879757
5425,Storfjord - Omasvuotna - Omasvuono,2019,0,0.00195478157790955,-0.13073985216667905
5425,Storfjord - Omasvuotna - Omasvuono,2020,0,0.00195478157790955,-0.16675730502990238
5425,Storfjord - Omasvuotna - Omasvuono,2021,22,0.00195478157790955,-0.16104275238981364
5425,Storfjord - Omasvuotna - Omasvuono,2022,22,0.00195478157790955,-0.2245214133552378
5425,Storfjord - Omasvuotna - Omasvuono,2023,22,0.00195478157790955,-0.3041749988840216
1130,Strand,2016,0,0.00179977024762617,-0.032583163253508185
1130,Strand,2017,0,0.00179977024762617,-0.08945990260922354
1130,Strand,2018,0,0.00179977024762617,-0.08175916280027762
1130,Strand,2019,22,0.00179977024762617,0.03113899127234182
1130,Strand,2020,22,0.00179977024762617,-0.035036019413316466
1130,Strand,2021,44,0.00179977024762617,-0.04688134626488749
1130,Strand,2022,244,0.00179977024762617,0.6021332756873845
1130,Strand,2023,244,0.00179977024762617,0.3744514033297253
1525,Stranda,2016,36.6,0.00228242001236601,0.49039013760733186
1525,Stranda,2017,36.6,0.00228242001236601,0.3101351835786787
1525,Stranda,2018,36.6,0.00228242001236601,0.18523556982627376
1525,Stranda,2019,36.6,0.00228242001236601,0.043610021193682263
1525,Stranda,2020,99.1,0.00228242001236601,0.26021144613514086
1525,Stranda,2021,99.1,0.00228242001236601,0.09780449207230135
1525,Stranda,2022,99.1,0.00228242001236601,7.075467025392801e-4
1525,Stranda,2023,106.5,0.00228242001236601,-0.10857295518395452
4651,Stryn,2016,22,0.00210208200808703,0.27979472674402267
4651,Stryn,2017,122,0.00210208200808703,1.4544105161310608
4651,Stryn,2018,122,0.00210208200808703,1.0201100774021707
4651,Stryn,2019,122,0.00210208200808703,0.6036551160219226
4651,Stryn,2020,129.4,0.00210208200808703,0.43625064342863684
4651,Stryn,2021,180.8,0.00210208200808703,0.45764725041679655
4651,Stryn,2022,380.8,0.00210208200808703,1.0470123093792707
4651,Stryn,2023,380.8,0.00210208200808703,0.728113006218953
1531,Sula,2016,0,0.00227092898095615,-0.1089939760582467
1531,Sula,2017,0,0.00227092898095615,-0.16587071541396206
1531,Sula,2018,0,0.00227092898095615,-0.15816997560501614
1531,Sula,2019,0,0.00227092898095615,-0.1820114902028976
1531,Sula,2020,0,0.00227092898095615,-0.21802894306612094
1531,Sula,2021,22,0.00227092898095615,-0.2123143904260322
1531,Sula,2022,22,0.00227092898095615,-0.2757930513914564
1531,Sula,2023,22,0.00227092898095615,-0.35544663692024014
1134,Suldal,2016,0,0.0022530831778864,-0.10609980850652723
1134,Suldal,2017,7.4,0.0022530831778864,-0.06635812987496348
1134,Suldal,2018,14.8,0.0022530831778864,-0.01565878718004962
1134,Suldal,2019,14.8,0.0022530831778864,-0.08712881827284119
1134,Suldal,2020,14.8,0.0022530831778864,-0.1434340827620662
1134,Suldal,2021,222.2,0.0022530831778864,0.6006820824689831
1134,Suldal,2022,222.2,0.0022530831778864,0.44990925110474633
1134,Suldal,2023,266.2,0.0022530831778864,0.36628348082122897
1563,Sunndal,2016,50,0.00281025625166355,0.6249165073942341
1563,Sunndal,2017,100,0.00281025625166355,1.052317443004306
1563,Sunndal,2018,100,0.00281025625166355,0.6977221348314189
1563,Sunndal,2019,100,0.00281025625166355,0.3520663195922534
1563,Sunndal,2020,100,0.00281025625166355,0.17896905844523486
1563,Sunndal,2021,100,0.00281025625166355,0.01584374567591837
1563,Sunndal,2022,300,0.00281025625166355,0.6404404178662847
1563,Sunndal,2023,300,0.00281025625166355,0.3754180767589994
4647,Sunnfjord,2016,0,0.00654532023554196,-0.8021992313233
4647,Sunnfjord,2017,72,0.00654532023554196,0.08099512325126823
4647,Sunnfjord,2018,72,0.00654532023554196,-0.17215729148670555
4647,Sunnfjord,2019,72,0.00654532023554196,-0.4277051025463116
4647,Sunnfjord,2020,94,0.00654532023554196,-0.4558379065258015
4647,Sunnfjord,2021,160.2,0.00654532023554196,-0.3462981741703887
4647,Sunnfjord,2022,563.8,0.00654532023554196,0.9871327998016373
4647,Sunnfjord,2023,571.2,0.00654532023554196,0.5679930867017278
1566,Surnadal,2016,0,0.00294116407828607,-0.21769027081921988
1566,Surnadal,2017,0,0.00294116407828607,-0.27456701017493523
1566,Surnadal,2018,0,0.00294116407828607,-0.2668662703659893
1566,Surnadal,2019,0,0.00294116407828607,-0.2907077849638708
1566,Surnadal,2020,0,0.00294116407828607,-0.3267252378270941
1566,Surnadal,2021,222,0.00294116407828607,0.4882823271439596
1566,Surnadal,2022,244,0.00294116407828607,0.4170261681216728
1566,Surnadal,2023,244,0.00294116407828607,0.18934429576401363
4612,Sveio,2016,0,0.00154906991819128,0.00807450599342785
4612,Sveio,2017,0,0.00154906991819128,-0.048802233362287506
4612,Sveio,2018,0,0.00154906991819128,-0.041101493553341584
4612,Sveio,2019,0,0.00154906991819128,-0.06494300815122306
4612,Sveio,2020,0,0.00154906991819128,-0.10096046101444639
4612,Sveio,2021,0,0.00154906991819128,-0.18426813973076372
4612,Sveio,2022,0,0.00154906991819128,-0.23815403471829644
4612,Sveio,2023,0,0.00154906991819128,-0.30313815038115566
1528,Sykkylven,2016,0,0.00203439758905282,-0.07063417365910146
1528,Sykkylven,2017,0,0.00203439758905282,-0.12751091301481682
1528,Sykkylven,2018,0,0.00203439758905282,-0.1198101732058709
1528,Sykkylven,2019,0,0.00203439758905282,-0.14365168780375237
1528,Sykkylven,2020,0,0.00203439758905282,-0.1796691406669757
1528,Sykkylven,2021,350,0.00203439758905282,1.1532859521958956
1528,Sykkylven,2022,350,0.00203439758905282,0.9467878711964528
1528,Sykkylven,2023,372,0.00203439758905282,0.7131858213610197
1812,Sømna,2016,0,0.00204822528424296,-0.07287669906285921
1812,Sømna,2017,0,0.00204822528424296,-0.12975343841857456
1812,Sømna,2018,0,0.00204822528424296,-0.12205269860962864
1812,Sømna,2019,0,0.00204822528424296,-0.14589421320751012
1812,Sømna,2020,0,0.00204822528424296,-0.18191166607073345
1812,Sømna,2021,0,0.00204822528424296,-0.2652193447870508
1812,Sømna,2022,0,0.00204822528424296,-0.3191052397745835
1812,Sømna,2023,0,0.00204822528424296,-0.3840893554374427
3447,Søndre Land,2016,3.6,0.00168918897508962,0.04448962285079866
3447,Søndre Land,2017,3.6,0.00168918897508962,-0.024522678603894177
3447,Søndre Land,2018,3.6,0.00168918897508962,-0.02986459652229423
3447,Søndre Land,2019,3.6,0.00168918897508962,-0.06529142594326193
3447,Søndre Land,2020,3.6,0.00168918897508962,-0.10624375190470192
3447,Søndre Land,2021,3.6,0.00168918897508962,-0.19242486544692727
3447,Søndre Land,2022,3.6,0.00168918897508962,-0.24788048577629668
3447,Søndre Land,2023,14.6,0.00168918897508962,-0.28288506238819405
3449,Sør-Aurdal,2016,0,0.0019949501366779,-0.06423672904900057
3449,Sør-Aurdal,2017,0,0.0019949501366779,-0.12111346840471593
3449,Sør-Aurdal,2018,0,0.0019949501366779,-0.11341272859577001
3449,Sør-Aurdal,2019,0,0.0019949501366779,-0.13725424319365148
3449,Sør-Aurdal,2020,0,0.0019949501366779,-0.1732716960568748
3449,Sør-Aurdal,2021,150,0.0019949501366779,0.3503903844750315
3449,Sør-Aurdal,2022,150,0.0019949501366779,0.2310992669109659
3449,Sør-Aurdal,2023,150,0.0019949501366779,0.06609603852589357
3438,Sør-Fron,2016,0,0.00202901128111776,-0.06976064179346952
3438,Sør-Fron,2017,7.4,0.00202901128111776,-0.030018963161905776
3438,Sør-Fron,2018,7.4,0.00202901128111776,-0.04912813090361545
3438,Sør-Fron,2019,14.8,0.00202901128111776,-0.05078965155978349
3438,Sør-Fron,2020,14.8,0.00202901128111776,-0.1070949160490085
3438,Sør-Fron,2021,14.8,0.00202901128111776,-0.20221560460516974
3438,Sør-Fron,2022,14.8,0.00202901128111776,-0.26255481488692023
3438,Sør-Fron,2023,22.200000000000003,0.00202901128111776,-0.3156245754235303
3415,Sør-Odal,2016,0,0.00218012511627753,-0.09426773495290469
3415,Sør-Odal,2017,0,0.00218012511627753,-0.15114447430862005
3415,Sør-Odal,2018,0,0.00218012511627753,-0.14344373449967412
3415,Sør-Odal,2019,0,0.00218012511627753,-0.1672852490975556
3415,Sør-Odal,2020,0,0.00218012511627753,-0.20330270196077893
3415,Sør-Odal,2021,0,0.00218012511627753,-0.28661038067709627
3415,Sør-Odal,2022,0,0.00218012511627753,-0.340496275664629
3415,Sør-Odal,2023,0,0.00218012511627753,-0.4054803913274882
5444,Sør-Varanger,2016,0,0.00340006316460947,-0.29211285858172864
5444,Sør-Varanger,2017,0,0.00340006316460947,-0.348989597937444
5444,Sør-Varanger,2018,7.4,0.00340006316460947,-0.27148034769187457
5444,Sør-Varanger,2019,57.4,0.00340006316460947,-0.008364146286072679
5444,Sør-Varanger,2020,57.4,0.00340006316460947,-0.12306540910419443
5444,Sør-Varanger,2021,57.4,0.00340006316460947,-0.2521884097669333
5444,Sør-Varanger,2022,64.8,0.00340006316460947,-0.3043855194512825
5444,Sør-Varanger,2023,86.8,0.00340006316460947,-0.34781789629754783
1845,Sørfold,2016,0,0.00190738122971566,-0.05003512164141588
1845,Sørfold,2017,50,0.00190738122971566,0.5459152875655657
1845,Sørfold,2018,50,0.00190738122971566,0.37246800338359515
1845,Sørfold,2019,50,0.00190738122971566,0.1877193384650716
1845,Sørfold,2020,50,0.00190738122971566,0.08316198145995068
1845,Sørfold,2021,50,0.00190738122971566,-0.04005451428286627
1845,Sørfold,2022,50,0.00190738122971566,-0.11574215012924322
1845,Sørfold,2023,50,0.00190738122971566,-0.21406597003284022
5419,Sørreisa,2016,0,0.00212212987924336,-0.08486227796548046
5419,Sørreisa,2017,0,0.00212212987924336,-0.14173901732119581
5419,Sørreisa,2018,7.4,0.00212212987924336,-0.06422976707562639
5419,Sørreisa,2019,7.4,0.00212212987924336,-0.1118855399209629
5419,Sørreisa,2020,7.4,0.00212212987924336,-0.15804689859718707
5419,Sørreisa,2021,7.4,0.00212212987924336,-0.24726108223342635
5419,Sørreisa,2022,7.4,0.00212212987924336,-0.30437363486806795
5419,Sørreisa,2023,7.4,0.00212212987924336,-0.3742920267585564
1121,Time,2016,0,0.00309183812360035,-0.2421260404581938
1121,Time,2017,0,0.00309183812360035,-0.29900277981390916
1121,Time,2018,50,0.00309183812360035,0.1803770845668172
1121,Time,2019,50,0.00309183812360035,-0.0043715803517063445
1121,Time,2020,50,0.00309183812360035,-0.10892893735682725
1121,Time,2021,50,0.00309183812360035,-0.2321454330996442
1121,Time,2022,50,0.00309183812360035,-0.30783306894602114
1121,Time,2023,50,0.00309183812360035,-0.40615688884961815
1560,Tingvoll,2016,50,0.00149939579163901,0.8375070976527361
1560,Tingvoll,2017,72,0.00149939579163901,0.8993248300676977
1560,Tingvoll,2018,72,0.00149939579163901,0.6461724153297239
1560,Tingvoll,2019,72,0.00149939579163901,0.3906246042701179
1560,Tingvoll,2020,72,0.00149939579163901,0.2559096894425621
1560,Tingvoll,2021,72,0.00149939579163901,0.11513331420808531
1560,Tingvoll,2022,72,0.00149939579163901,0.029852912383816876
1560,Tingvoll,2023,72,0.00149939579163901,-0.08314037738570468
4026,Tinn,2016,0,0.00261482322892722,-0.16476549666792692
4026,Tinn,2017,11,0.00261482322892722,-0.07802026333984896
4026,Tinn,2018,11,0.00261482322892722,-0.11017208880890464
4026,Tinn,2019,11,0.00261482322892722,-0.16941317647732737
4026,Tinn,2020,25.8,0.00261482322892722,-0.14880871549943295
4026,Tinn,2021,47.8,0.00261482322892722,-0.1636871124450179
4026,Tinn,2022,477.2,0.00261482322892722,1.311903275285221
4026,Tinn,2023,657.2,0.00261482322892722,1.4585795310881349
5412,Tjeldsund,2016,0,0.00247394059776007,-0.14191766302708725
5412,Tjeldsund,2017,0,0.00247394059776007,-0.1987944023828026
5412,Tjeldsund,2018,0,0.00247394059776007,-0.19109366257385668
5412,Tjeldsund,2019,0,0.00247394059776007,-0.21493517717173816
5412,Tjeldsund,2020,0,0.00247394059776007,-0.2509526300349615
5412,Tjeldsund,2021,0,0.00247394059776007,-0.3342603087512788
5412,Tjeldsund,2022,0,0.00247394059776007,-0.38814620373881153
5412,Tjeldsund,2023,0,0.00247394059776007,-0.45313031940167076
4034,Tokke,2016,0,0.00225405201428515,-0.10625693087626473
4034,Tokke,2017,0,0.00225405201428515,-0.16313367023198008
4034,Tokke,2018,0,0.00225405201428515,-0.15543293042303416
4034,Tokke,2019,3.6,0.00225405201428515,-0.15689886287483365
4034,Tokke,2020,3.6,0.00225405201428515,-0.19785118883627364
4034,Tokke,2021,25.6,0.00225405201428515,-0.19501007102209286
4034,Tokke,2022,25.6,0.00225405201428515,-0.26005845732935384
4034,Tokke,2023,25.6,0.00225405201428515,-0.34211250156347084
3426,Tolga,2016,0,0.00223606352670181,-0.10333962326815485
3426,Tolga,2017,0,0.00223606352670181,-0.1602163626238702
3426,Tolga,2018,0,0.00223606352670181,-0.15251562281492428
3426,Tolga,2019,0,0.00223606352670181,-0.17635713741280576
3426,Tolga,2020,0,0.00223606352670181,-0.2123745902760291
3426,Tolga,2021,0,0.00223606352670181,-0.2956822689923464
3426,Tolga,2022,0,0.00223606352670181,-0.3495681639798791
3426,Tolga,2023,0,0.00223606352670181,-0.41455227964273833
5401,Tromsø,2016,18.4,0.02190107620839593,-2.990273388161253
5401,Tromsø,2017,18.4,0.02190107620839593,-3.1091763338006313
5401,Tromsø,2018,40.4,0.02190107620839593,-2.9605992520087594
5401,Tromsø,2019,291.8,0.02190107620839593,-1.5518922575309957
5401,Tromsø,2020,313.8,0.02190107620839593,-1.8813264801182674
5401,Tromsø,2021,463.8,0.02190107620839593,-1.6081321352446725
5401,Tromsø,2022,474.8,0.02190107620839593,-1.8245362457495875
5401,Tromsø,2023,718.8,0.02190107620839593,-1.487866969924675
5001,Trondheim,2016,136.6,0.03240097718000186,-2.7513748725048037
5001,Trondheim,2017,144,0.03240097718000186,-3.1721103557399974
5001,Trondheim,2018,344,0.03240097718000186,-1.7993994267377693
5001,Trondheim,2019,369.6,0.03240097718000186,-2.771166884725085
5001,Trondheim,2020,563.6,0.03240097718000186,-2.3739708769813612
5001,Trondheim,2021,951.8,0.03240097718000186,-1.3362930042859786
5001,Trondheim,2022,973.8,0.03240097718000186,-1.7257673728839573
5001,Trondheim,2023,1173.8,0.03240097718000186,-1.8513483364067866
3421,Trysil,2016,11,0.00206712528722746,0.10476102394568915
3421,Trysil,2017,11,0.00206712528722746,0.010803400398653684
3421,Trysil,2018,11,0.00206712528722746,-0.021348425070401994
3421,Trysil,2019,11,0.00206712528722746,-0.08058951273882473
3421,Trysil,2020,11,0.00206712528722746,-0.13168574451326556
3421,Trysil,2021,51.4,0.00206712528722746,-0.0602961744845579
3421,Trysil,2022,73.4,0.00206712528722746,-0.05716479369646785
3421,Trysil,2023,469.4,0.00206712528722746,0.994588324041891
1835,Træna,2016,0,0.0011587525192442,0.07137476468669068
1835,Træna,2017,0,0.0011587525192442,0.014498025330975328
1835,Træna,2018,0,0.0011587525192442,0.02219876513992125
1835,Træna,2019,0,0.0011587525192442,-0.0016427494579602242
1835,Træna,2020,0,0.0011587525192442,-0.037660202321183556
1835,Træna,2021,0,0.0011587525192442,-0.12096788103750089
1835,Træna,2022,0,0.0011587525192442,-0.1748537760250336
1835,Træna,2023,0,0.0011587525192442,-0.23983789168789282
4213,Tvedestrand,2016,0,0.00261965140510683,-0.16554851275178692
4213,Tvedestrand,2017,0,0.00261965140510683,-0.22242525210750227
4213,Tvedestrand,2018,0,0.00261965140510683,-0.21472451229855635
4213,Tvedestrand,2019,0,0.00261965140510683,-0.23856602689643783
4213,Tvedestrand,2020,0,0.00261965140510683,-0.27458347975966113
4213,Tvedestrand,2021,11,0.00261965140510683,-0.3133800427977754
4213,Tvedestrand,2022,33,0.00261965140510683,-0.29263285539573924
4213,Tvedestrand,2023,33,0.00261965140510683,-0.37962117585748545
5033,Tydal,2016,0,0.00125623101466911,0.05556605619951549
5033,Tydal,2017,0,0.00125623101466911,-0.0013106831561998655
5033,Tydal,2018,0,0.00125623101466911,0.006390056652746057
5033,Tydal,2019,11,0.00125623101466911,0.05091837639011504
5033,Tydal,2020,11,0.00125623101466911,-1.7785538432579795e-4
5033,Tydal,2021,11,0.00125623101466911,-0.09226547384647305
5033,Tydal,2022,11,0.00125623101466911,-0.1509477518229515
5033,Tydal,2023,191,0.00125623101466911,0.3065879063206002
3427,Tynset,2016,0,0.00597617104877708,-0.7098966825400167
3427,Tynset,2017,0,0.00597617104877708,-0.766773421895732
3427,Tynset,2018,0,0.00597617104877708,-0.7590726820867861
3427,Tynset,2019,0,0.00597617104877708,-0.7829141966846676
3427,Tynset,2020,0,0.00597617104877708,-0.8189316495478909
3427,Tynset,2021,22,0.00597617104877708,-0.8132170969078022
3427,Tynset,2022,277,0.00597617104877708,0.04396395446864798
3427,Tynset,2023,277,0.00597617104877708,-0.2057221226878981
4616,Tysnes,2016,50,0.00143241295477891,0.8483701309499727
4616,Tysnes,2017,50,0.00143241295477891,0.6229439179973477
4616,Tysnes,2018,50,0.00143241295477891,0.44949663381537724
4616,Tysnes,2019,50,0.00143241295477891,0.2647479688968537
4616,Tysnes,2020,50,0.00143241295477891,0.16019061189173278
4616,Tysnes,2021,50,0.00143241295477891,0.036974116148915825
4616,Tysnes,2022,50,0.00143241295477891,-0.03871351969746112
4616,Tysnes,2023,72,0.00143241295477891,-0.07227734408846803
1146,Tysvær,2016,0,0.00370764580822881,-0.3419954950288466
1146,Tysvær,2017,0,0.00370764580822881,-0.39887223438456193
1146,Tysvær,2018,50,0.00370764580822881,0.08050762999616443
1146,Tysvær,2019,50,0.00370764580822881,-0.10424103492235912
1146,Tysvær,2020,50,0.00370764580822881,-0.20879839192748
1146,Tysvær,2021,50,0.00370764580822881,-0.33201488767029697
1146,Tysvær,2022,50,0.00370764580822881,-0.4077025235166739
1146,Tysvær,2023,50,0.00370764580822881,-0.506026343420271
3905,Tønsberg,2016,36.6,0.00667293975070503,-0.22164841354221054
3905,Tønsberg,2017,36.6,0.00667293975070503,-0.40190336757086376
3905,Tønsberg,2018,171,0.00667293975070503,0.7410705055256771
3905,Tønsberg,2019,171,0.00667293975070503,0.16692653683119973
3905,Tønsberg,2020,178.4,0.00667293975070503,-0.06764704182114561
3905,Tønsberg,2021,335.4,0.00667293975070503,0.34194563499179387
3905,Tønsberg,2022,335.4,0.00667293975070503,0.14181366232313364
3905,Tønsberg,2023,335.4,0.00667293975070503,-0.14681318938659405
3209,Ullensaker,2016,0,0.00219783278269495,-0.09713950000386173
3209,Ullensaker,2017,0,0.00219783278269495,-0.1540162393595771
3209,Ullensaker,2018,29.2,0.00219783278269495,0.12914510919928862
3209,Ullensaker,2019,29.2,0.00219783278269495,0.011333818814152186
3209,Ullensaker,2020,329.2,0.00219783278269495,1.3886814825875053
3209,Ullensaker,2021,479.2,0.00219783278269495,1.6495839118169386
3209,Ullensaker,2022,479.2,0.00219783278269495,1.386750132438242
3209,Ullensaker,2023,823.2,0.00219783278269495,2.0148491302562883
4618,Ullensvang,2016,72,0.00250958928734041,1.035083297831061
4618,Ullensvang,2017,72,0.00250958928734041,0.7354953164957956
4618,Ullensvang,2018,72,0.00250958928734041,0.48234290175782185
4618,Ullensvang,2019,922,0.00250958928734041,5.509918652967568
4618,Ullensvang,2020,922,0.00250958928734041,4.210025367727753
4618,Ullensvang,2021,922,0.00250958928734041,3.3907991030427844
4618,Ullensvang,2022,922,0.00250958928734041,2.9348891066181624
4618,Ullensvang,2023,972,0.00250958928734041,2.4023026527392597
1516,Ulstein,2016,0,0.00561477580028864,-0.6512869132047381
1516,Ulstein,2017,0,0.00561477580028864,-0.7081636525604533
1516,Ulstein,2018,50,0.00561477580028864,-0.228783788179727
1516,Ulstein,2019,50,0.00561477580028864,-0.41353245309825054
1516,Ulstein,2020,112.5,0.00561477580028864,-0.21529972246682047
1516,Ulstein,2021,112.5,0.00561477580028864,-0.38840223949276187
1516,Ulstein,2022,112.5,0.00561477580028864,-0.49134205141269427
1516,Ulstein,2023,112.5,0.00561477580028864,-0.6313405016172133
4620,Ulvik,2016,50,0.00139098029381571,0.8550895294815161
4620,Ulvik,2017,50,0.00139098029381571,0.6296633165288911
4620,Ulvik,2018,50,0.00139098029381571,0.45621603234692054
4620,Ulvik,2019,50,0.00139098029381571,0.271467367428397
4620,Ulvik,2020,50,0.00139098029381571,0.16691001042327608
4620,Ulvik,2021,50,0.00139098029381571,0.04369351468045912
4620,Ulvik,2022,61,0.00139098029381571,0.007720611523339471
4620,Ulvik,2023,61,0.00139098029381571,-0.09793794331321976
5442,Unjárga-Nesseby,2016,0,0.00165413929870955,-0.008965264679078377
5442,Unjárga-Nesseby,2017,0,0.00165413929870955,-0.06584200403479373
5442,Unjárga-Nesseby,2018,0,0.00165413929870955,-0.05814126422584781
5442,Unjárga-Nesseby,2019,0,0.00165413929870955,-0.08198277882372929
5442,Unjárga-Nesseby,2020,0,0.00165413929870955,-0.11800023168695262
5442,Unjárga-Nesseby,2021,0,0.00165413929870955,-0.20130791040326995
5442,Unjárga-Nesseby,2022,0,0.00165413929870955,-0.25519380539080266
5442,Unjárga-Nesseby,2023,0,0.00165413929870955,-0.3201779210536619
1151,Utsira,2016,0,0.00111802179841588,0.07798032511558994
1151,Utsira,2017,0,0.00111802179841588,0.021103585759874588
1151,Utsira,2018,0,0.00111802179841588,0.02880432556882051
1151,Utsira,2019,0,0.00111802179841588,0.0049628109709390356
1151,Utsira,2020,0,0.00111802179841588,-0.031054641892284296
1151,Utsira,2021,0,0.00111802179841588,-0.11436232060860163
1151,Utsira,2022,0,0.00111802179841588,-0.16824821559613434
1151,Utsira,2023,0,0.00111802179841588,-0.23323233125899356
5405,Vadsø,2016,0,0.00424999969901654,-0.4299524799922958
5405,Vadsø,2017,0,0.00424999969901654,-0.48682921934801116
5405,Vadsø,2018,0,0.00424999969901654,-0.47912847953906523
5405,Vadsø,2019,0,0.00424999969901654,-0.5029699941369468
5405,Vadsø,2020,0,0.00424999969901654,-0.5389874470001701
5405,Vadsø,2021,0,0.00424999969901654,-0.6222951257164874
5405,Vadsø,2022,0,0.00424999969901654,-0.6761810207040201
5405,Vadsø,2023,7.4,0.00424999969901654,-0.7193822287853717
4628,Vaksdal,2016,0,0.00180832022255795,-0.03396976714680777
4628,Vaksdal,2017,43,0.00180832022255795,0.4705848412613962
4628,Vaksdal,2018,46.6,0.00180832022255795,0.3564591774073222
4628,Vaksdal,2019,46.6,0.00180832022255795,0.1826521987106023
4628,Vaksdal,2020,46.6,0.00180832022255795,0.0827555551871304
4628,Vaksdal,2021,46.6,0.00180832022255795,-0.037747140997884565
4628,Vaksdal,2022,46.6,0.00180832022255795,-0.11195225846586015
4628,Vaksdal,2023,46.6,0.00180832022255795,-0.20800897848108696
4221,Valle,2016,22,0.00197538073404257,0.3003426793728721
4221,Valle,2017,22,0.00197538073404257,0.16930417163451658
4221,Valle,2018,22,0.00197538073404257,0.09729978088745925
4221,Valle,2019,22,0.00197538073404257,0.0026591201484952864
4221,Valle,2020,22,0.00197538073404257,-0.063515890537163
4221,Valle,2021,22,0.00197538073404257,-0.16438344874514021
4221,Valle,2022,22,0.00197538073404257,-0.22786210971056436
4221,Valle,2023,29.4,0.00197538073404257,-0.2857327876578406
3454,Vang,2016,11,0.001614652103908,0.17814148208859978
3454,Vang,2017,11,0.001614652103908,0.08418385854156432
3454,Vang,2018,11,0.001614652103908,0.05203203307250864
3454,Vang,2019,11,0.001614652103908,-0.007209054595914088
3454,Vang,2020,11,0.001614652103908,-0.058305286370354925
3454,Vang,2021,22,0.001614652103908,-0.10588178915429913
3454,Vang,2022,66,0.001614652103908,-0.010501519362694
3454,Vang,2023,366,0.001614652103908,0.7635968032756284
1511,Vanylven,2016,0,0.00145838535746764,0.02278139881649055
1511,Vanylven,2017,0,0.00145838535746764,-0.034095340539224805
1511,Vanylven,2018,0,0.00145838535746764,-0.026394600730278883
1511,Vanylven,2019,0,0.00145838535746764,-0.05023611532816036
1511,Vanylven,2020,0,0.00145838535746764,-0.08625356819138369
1511,Vanylven,2021,0,0.00145838535746764,-0.16956124690770102
1511,Vanylven,2022,0,0.00145838535746764,-0.22344714189523374
1511,Vanylven,2023,0,0.00145838535746764,-0.28843125755809296
5404,Vardø,2016,0,0.00140249986732278,0.03184470471295425
5404,Vardø,2017,0,0.00140249986732278,-0.025032034642761103
5404,Vardø,2018,0,0.00140249986732278,-0.01733129483381518
5404,Vardø,2019,0,0.00140249986732278,-0.041172809431696655
5404,Vardø,2020,25.6,0.00140249986732278,0.04683255760101129
5404,Vardø,2021,25.6,0.00140249986732278,-0.05690843543287388
5404,Vardø,2022,25.6,0.00140249986732278,-0.12195682174013484
5404,Vardø,2023,25.6,0.00140249986732278,-0.20401086597425183
1824,Vefsn,2016,33,0.00641882392521993,-0.23957594834148224
1824,Vefsn,2017,33,0.00641882392521993,-0.40769534027115795
1824,Vefsn,2018,33,0.00641882392521993,-0.5195522962962169
1824,Vefsn,2019,33,0.00641882392521993,-0.6495925301057222
1824,Vefsn,2020,44,0.00641882392521993,-0.6775552642785649
1824,Vefsn,2021,66,0.00641882392521993,-0.7069604706217958
1824,Vefsn,2022,66,0.00641882392521993,-0.7896246635430029
1824,Vefsn,2023,66,0.00641882392521993,-0.898617188803636
1815,Vega,2016,0,0.0012798122118035,0.051741743261044415
1815,Vega,2017,0,0.0012798122118035,-0.0051349960946709405
1815,Vega,2018,0,0.0012798122118035,0.0025657437142749817
1815,Vega,2019,0,0.0012798122118035,-0.021275770883606493
1815,Vega,2020,0,0.0012798122118035,-0.057293223746829824
1815,Vega,2021,7.4,0.0012798122118035,-0.11065706100690148
1815,Vega,2022,7.4,0.0012798122118035,-0.16776961364154308
1815,Vega,2023,29.4,0.0012798122118035,-0.17292801001944147
4212,Vegårshei,2016,0,0.00136376671230972,0.038126307170203044
4212,Vegårshei,2017,0,0.00136376671230972,-0.01875043218551231
4212,Vegårshei,2018,0,0.00136376671230972,-0.011049692376566389
4212,Vegårshei,2019,0,0.00136376671230972,-0.034891206974447864
4212,Vegårshei,2020,0,0.00136376671230972,-0.0709086598376712
4212,Vegårshei,2021,0,0.00136376671230972,-0.15421633855398853
4212,Vegårshei,2022,0,0.00136376671230972,-0.20810223354152124
4212,Vegårshei,2023,69.9,0.00136376671230972,-0.0673261816439239
4223,Vennesla,2016,0,0.00297732496449311,-0.2235547120602664
4223,Vennesla,2017,0,0.00297732496449311,-0.28043145141598175
4223,Vennesla,2018,0,0.00297732496449311,-0.2727307116070358
4223,Vennesla,2019,0,0.00297732496449311,-0.2965722262049173
4223,Vennesla,2020,0,0.00297732496449311,-0.33258967906814063
4223,Vennesla,2021,0,0.00297732496449311,-0.41589735778445797
4223,Vennesla,2022,0,0.00297732496449311,-0.4697832527719907
4223,Vennesla,2023,72,0.00297732496449311,-0.32282556493910064
5038,Verdal,2016,0,0.00375499860034833,-0.3496749989379724
5038,Verdal,2017,0,0.00375499860034833,-0.40655173829368774
5038,Verdal,2018,0,0.00375499860034833,-0.3988509984847418
5038,Verdal,2019,134.5,0.00375499860034833,0.41328409765293894
5038,Verdal,2020,134.5,0.00375499860034833,0.19289430264801116
5038,Verdal,2021,141.9,0.00375499860034833,0.03217574758665566
5038,Verdal,2022,191.9,0.00375499860034833,0.09693802426561976
5038,Verdal,2023,241.9,0.00375499860034833,0.05117793170996848
3216,Vestby,2016,150,0.00304810697517029,2.229095984904764
3216,Vestby,2017,150,0.00304810697517029,1.6665708247583197
3216,Vestby,2018,150,0.00304810697517029,1.1308274925945163
3216,Vestby,2019,229.4,0.00304810697517029,1.1177704221455165
3216,Vestby,2020,229.4,0.00304810697517029,0.767291889079267
3216,Vestby,2021,229.4,0.00304810697517029,0.5008825578453696
3216,Vestby,2022,429.4,0.00304810697517029,1.0690563246930467
3216,Vestby,2023,451.4,0.00304810697517029,0.7825108245233223
1535,Vestnes,2016,62.5,0.00198189549704003,0.9646012027114172
1535,Vestnes,2017,62.5,0.00198189549704003,0.6970376213595648
1535,Vestnes,2018,62.5,0.00198189549704003,0.4783033311798652
1535,Vestnes,2019,62.5,0.00198189549704003,0.2533278786811811
1535,Vestnes,2020,62.5,0.00198189549704003,0.1316355456405858
1535,Vestnes,2021,62.5,0.00198189549704003,-0.0015581543588560343
1535,Vestnes,2022,62.5,0.00198189549704003,-0.08269622541994409
1535,Vestnes,2023,62.5,0.00198189549704003,-0.18935497138372548
3452,Vestre Slidre,2016,0,0.00222607374648557,-0.10171951698111079
3452,Vestre Slidre,2017,0,0.00222607374648557,-0.15859625633682614
3452,Vestre Slidre,2018,0,0.00222607374648557,-0.15089551652788022
3452,Vestre Slidre,2019,0,0.00222607374648557,-0.1747370311257617
3452,Vestre Slidre,2020,0,0.00222607374648557,-0.21075448398898503
3452,Vestre Slidre,2021,0,0.00222607374648557,-0.2940621627053024
3452,Vestre Slidre,2022,0,0.00222607374648557,-0.3479480576928351
3452,Vestre Slidre,2023,22,0.00222607374648557,-0.3481721778431043
3443,Vestre Toten,2016,0,0.00352427947485055,-0.3122578088027384
3443,Vestre Toten,2017,0,0.00352427947485055,-0.36913454815845376
3443,Vestre Toten,2018,0,0.00352427947485055,-0.36143380834950783
3443,Vestre Toten,2019,0,0.00352427947485055,-0.3852753229473893
3443,Vestre Toten,2020,62.5,0.00352427947485055,-0.11850268817406165
3443,Vestre Toten,2021,84.5,0.00352427947485055,-0.16267415681709735
3443,Vestre Toten,2022,84.5,0.00352427947485055,-0.2534049938560769
3443,Vestre Toten,2023,84.5,0.00352427947485055,-0.37473320968578283
1860,Vestvågøy,2016,0,0.00426623696836205,-0.4325857813844849
1860,Vestvågøy,2017,0,0.00426623696836205,-0.48946252074020025
1860,Vestvågøy,2018,0,0.00426623696836205,-0.4817617809312543
1860,Vestvågøy,2019,0,0.00426623696836205,-0.5056032955291359
1860,Vestvågøy,2020,0,0.00426623696836205,-0.5416207483923592
1860,Vestvågøy,2021,350,0.00426623696836205,0.7913343444705121
1860,Vestvågøy,2022,412.5,0.00426623696836205,0.8104881537509404
1860,Vestvågøy,2023,469.9,0.00426623696836205,0.6394161936666619
1816,Vevelstad,2016,0,0.00116459135333187,0.07042784377254863
1816,Vevelstad,2017,0,0.00116459135333187,0.01355110441683327
1816,Vevelstad,2018,0,0.00116459135333187,0.021251844225779193
1816,Vevelstad,2019,0,0.00116459135333187,-0.002589670372102282
1816,Vevelstad,2020,0,0.00116459135333187,-0.03860712323532561
1816,Vevelstad,2021,0,0.00116459135333187,-0.12191480195164295
1816,Vevelstad,2022,0,0.00116459135333187,-0.17580069693917566
1816,Vevelstad,2023,0,0.00116459135333187,-0.24078481260203488
4639,Vik,2016,0,0.00149454771942412,0.016916718243757567
4639,Vik,2017,0,0.00149454771942412,-0.03996002111195779
4639,Vik,2018,0,0.00149454771942412,-0.032259281303011866
4639,Vik,2019,0,0.00149454771942412,-0.05610079590089334
4639,Vik,2020,0,0.00149454771942412,-0.09211824876411667
4639,Vik,2021,22,0.00149454771942412,-0.08640369612402793
4639,Vik,2022,22,0.00149454771942412,-0.14988235708945208
4639,Vik,2023,22,0.00149454771942412,-0.2295359426182359
1160,Vindafjord,2016,0,0.00350787434639429,-0.30959728462938924
1160,Vindafjord,2017,0,0.00350787434639429,-0.3664740239851046
1160,Vindafjord,2018,50,0.00350787434639429,0.11290584039562176
1160,Vindafjord,2019,50,0.00350787434639429,-0.07184282452290178
1160,Vindafjord,2020,50,0.00350787434639429,-0.17640018152802267
1160,Vindafjord,2021,57.4,0.00350787434639429,-0.2696728358145939
1160,Vindafjord,2022,257.4,0.00350787434639429,0.37349891958750775
1160,Vindafjord,2023,257.4,0.00350787434639429,0.13688200649333088
4036,Vinje,2016,0,0.00259293005000136,-0.16121494039407572
4036,Vinje,2017,0,0.00259293005000136,-0.21809167974979107
4036,Vinje,2018,0,0.00259293005000136,-0.21039093994084515
4036,Vinje,2019,0,0.00259293005000136,-0.23423245453872663
4036,Vinje,2020,0,0.00259293005000136,-0.27024990740195
4036,Vinje,2021,372,0.00259293005000136,1.1517274168173275
4036,Vinje,2022,922,0.00259293005000136,2.921373204302859
4036,Vinje,2023,1222,0.00259293005000136,3.1246957903397523
1577,Volda,2016,150,0.00394442137429488,2.083734969771602
1577,Volda,2017,172,0.00394442137429488,1.8084537549927444
1577,Volda,2018,172,0.00394442137429488,1.1930052922729375
1577,Volda,2019,172,0.00394442137429488,0.6156431805720474
1577,Volda,2020,172,0.00394442137429488,0.34384845746069637
1577,Volda,2021,194,0.00394442137429488,0.21227667952962662
1577,Volda,2022,194,0.00394442137429488,0.07380003000977803
1577,Volda,2023,394,0.00394442137429488,0.46818509382549345
4621,Voss,2016,550,0.00372116538655085,8.6909547925981
4621,Voss,2017,572,0.00372116538655085,7.067277789043968
4621,Voss,2018,691,0.00372116538655085,6.125241450877666
4621,Voss,2019,935,0.00372116538655085,5.394230353194066
4621,Voss,2020,1035,0.00372116538655085,4.56098083309584
4621,Voss,2021,1035,0.00372116538655085,3.651560641930981
4621,Voss,2022,1035,0.00372116538655085,3.1463787111653714
4621,Voss,2023,1042.4,0.00372116538655085,2.4130456253007497
1865,Vågan,2016,22,0.00293958858328876,0.14397095098975274
1865,Vågan,2017,22,0.00293958858328876,0.012932443251397169
1865,Vågan,2018,22,0.00293958858328876,-0.059071947495660165
1865,Vågan,2019,91.6,0.00293958858328876,0.27888197992296043
1865,Vågan,2020,91.6,0.00293958858328876,0.11729942267178074
1865,Vågan,2021,113.6,0.00293958858328876,0.049901022519322304
1865,Vågan,2022,113.6,0.00293958858328876,-0.05351842769950463
1865,Vågan,2023,121,0.00293958858328876,-0.17246744381581236
3435,Vågå,2016,0,0.00258610346563889,-0.16010782972644616
3435,Vågå,2017,7.4,0.00258610346563889,-0.12036615109488241
3435,Vågå,2018,7.4,0.00258610346563889,-0.1394753188365921
3435,Vågå,2019,7.4,0.00258610346563889,-0.1871310916819286
3435,Vågå,2020,7.4,0.00258610346563889,-0.23329245035815277
3435,Vågå,2021,92.2,0.00258610346563889,0.020633603233937065
3435,Vågå,2022,121.6,0.00258610346563889,0.03269194729034686
3435,Vågå,2023,129,0.00258610346563889,-0.09159142150447891
3419,Våler (Hedmark),2016,25.6,0.00193978326827761,0.36525486392764156
3419,Våler (Hedmark),2017,25.6,0.00193978326827761,0.22208079409030848
3419,Våler (Hedmark),2018,25.6,0.00193978326827761,0.13703374561590517
3419,Våler (Hedmark),2019,25.6,0.00193978326827761,0.03080777005385496
3419,Våler (Hedmark),2020,25.6,0.00193978326827761,-0.04030211373001996
3419,Våler (Hedmark),2021,25.6,0.00193978326827761,-0.14404310676390514
3419,Våler (Hedmark),2022,25.6,0.00193978326827761,-0.2090914930711661
3419,Våler (Hedmark),2023,325.6,0.00193978326827761,0.5919453105936725
3114,Våler (Østfold),2016,7.4,0.00144129874900256,0.1471161830231427
3114,Våler (Østfold),2017,7.4,0.00144129874900256,0.06529412157508468
3114,Våler (Østfold),2018,7.4,0.00144129874900256,0.04618495383337501
3114,Våler (Østfold),2019,7.4,0.00144129874900256,-0.0014708190119614994
3114,Våler (Østfold),2020,7.4,0.00144129874900256,-0.04763217768818567
3114,Våler (Østfold),2021,7.4,0.00144129874900256,-0.13684636132442496
3114,Våler (Østfold),2022,7.4,0.00144129874900256,-0.19395891395906656
3114,Våler (Østfold),2023,69.9,0.00144129874900256,-0.079900045870606
1857,Værøy,2016,0,0.00119231244531184,0.06593213771812861
1857,Værøy,2017,0,0.00119231244531184,0.009055398362413258
1857,Værøy,2018,0,0.00119231244531184,0.01675613817135918
1857,Værøy,2019,0,0.00119231244531184,-0.007085376426522294
1857,Værøy,2020,0,0.00119231244531184,-0.043102829289745626
1857,Værøy,2021,0,0.00119231244531184,-0.12641050800606296
1857,Værøy,2022,0,0.00119231244531184,-0.18029640299359567
1857,Værøy,2023,0,0.00119231244531184,-0.2452805186564549
5058,Åfjord,2016,0,0.00291091749821364,-0.21278499027488293
5058,Åfjord,2017,0,0.00291091749821364,-0.2696617296305983
5058,Åfjord,2018,0,0.00291091749821364,-0.2619609898216524
5058,Åfjord,2019,3.6,0.00291091749821364,-0.2634269222734519
5058,Åfjord,2020,3.6,0.00291091749821364,-0.3043792482348918
5058,Åfjord,2021,36.6,0.00291091749821364,-0.257027014742508
5058,Åfjord,2022,36.6,0.00291091749821364,-0.32687178403871464
5058,Åfjord,2023,110,0.00291091749821364,-0.20019766908651618
3328,Ål,2016,0,0.0045487419168939,-0.478401408288213
3328,Ål,2017,0,0.0045487419168939,-0.5352781476439283
3328,Ål,2018,0,0.0045487419168939,-0.5275774078349824
3328,Ål,2019,0,0.0045487419168939,-0.5514189224328638
3328,Ål,2020,0,0.0045487419168939,-0.5874363752960872
3328,Ål,2021,40.4,0.0045487419168939,-0.5072668655215496
3328,Ål,2022,40.4,0.0045487419168939,-0.5787685671230285
3328,Ål,2023,40.4,0.0045487419168939,-0.6706911638124039
1507,Ålesund,2016,86.8,0.01198873978523843,-0.25908343520122634
1507,Ålesund,2017,136.8,0.01198873978523843,0.04426508784152028
1507,Ålesund,2018,195.6,0.01198873978523843,0.11103948450773227
1507,Ålesund,2019,195.6,0.01198873978523843,-0.542270802144501
1507,Ålesund,2020,267.6,0.01198873978523843,-0.4976021790535208
1507,Ålesund,2021,417.6,0.01198873978523843,-0.1875320872474402
1507,Ålesund,2022,417.6,0.01198873978523843,-0.4235061218880406
1507,Ålesund,2023,1033.6,0.01198873978523843,1.0463364269829805
4217,Åmli,2016,0,0.00175901869114738,-0.025974223774460625
4217,Åmli,2017,0,0.00175901869114738,-0.08285096313017598
4217,Åmli,2018,0,0.00175901869114738,-0.07515022332123006
4217,Åmli,2019,0,0.00175901869114738,-0.09899173791911153
4217,Åmli,2020,0,0.00175901869114738,-0.13500919078233486
4217,Åmli,2021,0,0.00175901869114738,-0.2183168694986522
4217,Åmli,2022,0,0.00175901869114738,-0.2722027644861849
4217,Åmli,2023,73.5,0.00175901869114738,-0.12082962241380008
3422,Åmot,2016,11,0.00194411392547184,0.12471055999595634
3422,Åmot,2017,11,0.00194411392547184,0.03075293644892088
3422,Åmot,2018,11,0.00194411392547184,-0.001398889020134797
3422,Åmot,2019,11,0.00194411392547184,-0.06063997668855753
3422,Åmot,2020,11,0.00194411392547184,-0.11173620846299837
3422,Åmot,2021,11,0.00194411392547184,-0.2038238269251456
3422,Åmot,2022,11,0.00194411392547184,-0.26250610490162407
3422,Åmot,2023,73.5,0.00194411392547184,-0.15084769551849653
4643,Årdal,2016,0,0.0023664004414273598,-0.12447719090327744
4643,Årdal,2017,0,0.0023664004414273598,-0.1813539302589928
4643,Årdal,2018,0,0.0023664004414273598,-0.17365319045004687
4643,Årdal,2019,0,0.0023664004414273598,-0.19749470504792835
4643,Årdal,2020,0,0.0023664004414273598,-0.23351215791115168
4643,Årdal,2021,0,0.0023664004414273598,-0.31681983662746904
4643,Årdal,2022,22,0.0023664004414273598,-0.29127626623648706
4643,Årdal,2023,22,0.0023664004414273598,-0.37092985176527093
3218,Ås,2016,11,0.0041277429619242,-0.22942246935510124
3218,Ås,2017,33,0.0041277429619242,-0.036136147534550044
3218,Ås,2018,33,0.0041277429619242,-0.14799310355960898
3218,Ås,2019,83,0.0041277429619242,0.032738636882024136
3218,Ås,2020,283,0.0041277429619242,0.851873223580214
3218,Ås,2021,283,0.0041277429619242,0.5426816404939091
3218,Ås,2022,283,0.0041277429619242,0.3653978922453176
3218,Ås,2023,933,0.0041277429619242,2.025074554360953
4224,Åseral,2016,0,0.00179405355924334,-0.03165605148632056
4224,Åseral,2017,0,0.00179405355924334,-0.08853279084203591
4224,Åseral,2018,0,0.00179405355924334,-0.08083205103308999
4224,Åseral,2019,0,0.00179405355924334,-0.10467356563097147
4224,Åseral,2020,0,0.00179405355924334,-0.1406910184941948
4224,Åseral,2021,0,0.00179405355924334,-0.22399869721051213
4224,Åseral,2022,0,0.00179405355924334,-0.27788459219804484
4224,Åseral,2023,50,0.00179405355924334,-0.1956868998777449
3418,Åsnes,2016,0,0.00259660691607639,-0.1618112411850672
3418,Åsnes,2017,0,0.00259660691607639,-0.21868798054078256
3418,Åsnes,2018,50,0.00259660691607639,0.2606918838399438
3418,Åsnes,2019,50,0.00259660691607639,0.07594321892142027
3418,Åsnes,2020,50,0.00259660691607639,-0.02861413808370064
3418,Åsnes,2021,50,0.00259660691607639,-0.1518306338265176
3418,Åsnes,2022,50,0.00259660691607639,-0.22751826967289454
3418,Åsnes,2023,50,0.00259660691607639,-0.3258420895764915
1868,Øksnes,2016,0,0.00196270822190425,-0.05900785236698802
1868,Øksnes,2017,0,0.00196270822190425,-0.11588459172270338
1868,Øksnes,2018,0,0.00196270822190425,-0.10818385191375746
1868,Øksnes,2019,0,0.00196270822190425,-0.13202536651163893
1868,Øksnes,2020,0,0.00196270822190425,-0.16804281937486226
1868,Øksnes,2021,0,0.00196270822190425,-0.2513504980911796
1868,Øksnes,2022,0,0.00196270822190425,-0.3052363930787123
1868,Øksnes,2023,66,0.00196270822190425,-0.1759405222038014
5057,Ørland,2016,0,0.00188066912569635,-0.04570304959127153
5057,Ørland,2017,0,0.00188066912569635,-0.10257978894698688
5057,Ørland,2018,0,0.00188066912569635,-0.09487904913804096
5057,Ørland,2019,0,0.00188066912569635,-0.11872056373592244
5057,Ørland,2020,0,0.00188066912569635,-0.15473801659914577
5057,Ørland,2021,116,0.00188066912569635,0.2313442518364965
5057,Ørland,2022,116,0.00188066912569635,0.12687831805644506
5057,Ørland,2023,288,0.00188066912569635,0.4908515080171421
1520,Ørsta,2016,0,0.00295958200909966,-0.2206772239712953
1520,Ørsta,2017,0,0.00295958200909966,-0.27755396332701066
1520,Ørsta,2018,0,0.00295958200909966,-0.26985322351806473
1520,Ørsta,2019,0,0.00295958200909966,-0.2936947381159462
1520,Ørsta,2020,0,0.00295958200909966,-0.32971219097916954
1520,Ørsta,2021,350,0.00295958200909966,1.0032429018837017
1520,Ørsta,2022,350,0.00295958200909966,0.7967448208842589
1520,Ørsta,2023,372,0.00295958200909966,0.5631427710488259
3442,Østre Toten,2016,0,0.00253688587577543,-0.15212589968945509
3442,Østre Toten,2017,0,0.00253688587577543,-0.20900263904517044
3442,Østre Toten,2018,0,0.00253688587577543,-0.20130189923622452
3442,Østre Toten,2019,0,0.00253688587577543,-0.225143413834106
3442,Østre Toten,2020,0,0.00253688587577543,-0.2611608666973293
3442,Østre Toten,2021,59,0.00253688587577543,-0.10572710677601208
3442,Østre Toten,2022,59,0.00253688587577543,-0.185339055976981
3442,Østre Toten,2023,66.4,0.00253688587577543,-0.2678811150624032
3314,Øvre Eiker,2016,0,0.0036531599070551,-0.33315916939044216
3314,Øvre Eiker,2017,0,0.0036531599070551,-0.3900359087461575
3314,Øvre Eiker,2018,0,0.0036531599070551,-0.3823351689372116
3314,Øvre Eiker,2019,0,0.0036531599070551,-0.40617668353509306
3314,Øvre Eiker,2020,0,0.0036531599070551,-0.4421941363983164
3314,Øvre Eiker,2021,0,0.0036531599070551,-0.5255018151146338
3314,Øvre Eiker,2022,0,0.0036531599070551,-0.5793877101021665
3314,Øvre Eiker,2023,150,0.0036531599070551,-0.202826401815548
3440,Øyer,2016,22,0.00203895082362415,0.2900331130391061
3440,Øyer,2017,22,0.00203895082362415,0.15899460530075057
3440,Øyer,2018,22,0.00203895082362415,0.08699021455369324
3440,Øyer,2019,22,0.00203895082362415,-0.007650446185270721
3440,Øyer,2020,44,0.00203895082362415,0.032756653977136924
3440,Øyer,2021,73.4,0.00203895082362415,0.03329528909015181
3440,Øyer,2022,73.4,0.00203895082362415,-0.0525955614781643
3440,Øyer,2023,73.4,0.00203895082362415,-0.16652236296642653
4626,Øygarden,2016,22,0.00488084424400946,-0.17085484423451244
4626,Øygarden,2017,22,0.00488084424400946,-0.30189335197286804
4626,Øygarden,2018,22,0.00488084424400946,-0.3738977427199254
4626,Øygarden,2019,395.6,0.00488084424400946,1.8535497881456169
4626,Øygarden,2020,675.6,0.00488084424400946,2.6317442063234484
4626,Øygarden,2021,675.6,0.00488084424400946,2.0091885919450685
4626,Øygarden,2022,675.6,0.00488084424400946,1.6607175744728315
4626,Øygarden,2023,675.6,0.00488084424400946,1.145247375109125
3453,Øystre Slidre,2016,0,0.00223075239834882,-0.10247828375419948
3453,Øystre Slidre,2017,0,0.00223075239834882,-0.15935502310991484
3453,Øystre Slidre,2018,0,0.00223075239834882,-0.15165428330096892
3453,Øystre Slidre,2019,0,0.00223075239834882,-0.1754957978988504
3453,Øystre Slidre,2020,0,0.00223075239834882,-0.21151325076207372
3453,Øystre Slidre,2021,0,0.00223075239834882,-0.29482092947839106
3453,Øystre Slidre,2022,7.4,0.00223075239834882,-0.321989640656787
3453,Øystre Slidre,2023,164.8,0.00223075239834882,0.07142029898370983
