municipality_code,municipality_name,year,charger_kw_cumulative,diffusion_multiplier_w3_lag,misallocation_index_w3_lag
1820,Alstahaug,2016,0,0.01315060472468343,-0.9208974879097005
1820,Alstahaug,2017,50,0.01315060472468343,-0.32494707870271894
1820,Alstahaug,2018,50,0.01315060472468343,-0.49839436288468947
1820,Alstahaug,2019,50,0.01315060472468343,-0.683143027803213
1820,Alstahaug,2020,61,0.01315060472468343,-0.7344093293843009
1820,Alstahaug,2021,61,0.01315060472468343,-0.8664057648729477
1820,Alstahaug,2022,61,0.01315060472468343,-0.9468897837082706
1820,Alstahaug,2023,83,0.01315060472468343,-0.9877883430322397
5403,Alta,2016,22,0.01757467884903565,-0.9289800720239958
5403,Alta,2017,29.4,0.01757467884903565,-0.9634001617750723
5403,Alta,2018,29.4,0.01757467884903565,-1.0622144600727852
5403,Alta,2019,33,0.01757467884903565,-1.1582937969131222
5403,Alta,2020,33,0.01757467884903565,-1.239547586509998
5403,Alta,2021,33,0.01757467884903565,-1.3491950844638052
5403,Alta,2022,33,0.01757467884903565,-1.417470128418175
5403,Alta,2023,262.4,0.01757467884903565,-0.8291883138531866
3428,Alvdal,2016,0,0.00526502172546227,-0.2623120849180049
3428,Alvdal,2017,0,0.00526502172546227,-0.31918882427372025
3428,Alvdal,2018,0,0.00526502172546227,-0.31148808446477433
3428,Alvdal,2019,0,0.00526502172546227,-0.3353295990626558
3428,Alvdal,2020,0,0.00526502172546227,-0.37134705192587913
3428,Alvdal,2021,0,0.00526502172546227,-0.45465473064219647
3428,Alvdal,2022,0,0.00526502172546227,-0.5085406256297291
3428,Alvdal,2023,62.5,0.00526502172546227,-0.3895474813136394
4631,Alver,2016,472,0.0086186262488401,7.211398041577766
4631,Alver,2017,644,0.0086186262488401,7.809139662522901
4631,Alver,2018,644,0.0086186262488401,5.483653853328843
4631,Alver,2019,1044,0.0086186262488401,5.873504036610198
4631,Alver,2020,1224,0.0086186262488401,5.278408837657421
4631,Alver,2021,1231.4,0.0086186262488401,4.2480771595886395
4631,Alver,2022,1231.4,0.0086186262488401,3.6572579907294895
4631,Alver,2023,1231.4,0.0086186262488401,2.7711836390257427
1871,Andøy,2016,22,0.00189089910911751,0.38089243853954285
1871,Andøy,2017,22,0.00189089910911751,0.2498539308011873
1871,Andøy,2018,22,0.00189089910911751,0.17784954005412998
1871,Andøy,2019,22,0.00189089910911751,0.08320887931516602
1871,Andøy,2020,44,0.00189089910911751,0.12361597947757366
1871,Andøy,2021,55,0.00189089910911751,0.049699657456139745
1871,Andøy,2022,284.4,0.00189089910911751,0.8000645456071174
1871,Andøy,2023,284.4,0.00189089910911751,0.545444192222942
3124,Aremark,2016,0,0.00135969678997928,0.06385149698869907
3124,Aremark,2017,0,0.00135969678997928,0.006974757632983719
3124,Aremark,2018,0,0.00135969678997928,0.014675497441929641
3124,Aremark,2019,0,0.00135969678997928,-0.009166017155951833
3124,Aremark,2020,0,0.00135969678997928,-0.045183470019175165
3124,Aremark,2021,0,0.00135969678997928,-0.1284911487354925
3124,Aremark,2022,0,0.00135969678997928,-0.1823770437230252
3124,Aremark,2023,350,0.00135969678997928,0.7829114964962302
4203,Arendal,2016,3.6,0.01489907797408902,-1.0077867573088266
4203,Arendal,2017,3.6,0.01489907797408902,-1.0767990587635197
4203,Arendal,2018,3.6,0.01489907797408902,-1.0821409766819197
4203,Arendal,2019,3.6,0.01489907797408902,-1.1175678061028873
4203,Arendal,2020,66.1,0.01489907797408902,-0.8557300444277763
4203,Arendal,2021,73.5,0.01489907797408902,-0.9618533377968804
4203,Arendal,2022,84.5,0.01489907797408902,-1.008073059157657
4203,Arendal,2023,356.5,0.01489907797408902,-0.3287322395589766
3203,Asker,2016,65.8,0.01579213336887568,-0.06058013199315182
3203,Asker,2017,65.8,0.01579213336887568,-0.33926797860240027
3203,Asker,2018,119.4,0.01579213336887568,-0.06431801682455174
3203,Asker,2019,319.4,0.01579213336887568,0.7706820906164268
3203,Asker,2020,398.8,0.01579213336887568,0.6814962574282365
3203,Asker,2021,431.8,0.01579213336887568,0.4134092011431677
3203,Asker,2022,431.8,0.01579213336887568,0.17124347209865565
3203,Asker,2023,631.8,0.01579213336887568,0.4070649025454224
4645,Askvoll,2016,0,0.00236786373433415,-0.020348242383321558
4645,Askvoll,2017,0,0.00236786373433415,-0.07722498173903691
4645,Askvoll,2018,0,0.00236786373433415,-0.06952424193009099
4645,Askvoll,2019,0,0.00236786373433415,-0.09336575652797247
4645,Askvoll,2020,7.4,0.00236786373433415,-0.09353286301502817
4645,Askvoll,2021,207.4,0.00236786373433415,0.6265459656796974
4645,Askvoll,2022,214.8,0.00236786373433415,0.5089436334188153
4645,Askvoll,2023,214.8,0.00236786373433415,0.300732148337747
4627,Askøy,2016,0,0.00530777296412384,-0.2658825681334
4627,Askøy,2017,222,0.00530777296412384,2.5757932321292594
4627,Askøy,2018,222,0.00530777296412384,1.7791967454185356
4627,Askøy,2019,572,0.00530777296412384,3.216331303154972
4627,Askøy,2020,722,0.00530777296412384,3.122913557236163
4627,Askøy,2021,872,0.00530777296412384,3.0702923199054157
4627,Askøy,2022,872,0.00530777296412384,2.636184064339638
4627,Askøy,2023,872,0.00530777296412384,1.9897555067183135
1547,Aukra,2016,0,0.00221309160477415,-0.007422037012301708
1547,Aukra,2017,0,0.00221309160477415,-0.06429877636801706
1547,Aukra,2018,0,0.00221309160477415,-0.05659803655907114
1547,Aukra,2019,0,0.00221309160477415,-0.08043955115695262
1547,Aukra,2020,0,0.00221309160477415,-0.11645700402017595
1547,Aukra,2021,0,0.00221309160477415,-0.19976468273649328
1547,Aukra,2022,0,0.00221309160477415,-0.253650577724026
1547,Aukra,2023,200,0.00221309160477415,0.27009253854575166
1576,Aure,2016,0,0.0022005019606589,-0.006370579454378245
1576,Aure,2017,0,0.0022005019606589,-0.0632473188100936
1576,Aure,2018,0,0.0022005019606589,-0.05554657900114768
1576,Aure,2019,0,0.0022005019606589,-0.07938809359902915
1576,Aure,2020,0,0.0022005019606589,-0.11540554646225248
1576,Aure,2021,50,0.0022005019606589,0.0036100279041713645
1576,Aure,2022,50,0.0022005019606589,-0.07207760794220558
1576,Aure,2023,50,0.0022005019606589,-0.1704014278458026
4641,Aurland,2016,22,0.00247615266817999,0.33201343351409873
4641,Aurland,2017,22,0.00247615266817999,0.2009749257757432
4641,Aurland,2018,22,0.00247615266817999,0.12897053502868586
4641,Aurland,2019,29.4,0.00247615266817999,0.08032412647889034
4641,Aurland,2020,36.8,0.00247615266817999,0.03985555635639887
4641,Aurland,2021,36.8,0.00247615266817999,-0.07282501169142219
4641,Aurland,2022,44.2,0.00247615266817999,-0.1160398041419275
4641,Aurland,2023,55.2,0.00247615266817999,-0.1781162205973038
3226,Aurskog-Høland,2016,0,0.00188091642745065,0.020320454956020972
3226,Aurskog-Høland,2017,0,0.00188091642745065,-0.03655628439969438
3226,Aurskog-Høland,2018,0,0.00188091642745065,-0.02885554459074846
3226,Aurskog-Høland,2019,0,0.00188091642745065,-0.052697059188629936
3226,Aurskog-Høland,2020,0,0.00188091642745065,-0.08871451205185327
3226,Aurskog-Høland,2021,0,0.00188091642745065,-0.1720221907681706
3226,Aurskog-Høland,2022,0,0.00188091642745065,-0.22590808575570331
3226,Aurskog-Høland,2023,0,0.00188091642745065,-0.29089220141856253
4625,Austevoll,2016,0,0.00237478582378071,-0.02092635906387108
4625,Austevoll,2017,22,0.00237478582378071,0.20944084694800022
4625,Austevoll,2018,22,0.00237478582378071,0.13743645620094289
4625,Austevoll,2019,22,0.00237478582378071,0.042795795461978925
4625,Austevoll,2020,22,0.00237478582378071,-0.02337921522367936
4625,Austevoll,2021,22,0.00237478582378071,-0.12424677343165658
4625,Austevoll,2022,22,0.00237478582378071,-0.18772543439708073
4625,Austevoll,2023,22,0.00237478582378071,-0.26737901992586455
4632,Austrheim,2016,0,0.00225913423807792,-0.011267409790973515
4632,Austrheim,2017,0,0.00225913423807792,-0.06814414914668887
4632,Austrheim,2018,0,0.00225913423807792,-0.06044340933774295
4632,Austrheim,2019,0,0.00225913423807792,-0.08428492393562442
4632,Austrheim,2020,0,0.00225913423807792,-0.12030237679884775
4632,Austrheim,2021,0,0.00225913423807792,-0.2036100555151651
4632,Austrheim,2022,0,0.00225913423807792,-0.2574959505026978
4632,Austrheim,2023,0,0.00225913423807792,-0.322480066165557
1554,Averøy,2016,22,0.00264698116750832,0.3177462377869437
1554,Averøy,2017,22,0.00264698116750832,0.18670773004858818
1554,Averøy,2018,22,0.00264698116750832,0.11470333930153084
1554,Averøy,2019,22,0.00264698116750832,0.020062678562566882
1554,Averøy,2020,44,0.00264698116750832,0.06046977872497453
1554,Averøy,2021,44,0.00264698116750832,-0.05795765897466243
1554,Averøy,2022,44,0.00264698116750832,-0.13102908591797813
1554,Averøy,2023,44,0.00264698116750832,-0.22535214131268655
5422,Balsfjord,2016,0,0.00462947569462584,-0.20923277056933548
5422,Balsfjord,2017,50,0.00462947569462584,0.3867176386376461
5422,Balsfjord,2018,50,0.00462947569462584,0.21327035445567555
5422,Balsfjord,2019,50,0.00462947569462584,0.028521689537151992
5422,Balsfjord,2020,50,0.00462947569462584,-0.07603566746796891
5422,Balsfjord,2021,50,0.00462947569462584,-0.19925216321078587
5422,Balsfjord,2022,50,0.00462947569462584,-0.2749397990571628
5422,Balsfjord,2023,50,0.00462947569462584,-0.3732636189607598
4012,Bamble,2016,0,0.00372727300020496,-0.13388291690042423
4012,Bamble,2017,0,0.00372727300020496,-0.19075965625613958
4012,Bamble,2018,0,0.00372727300020496,-0.18305891644719366
4012,Bamble,2019,0,0.00372727300020496,-0.20690043104507513
4012,Bamble,2020,0,0.00372727300020496,-0.24291788390829847
4012,Bamble,2021,0,0.00372727300020496,-0.3262255626246158
4012,Bamble,2022,372,0.00372727300020496,0.9629685933336446
4012,Bamble,2023,394,0.00372727300020496,0.714697073632287
5416,Bardu,2016,0,0.00416617333019021,-0.17053884338361172
5416,Bardu,2017,50,0.00416617333019021,0.4254115658233698
5416,Bardu,2018,50,0.00416617333019021,0.2519642816413993
5416,Bardu,2019,50,0.00416617333019021,0.06721561672287575
5416,Bardu,2020,50,0.00416617333019021,-0.037341740282245156
5416,Bardu,2021,50,0.00416617333019021,-0.1605582360250621
5416,Bardu,2022,50,0.00416617333019021,-0.23624587187143906
5416,Bardu,2023,250,0.00416617333019021,0.2541575401576009
1839,Beiarn,2016,0,0.00206525454406093,0.004924967669094726
1839,Beiarn,2017,0,0.00206525454406093,-0.05195177168662063
1839,Beiarn,2018,0,0.00206525454406093,-0.04425103187767471
1839,Beiarn,2019,0,0.00206525454406093,-0.06809254647555618
1839,Beiarn,2020,0,0.00206525454406093,-0.10410999933877951
1839,Beiarn,2021,7.4,0.00206525454406093,-0.15747383659885117
1839,Beiarn,2022,7.4,0.00206525454406093,-0.21458638923349277
1839,Beiarn,2023,7.4,0.00206525454406093,-0.2845047811239812
4601,Bergen,2016,543,0.07041117401698076,3.2169841386870033
4601,Bergen,2017,543,0.07041117401698076,1.3296601160688493
4601,Bergen,2018,1255.4,0.07041117401698076,6.090577482235171
4601,Bergen,2019,1826.9,0.07041117401698076,5.57880290307712
4601,Bergen,2020,2407.4,0.07041117401698076,5.850788766645529
4601,Bergen,2021,2757.4,0.07041117401698076,5.262214137316498
4601,Bergen,2022,2979.6,0.07041117401698076,4.808243437768418
4601,Bergen,2023,3517.6,0.07041117401698076,4.340155920890311
5440,Berlevåg,2016,0,0.00157417311800164,0.04593893694884704
5440,Berlevåg,2017,0,0.00157417311800164,-0.010937802406868313
5440,Berlevåg,2018,0,0.00157417311800164,-0.003237062597922391
5440,Berlevåg,2019,0,0.00157417311800164,-0.027078577195803866
5440,Berlevåg,2020,0,0.00157417311800164,-0.0630960300590272
5440,Berlevåg,2021,0,0.00157417311800164,-0.14640370877534453
5440,Berlevåg,2022,0,0.00157417311800164,-0.20028960376287724
5440,Berlevåg,2023,0,0.00157417311800164,-0.26527371942573647
1811,Bindal,2016,0,0.00159208191580702,0.04444323614639306
1811,Bindal,2017,0,0.00159208191580702,-0.012433503209322294
1811,Bindal,2018,0,0.00159208191580702,-0.004732763400376372
1811,Bindal,2019,0,0.00159208191580702,-0.028574277998257847
1811,Bindal,2020,0,0.00159208191580702,-0.06459173086148118
1811,Bindal,2021,0,0.00159208191580702,-0.1478994095777985
1811,Bindal,2022,22,0.00159208191580702,-0.12235583918681658
1811,Bindal,2023,22,0.00159208191580702,-0.2020094247156004
4216,Birkenes,2016,0,0.00243809145275429,-0.026213496764828093
4216,Birkenes,2017,0,0.00243809145275429,-0.08309023612054345
4216,Birkenes,2018,0,0.00243809145275429,-0.07538949631159753
4216,Birkenes,2019,0,0.00243809145275429,-0.099231010909479
4216,Birkenes,2020,0,0.00243809145275429,-0.13524846377270233
4216,Birkenes,2021,0,0.00243809145275429,-0.21855614248901967
4216,Birkenes,2022,0,0.00243809145275429,-0.2724420374765524
4216,Birkenes,2023,11,0.00243809145275429,-0.30504615538311664
1114,Bjerkreim,2016,0,0.00188817364190416,0.019714349420649147
1114,Bjerkreim,2017,0,0.00188817364190416,-0.03716238993506621
1114,Bjerkreim,2018,22,0.00188817364190416,0.1780771646854631
1114,Bjerkreim,2019,22,0.00188817364190416,0.08343650394649915
1114,Bjerkreim,2020,29.4,0.00188817364190416,0.053111839637008496
1114,Bjerkreim,2021,36.8,0.00188817364190416,-0.023718382034644936
1114,Bjerkreim,2022,36.8,0.00188817364190416,-0.09365035829428703
1114,Bjerkreim,2023,36.8,0.00188817364190416,-0.18317249627832927
4624,Bjørnafjorden,2016,43,0.0049712751895597,0.46860483207865117
4624,Bjørnafjorden,2017,43,0.0049712751895597,0.2667755454295936
4624,Bjørnafjorden,2018,43,0.0049712751895597,0.11868898460635131
4624,Bjørnafjorden,2019,193,0.0049712751895597,0.8887832434861327
4624,Bjørnafjorden,2020,215,0.0049712751895597,0.6947838714832508
4624,Bjørnafjorden,2021,215,0.0049712751895597,0.4398682795529852
4624,Bjørnafjorden,2022,215,0.0049712751895597,0.29223489887242204
4624,Bjørnafjorden,2023,415,0.0049712751895597,0.6726172869070277
1804,Bodø,2016,33,0.02523102472893224,-1.387717271420375
1804,Bodø,2017,33,0.02523102472893224,-1.5558366633500507
1804,Bodø,2018,84.4,0.02523102472893224,-1.1828074793153194
1804,Bodø,2019,91.8,0.02523102472893224,-1.432266011465276
1804,Bodø,2020,154.3,0.02523102472893224,-1.2913326406964725
1804,Bodø,2021,227.7,0.02523102472893224,-1.2007883932311034
1804,Bodø,2022,257.1,0.02523102472893224,-1.2478127669021615
1804,Bodø,2023,536.5,0.02523102472893224,-0.6617776987610001
1145,Bokn,2016,0,0.00134010969013248,0.06548736564258523
1145,Bokn,2017,0,0.00134010969013248,0.008610626286869871
1145,Bokn,2018,0,0.00134010969013248,0.016311366095815794
1145,Bokn,2019,0,0.00134010969013248,-0.007530148502065681
1145,Bokn,2020,0,0.00134010969013248,-0.04354760136528901
1145,Bokn,2021,0,0.00134010969013248,-0.12685528008160635
1145,Bokn,2022,0,0.00134010969013248,-0.18074117506913906
1145,Bokn,2023,62.5,0.00134010969013248,-0.0617480307530493
4648,Bremanger,2016,0,0.00198095719179482,0.011965284880744442
4648,Bremanger,2017,0,0.00198095719179482,-0.04491145447497091
4648,Bremanger,2018,0,0.00198095719179482,-0.03721071466602499
4648,Bremanger,2019,0,0.00198095719179482,-0.061052229263906466
4648,Bremanger,2020,22,0.00198095719179482,0.009512428720936161
4648,Bremanger,2021,29.4,0.00198095719179482,-0.06141128803079532
4648,Bremanger,2022,29.4,0.00198095719179482,-0.1281166066433284
4648,Bremanger,2023,29.4,0.00198095719179482,-0.21270446839974144
1813,Brønnøy,2016,0,0.00827421485303551,-0.5136328393629714
1813,Brønnøy,2017,7.4,0.00827421485303551,-0.47389116073140763
1813,Brønnøy,2018,86.8,0.00827421485303551,0.25602612134687
1813,Brønnøy,2019,86.8,0.00827421485303551,-0.047150206207646095
1813,Brønnøy,2020,86.8,0.00827421485303551,-0.2021529326612036
1813,Brønnøy,2021,86.8,0.00827421485303551,-0.3547423177355242
1813,Brønnøy,2022,86.8,0.00827421485303551,-0.4464760348540106
1813,Brønnøy,2023,108.8,0.00827421485303551,-0.5045778815662004
4220,Bygland,2016,22,0.00238120295306245,0.33994341109480625
4220,Bygland,2017,22,0.00238120295306245,0.2089049033564507
4220,Bygland,2018,22,0.00238120295306245,0.13690051260939337
4220,Bygland,2019,22,0.00238120295306245,0.04225985187042941
4220,Bygland,2020,22,0.00238120295306245,-0.023915158815228876
4220,Bygland,2021,22,0.00238120295306245,-0.12478271702320609
4220,Bygland,2022,22,0.00238120295306245,-0.18826137798863024
4220,Bygland,2023,22,0.00238120295306245,-0.26791496351741406
4222,Bykle,2016,22,0.00276567541840178,0.30783317225137236
4222,Bykle,2017,22,0.00276567541840178,0.1767946645130168
4222,Bykle,2018,22,0.00276567541840178,0.10479027376595948
4222,Bykle,2019,22,0.00276567541840178,0.010149613026995519
4222,Bykle,2020,22,0.00276567541840178,-0.05602539765866277
4222,Bykle,2021,22,0.00276567541840178,-0.15689295586663998
4222,Bykle,2022,22,0.00276567541840178,-0.22037161683206413
4222,Bykle,2023,22,0.00276567541840178,-0.30002520236084795
5443,Båtsfjord,2016,0,0.00259785982943907,-0.039556976981150405
5443,Båtsfjord,2017,0,0.00259785982943907,-0.09643371633686576
5443,Båtsfjord,2018,0,0.00259785982943907,-0.08873297652791984
5443,Båtsfjord,2019,0,0.00259785982943907,-0.11257449112580131
5443,Båtsfjord,2020,0,0.00259785982943907,-0.14859194398902464
5443,Båtsfjord,2021,0,0.00259785982943907,-0.23189962270534198
5443,Båtsfjord,2022,0,0.00259785982943907,-0.2857855176928747
5443,Båtsfjord,2023,0,0.00259785982943907,-0.3507696333557339
3201,Bærum,2016,86.6,0.04659417983457933,-2.291402157303833
3201,Bærum,2017,162.2,0.04659417983457933,-1.653131936302598
3201,Bærum,2018,195,0.04659417983457933,-1.923653880601097
3201,Bærum,2019,252.4,0.04659417983457933,-2.218267055009176
3201,Bærum,2020,477.4,0.04659417983457933,-1.5102296284891146
3201,Bærum,2021,481,0.04659417983457933,-1.9600194179524923
3201,Bærum,2022,678.6,0.04659417983457933,-1.5102170436932665
3201,Bærum,2023,963.6,0.04659417983457933,-1.1887513198074098
1867,Bø,2016,0,0.0018812375644821,0.02029363434411524
1867,Bø,2017,0,0.0018812375644821,-0.036583105011600114
1867,Bø,2018,50,0.0018812375644821,0.44279675936912627
1867,Bø,2019,50,0.0018812375644821,0.2580480944506027
1867,Bø,2020,50,0.0018812375644821,0.1534907374454818
1867,Bø,2021,50,0.0018812375644821,0.03027424170266485
1867,Bø,2022,50,0.0018812375644821,-0.045413394143712094
1867,Bø,2023,50,0.0018812375644821,-0.1437372140473091
4613,Bømlo,2016,0,0.00254449441406812,-0.03510002261374756
4613,Bømlo,2017,0,0.00254449441406812,-0.09197676196946292
4613,Bømlo,2018,0,0.00254449441406812,-0.084276022160517
4613,Bømlo,2019,7.2,0.00254449441406812,-0.0633663724662345
4613,Bømlo,2020,218.2,0.00254449441406812,0.912965764335105
4613,Bømlo,2021,218.2,0.00254449441406812,0.6554960081151435
4613,Bømlo,2022,218.2,0.00254449441406812,0.5064673160196143
4613,Bømlo,2023,218.2,0.00254449441406812,0.29598873105017576
5441,Deatnu-Tana,2016,0,0.00550384380174368,-0.28225794476966587
5441,Deatnu-Tana,2017,0,0.00550384380174368,-0.3391346841253812
5441,Deatnu-Tana,2018,0,0.00550384380174368,-0.3314339443164353
5441,Deatnu-Tana,2019,0,0.00550384380174368,-0.3552754589143168
5441,Deatnu-Tana,2020,0,0.00550384380174368,-0.3912929117775401
5441,Deatnu-Tana,2021,0,0.00550384380174368,-0.47460059049385744
5441,Deatnu-Tana,2022,0,0.00550384380174368,-0.5284864854813901
5441,Deatnu-Tana,2023,0,0.00550384380174368,-0.5934706011442493
3431,Dovre,2016,425,0.00429454353427244,6.80044126651408
3431,Dovre,2017,425,0.00429454353427244,5.310894001584633
3431,Dovre,2018,432.4,0.00429454353427244,3.8486450479074117
3431,Dovre,2019,432.4,0.00429454353427244,2.4332784973366177
3431,Dovre,2020,432.4,0.00429454353427244,1.8045279534542642
3431,Dovre,2021,462,0.00429454353427244,1.4958641909177617
3431,Dovre,2022,462,0.00429454353427244,1.2405302103945075
3431,Dovre,2023,662,0.00429454353427244,1.4562144594798692
3301,Drammen,2016,83,0.01975819323078054,-0.10926259452824283
3301,Drammen,2017,83,0.01975819323078054,-0.4459314600548282
3301,Drammen,2018,93.8,0.01975819323078054,-0.6370537491632992
3301,Drammen,2019,143.8,0.01975819323078054,-0.6519851035115667
3301,Drammen,2020,648.8,0.01975819323078054,1.5614205874164444
3301,Drammen,2021,817.2,0.01975819323078054,1.6416808153469415
3301,Drammen,2022,817.2,0.01975819323078054,1.2314672677624574
3301,Drammen,2023,817.2,0.01975819323078054,0.6215790259889813
4016,Drangedal,2016,0,0.00172688766272324,0.03318457623916948
4016,Drangedal,2017,0,0.00172688766272324,-0.023692163116545872
4016,Drangedal,2018,0,0.00172688766272324,-0.01599142330759995
4016,Drangedal,2019,0,0.00172688766272324,-0.039832937905481425
4016,Drangedal,2020,0,0.00172688766272324,-0.07585039076870476
4016,Drangedal,2021,0,0.00172688766272324,-0.1591580694850221
4016,Drangedal,2022,0,0.00172688766272324,-0.2130439644725548
4016,Drangedal,2023,0,0.00172688766272324,-0.278028080135414
5420,Dyrøy,2016,0,0.00171193234144989,0.034433609606601134
5420,Dyrøy,2017,0,0.00171193234144989,-0.02244312974911422
5420,Dyrøy,2018,0,0.00171193234144989,-0.014742389940168299
5420,Dyrøy,2019,0,0.00171193234144989,-0.038583904538049774
5420,Dyrøy,2020,0,0.00171193234144989,-0.0746013574012731
5420,Dyrøy,2021,0,0.00171193234144989,-0.15790903611759044
5420,Dyrøy,2022,0,0.00171193234144989,-0.21179493110512315
5420,Dyrøy,2023,62.5,0.00171193234144989,-0.09280178678903339
1827,Dønna,2016,0,0.00226903448063608,-0.012094254836612528
1827,Dønna,2017,0,0.00226903448063608,-0.06897099419232788
1827,Dønna,2018,0,0.00226903448063608,-0.06127025438338196
1827,Dønna,2019,0,0.00226903448063608,-0.08511176898126344
1827,Dønna,2020,0,0.00226903448063608,-0.12112922184448677
1827,Dønna,2021,0,0.00226903448063608,-0.2044369005608041
1827,Dønna,2022,0,0.00226903448063608,-0.2583227955483368
1827,Dønna,2023,0,0.00226903448063608,-0.32330691121119604
4619,Eidfjord,2016,0,0.00154178148249914,0.048644210398265
4619,Eidfjord,2017,0,0.00154178148249914,-0.008232528957450358
4619,Eidfjord,2018,0,0.00154178148249914,-5.317891485044357e-4
4619,Eidfjord,2019,0,0.00154178148249914,-0.02437330374638591
4619,Eidfjord,2020,412.5,0.00154178148249914,1.9380238217916272
4619,Eidfjord,2021,412.5,0.00154178148249914,1.5254684026066885
4619,Eidfjord,2022,412.5,0.00154178148249914,1.2917181455336904
4619,Eidfjord,2023,412.5,0.00154178148249914,0.9516814698847451
3416,Eidskog,2016,7.4,0.002038608652585,0.12871411012891862
3416,Eidskog,2017,7.4,0.002038608652585,0.04689204868086061
3416,Eidskog,2018,7.4,0.002038608652585,0.027782880939150933
3416,Eidskog,2019,7.4,0.002038608652585,-0.019872891906185575
3416,Eidskog,2020,7.4,0.002038608652585,-0.06603425058240975
3416,Eidskog,2021,51.8,0.002038608652585,0.02441461451882515
3416,Eidskog,2022,51.8,0.002038608652585,-0.05205788399847022
3416,Eidskog,2023,143.7,0.002038608652585,0.11893822981831292
3240,Eidsvoll,2016,0,0.00159991777659605,0.04378880342581426
3240,Eidsvoll,2017,0,0.00159991777659605,-0.013087935929901096
3240,Eidsvoll,2018,0,0.00159991777659605,-0.005387196120955173
3240,Eidsvoll,2019,200,0.00159991777659605,1.2138591862857169
3240,Eidsvoll,2020,200,0.00159991777659605,0.9036821168549032
3240,Eidsvoll,2021,200,0.00159991777659605,0.6607391700325875
3240,Eidsvoll,2022,200,0.00159991777659605,0.5196463116096777
3240,Eidsvoll,2023,200,0.00159991777659605,0.3213033789838676
1101,Eigersund,2016,0,0.00565614259416391,-0.29497758282193576
1101,Eigersund,2017,0,0.00565614259416391,-0.3518543221776511
1101,Eigersund,2018,29.4,0.00565614259416391,-0.06680625712049829
1101,Eigersund,2019,29.4,0.00565614259416391,-0.1852611761069173
1101,Eigersund,2020,79.4,0.00565614259416391,-0.019348022496335583
1101,Eigersund,2021,99.4,0.00565614259416391,-0.08510160141763778
1101,Eigersund,2022,99.4,0.00565614259416391,-0.18232935723255295
1101,Eigersund,2023,99.4,0.00565614259416391,-0.3135928049259987
3420,Elverum,2016,11,0.00879972472470671,-0.37681933482171504
3420,Elverum,2017,11,0.00879972472470671,-0.47077695836875055
3420,Elverum,2018,11,0.00879972472470671,-0.5029287838378063
3420,Elverum,2019,161,0.00879972472470671,0.37014605124718614
3420,Elverum,2020,168.4,0.00879972472470671,0.14928045342322033
3420,Elverum,2021,168.4,0.00879972472470671,-0.06844012103834762
3420,Elverum,2022,518.4,0.00879972472470671,1.0678963063288103
3420,Elverum,2023,518.4,0.00879972472470671,0.657246137097983
3220,Enebakk,2016,3.6,0.00256804332721502,0.02207234417018511
3220,Enebakk,2017,3.6,0.00256804332721502,-0.04693995728450773
3220,Enebakk,2018,3.6,0.00256804332721502,-0.05228187520290778
3220,Enebakk,2019,3.6,0.00256804332721502,-0.08770870462387548
3220,Enebakk,2020,25.6,0.00256804332721502,-0.022078919737249514
3220,Enebakk,2021,25.6,0.00256804332721502,-0.1258199127711347
3220,Enebakk,2022,25.6,0.00256804332721502,-0.19086829907839564
3220,Enebakk,2023,25.6,0.00256804332721502,-0.27292234331251264
3425,Engerdal,2016,0,0.00174891071070923,0.031345262908196836
3425,Engerdal,2017,0,0.00174891071070923,-0.02553147644751852
3425,Engerdal,2018,0,0.00174891071070923,-0.017830736638572597
3425,Engerdal,2019,0,0.00174891071070923,-0.04167225123645407
3425,Engerdal,2020,0,0.00174891071070923,-0.0776897040996774
3425,Engerdal,2021,0,0.00174891071070923,-0.16099738281599474
3425,Engerdal,2022,7.4,0.00174891071070923,-0.18816609399439066
3425,Engerdal,2023,29.6,0.00174891071070923,-0.19273576314035645
4611,Etne,2016,18.4,0.0022636147248617,0.2906249874128509
4611,Etne,2017,18.4,0.0022636147248617,0.17172204177347283
4611,Etne,2018,18.4,0.0022636147248617,0.11276030875376153
4611,Etne,2019,168.4,0.0022636147248617,0.9620208855912988
4611,Etne,2020,218.4,0.0022636147248617,0.9373931056874054
4611,Etne,2021,225.8,0.0022636147248617,0.7097075556555836
4611,Etne,2022,225.8,0.0022636147248617,0.55736499894951
4611,Etne,2023,275.8,0.0022636147248617,0.48900058691863857
3450,Etnedal,2016,0,0.00184349180562121,0.023446071622764297
3450,Etnedal,2017,0,0.00184349180562121,-0.03343066773295106
3450,Etnedal,2018,0,0.00184349180562121,-0.025729927924005136
3450,Etnedal,2019,0,0.00184349180562121,-0.04957144252188661
3450,Etnedal,2020,0,0.00184349180562121,-0.08558889538510994
3450,Etnedal,2021,0,0.00184349180562121,-0.16889657410142728
3450,Etnedal,2022,0,0.00184349180562121,-0.22278246908896
3450,Etnedal,2023,62.5,0.00184349180562121,-0.10378932477287023
1853,Evenes,2016,0,0.00266398519556172,-0.04507961251743986
1853,Evenes,2017,0,0.00266398519556172,-0.10195635187315522
1853,Evenes,2018,0,0.00266398519556172,-0.0942556120642093
1853,Evenes,2019,0,0.00266398519556172,-0.11809712666209077
1853,Evenes,2020,0,0.00266398519556172,-0.1541145795253141
1853,Evenes,2021,11,0.00266398519556172,-0.1929111425634284
1853,Evenes,2022,11,0.00266398519556172,-0.25159342053990685
1853,Evenes,2023,18.4,0.00266398519556172,-0.3021293635542208
4219,Evje og Hornnes,2016,0,0.00530553339658844,-0.265695524703894
4219,Evje og Hornnes,2017,0,0.00530553339658844,-0.32257226405960937
4219,Evje og Hornnes,2018,0,0.00530553339658844,-0.31487152425066345
4219,Evje og Hornnes,2019,0,0.00530553339658844,-0.3387130388485449
4219,Evje og Hornnes,2020,0,0.00530553339658844,-0.37473049171176825
4219,Evje og Hornnes,2021,0,0.00530553339658844,-0.4580381704280856
4219,Evje og Hornnes,2022,0,0.00530553339658844,-0.5119240654156183
4219,Evje og Hornnes,2023,247,0.00530553339658844,0.15016995035832903
4206,Farsund,2016,0,0.00291716321165892,-0.06622444680254991
4206,Farsund,2017,0,0.00291716321165892,-0.12310118615826526
4206,Farsund,2018,72,0.00291716321165892,0.5638174930340445
4206,Farsund,2019,75.6,0.00291716321165892,0.33064526412052037
4206,Farsund,2020,75.6,0.00291716321165892,0.1909954761947479
4206,Farsund,2021,75.6,0.00291716321165892,0.047345666134363196
4206,Farsund,2022,75.6,0.00291716321165892,-0.039504461031742044
4206,Farsund,2023,83,0.00291716321165892,-0.13311530192508914
1841,Fauske - Fuossko,2016,7.4,0.00815502025554298,-0.3821142459729724
1841,Fauske - Fuossko,2017,57.4,0.00815502025554298,0.18889084114166657
1841,Fauske - Fuossko,2018,79.4,0.00815502025554298,0.19617246422062382
1841,Fauske - Fuossko,2019,79.4,0.00815502025554298,-0.08318960508643727
1841,Fauske - Fuossko,2020,79.4,0.00815502025554298,-0.22804842572699396
1841,Fauske - Fuossko,2021,123.4,0.00815502025554298,-0.19668684316858037
1841,Fauske - Fuossko,2022,123.4,0.00815502025554298,-0.3043794345957408
1841,Fauske - Fuossko,2023,198.4,0.00815502025554298,-0.23087322835000185
4633,Fedje,2016,0,0.00138824604955914,0.06146712976723001
4633,Fedje,2017,0,0.00138824604955914,0.0045903904115146554
4633,Fedje,2018,0,0.00138824604955914,0.012291130220460578
4633,Fedje,2019,0,0.00138824604955914,-0.011550384377420897
4633,Fedje,2020,0,0.00138824604955914,-0.04756783724064423
4633,Fedje,2021,0,0.00138824604955914,-0.13087551595696156
4633,Fedje,2022,0,0.00138824604955914,-0.18476141094449428
4633,Fedje,2023,0,0.00138824604955914,-0.2497455266073535
4615,Fitjar,2016,0,0.0020032606030343,0.010102556268200058
4615,Fitjar,2017,0,0.0020032606030343,-0.0467741830875153
4615,Fitjar,2018,0,0.0020032606030343,-0.039073443278569375
4615,Fitjar,2019,75,0.0020032606030343,0.4032430035002567
4615,Fitjar,2020,75,0.0020032606030343,0.264415694424187
4615,Fitjar,2021,125,0.0020032606030343,0.3235680432508615
4615,Fitjar,2022,125,0.0020032606030343,0.21517779611621807
4615,Fitjar,2023,125,0.0020032606030343,0.06684441985151457
4646,Fjaler,2016,0,0.00493784374848732,-0.23498694740599882
4646,Fjaler,2017,0,0.00493784374848732,-0.29186368676171415
4646,Fjaler,2018,0,0.00493784374848732,-0.2841629469527682
4646,Fjaler,2019,0,0.00493784374848732,-0.30800446155064976
4646,Fjaler,2020,62.5,0.00493784374848732,-0.04123182677732207
4646,Fjaler,2021,62.5,0.00493784374848732,-0.1744255267767639
4646,Fjaler,2022,84.5,0.00493784374848732,-0.17613413245933732
4646,Fjaler,2023,84.5,0.00493784374848732,-0.2974623482890433
1578,Fjord,2016,62.5,0.00262057910216326,0.9852663403296691
1578,Fjord,2017,62.5,0.00262057910216326,0.7177027589778168
1578,Fjord,2018,62.5,0.00262057910216326,0.49896846879811707
1578,Fjord,2019,62.5,0.00262057910216326,0.273993016299433
1578,Fjord,2020,62.5,0.00262057910216326,0.1523006832588377
1578,Fjord,2021,62.5,0.00262057910216326,0.01910698325939586
1578,Fjord,2022,84.5,0.00262057910216326,0.017398377576822444
1578,Fjord,2023,84.5,0.00262057910216326,-0.10392983825288349
1859,Flakstad,2016,0,0.00293716052701596,-0.06789457569403057
1859,Flakstad,2017,0,0.00293716052701596,-0.12477131504974592
1859,Flakstad,2018,0,0.00293716052701596,-0.1170705752408
1859,Flakstad,2019,0,0.00293716052701596,-0.14091208983868148
1859,Flakstad,2020,0,0.00293716052701596,-0.1769295427019048
1859,Flakstad,2021,0,0.00293716052701596,-0.26023722141822214
1859,Flakstad,2022,0,0.00293716052701596,-0.31412311640575485
1859,Flakstad,2023,0,0.00293716052701596,-0.3791072320686141
5049,Flatanger,2016,0,0.00245572265865652,-0.027686013742392934
5049,Flatanger,2017,0,0.00245572265865652,-0.08456275309810829
5049,Flatanger,2018,0,0.00245572265865652,-0.07686201328916237
5049,Flatanger,2019,0,0.00245572265865652,-0.10070352788704384
5049,Flatanger,2020,0,0.00245572265865652,-0.13672098075026717
5049,Flatanger,2021,0,0.00245572265865652,-0.2200286594665845
5049,Flatanger,2022,138,0.00245572265865652,0.2243248192838383
5049,Flatanger,2023,138,0.00245572265865652,0.067323119916543
4207,Flekkefjord,2016,0,0.00482767200193042,-0.22578566145014228
4207,Flekkefjord,2017,0,0.00482767200193042,-0.28266240080585764
4207,Flekkefjord,2018,0,0.00482767200193042,-0.2749616609969117
4207,Flekkefjord,2019,0,0.00482767200193042,-0.2988031755947932
4207,Flekkefjord,2020,0,0.00482767200193042,-0.3348206284580165
4207,Flekkefjord,2021,0,0.00482767200193042,-0.41812830717433386
4207,Flekkefjord,2022,0,0.00482767200193042,-0.47201420216186657
4207,Flekkefjord,2023,7.4,0.00482767200193042,-0.5152154102432183
3334,Flesberg,2016,0,0.00251180824688618,-0.03237015056904291
3334,Flesberg,2017,0,0.00251180824688618,-0.08924688992475827
3334,Flesberg,2018,0,0.00251180824688618,-0.08154615011581234
3334,Flesberg,2019,0,0.00251180824688618,-0.10538766471369382
3334,Flesberg,2020,0,0.00251180824688618,-0.14140511757691715
3334,Flesberg,2021,62.5,0.00251180824688618,0.02819127006019201
3334,Flesberg,2022,62.5,0.00251180824688618,-0.05294680100089605
3334,Flesberg,2023,62.5,0.00251180824688618,-0.15960554696467744
3320,Flå,2016,0,0.00217766098443417,-0.00446295467467922
3320,Flå,2017,0,0.00217766098443417,-0.061339694030394576
3320,Flå,2018,0,0.00217766098443417,-0.053638954221448654
3320,Flå,2019,0,0.00217766098443417,-0.07748046881933013
3320,Flå,2020,0,0.00217766098443417,-0.11349792168255346
3320,Flå,2021,22,0.00217766098443417,-0.10778336904246472
3320,Flå,2022,172,0.00217766098443417,0.37030250666380193
3320,Flå,2023,172,0.00217766098443417,0.190629808412805
3429,Folldal,2016,7.4,0.00157981346626779,0.1670316083660449
3429,Folldal,2017,7.4,0.00157981346626779,0.08520954691798688
3429,Folldal,2018,7.4,0.00157981346626779,0.0661003791762772
3429,Folldal,2019,7.4,0.00157981346626779,0.018444606330940694
3429,Folldal,2020,7.4,0.00157981346626779,-0.02771675234528348
3429,Folldal,2021,7.4,0.00157981346626779,-0.11693093598152277
3429,Folldal,2022,7.4,0.00157981346626779,-0.17404348861616437
3429,Folldal,2023,7.4,0.00157981346626779,-0.2439618805066528
3107,Fredrikstad,2016,44,0.01098349864644544,-0.01709444190709125
3107,Fredrikstad,2017,55,0.01098349864644544,-0.07867274534429375
3107,Fredrikstad,2018,119.8,0.01098349864644544,0.3410613135196714
3107,Fredrikstad,2019,149.2,0.01098349864644544,0.11442018761320094
3107,Fredrikstad,2020,461.7,0.01098349864644544,1.3878300989733106
3107,Fredrikstad,2021,461.7,0.01098349864644544,0.936004403834296
3107,Fredrikstad,2022,461.7,0.01098349864644544,0.680801233756195
3107,Fredrikstad,2023,661.7,0.01098349864644544,0.896685521067001
3214,Frogn,2016,0,0.00246118483548172,-0.028142201943822276
3214,Frogn,2017,0,0.00246118483548172,-0.08501894129953763
3214,Frogn,2018,22,0.00246118483548172,0.1302206133209917
3214,Frogn,2019,22,0.00246118483548172,0.03557995258202773
3214,Frogn,2020,22,0.00246118483548172,-0.030595058103630557
3214,Frogn,2021,22,0.00246118483548172,-0.13146261631160777
3214,Frogn,2022,22,0.00246118483548172,-0.19494127727703192
3214,Frogn,2023,22,0.00246118483548172,-0.27459486280581574
4214,Froland,2016,0,0.00263420506787362,-0.04259244607755219
4214,Froland,2017,0,0.00263420506787362,-0.09946918543326755
4214,Froland,2018,22,0.00263420506787362,0.11577036918726177
4214,Froland,2019,44,0.00263420506787362,0.15786937711879867
4214,Froland,2020,44,0.00263420506787362,0.06153680861070546
4214,Froland,2021,44,0.00263420506787362,-0.0568906290889315
4214,Froland,2022,44,0.00263420506787362,-0.1299620560322472
4214,Froland,2023,44,0.00263420506787362,-0.22428511142695562
5036,Frosta,2016,0,0.00152737466859884,0.049847433715969225
5036,Frosta,2017,0,0.00152737466859884,-0.007029305639746131
5036,Frosta,2018,0,0.00152737466859884,6.714341691997916e-4
5036,Frosta,2019,0,0.00152737466859884,-0.023170080428681683
5036,Frosta,2020,0,0.00152737466859884,-0.059187533291905015
5036,Frosta,2021,0,0.00152737466859884,-0.14249521200822235
5036,Frosta,2022,0,0.00152737466859884,-0.19638110699575506
5036,Frosta,2023,62.5,0.00152737466859884,-0.0773879626796653
5014,Frøya,2016,7.4,0.00268586977993204,0.07465637838773834
5014,Frøya,2017,7.4,0.00268586977993204,-0.007165683060319672
5014,Frøya,2018,14.8,0.00268586977993204,0.043533659634594185
5014,Frøya,2019,14.8,0.00268586977993204,-0.027936371458197384
5014,Frøya,2020,14.8,0.00268586977993204,-0.0842416359474224
5014,Frøya,2021,214.8,0.00268586977993204,0.6299306878273814
5014,Frøya,2022,214.8,0.00268586977993204,0.4823845141102535
5014,Frøya,2023,214.8,0.00268586977993204,0.2741730290291851
4032,Fyresdal,2016,0,0.00162948275692751,0.041319605588703234
4032,Fyresdal,2017,7.4,0.00162948275692751,0.08106128422026698
4032,Fyresdal,2018,7.4,0.00162948275692751,0.061952116478557306
4032,Fyresdal,2019,7.4,0.00162948275692751,0.014296343633220798
4032,Fyresdal,2020,7.4,0.00162948275692751,-0.031865015043003375
4032,Fyresdal,2021,57.4,0.00162948275692751,0.08124405440349858
4032,Fyresdal,2022,57.4,0.00162948275692751,0.002329760910012635
4032,Fyresdal,2023,107.4,0.00162948275692751,0.046253472761945746
3911,Færder,2016,11,0.0122140071919994,-0.6619722011185413
3911,Færder,2017,22,0.0122140071919994,-0.6123078519817834
3911,Færder,2018,22,0.0122140071919994,-0.6843122427288407
3911,Færder,2019,29.4,0.0122140071919994,-0.7329586512786362
3911,Færder,2020,29.4,0.0122140071919994,-0.8092775677772954
3911,Færder,2021,429.4,0.0122140071919994,0.7025343937567353
3911,Færder,2022,429.4,0.0122140071919994,0.46141514827344754
3911,Færder,2023,429.4,0.0122140071919994,0.11010965259113314
5439,Gamvik,2016,0,0.00188148375708902,0.020273072914826107
5439,Gamvik,2017,0,0.00188148375708902,-0.03660366644088925
5439,Gamvik,2018,0,0.00188148375708902,-0.028902926631943326
5439,Gamvik,2019,0,0.00188148375708902,-0.0527444412298248
5439,Gamvik,2020,0,0.00188148375708902,-0.08876189409304813
5439,Gamvik,2021,0,0.00188148375708902,-0.17206957280936547
5439,Gamvik,2022,0,0.00188148375708902,-0.22595546779689818
5439,Gamvik,2023,0,0.00188148375708902,-0.2909395834597574
3441,Gausdal,2016,0,0.00282771150766074,-0.0587536502195003
3441,Gausdal,2017,0,0.00282771150766074,-0.11563038957521565
3441,Gausdal,2018,0,0.00282771150766074,-0.10792964976626973
3441,Gausdal,2019,0,0.00282771150766074,-0.1317711643641512
3441,Gausdal,2020,0,0.00282771150766074,-0.16778861722737454
3441,Gausdal,2021,0,0.00282771150766074,-0.25109629594369187
3441,Gausdal,2022,0,0.00282771150766074,-0.3049821909312246
3441,Gausdal,2023,200,0.00282771150766074,0.21876092533855307
1838,Gildeskål,2016,0,0.00287373152870713,-0.06259713447545406
1838,Gildeskål,2017,0,0.00287373152870713,-0.11947387383116942
1838,Gildeskål,2018,7.4,0.00287373152870713,-0.04196462358559999
1838,Gildeskål,2019,7.4,0.00287373152870713,-0.0896203964309365
1838,Gildeskål,2020,22,0.00287373152870713,-0.06504999063526234
1838,Gildeskål,2021,29.4,0.00287373152870713,-0.13597370738699383
1838,Gildeskål,2022,36.8,0.00287373152870713,-0.17596184219039024
1838,Gildeskål,2023,36.8,0.00287373152870713,-0.2654839801744325
1532,Giske,2016,0,0.00263792310694756,-0.04290296798342669
1532,Giske,2017,0,0.00263792310694756,-0.09977970733914204
1532,Giske,2018,0,0.00263792310694756,-0.09207896753019612
1532,Giske,2019,50,0.00263792310694756,0.1948514921230608
1532,Giske,2020,72,0.00263792310694756,0.19687624596600584
1532,Giske,2021,72,0.00263792310694756,0.056099870731529056
1532,Giske,2022,72,0.00263792310694756,-0.02918053109273938
1532,Giske,2023,94,0.00263792310694756,-0.0774138253496709
1557,Gjemnes,2016,0,0.00193731387177513,0.015610272639531797
1557,Gjemnes,2017,0,0.00193731387177513,-0.04126646671618356
1557,Gjemnes,2018,0,0.00193731387177513,-0.033565726907237636
1557,Gjemnes,2019,0,0.00193731387177513,-0.05740724150511911
1557,Gjemnes,2020,0,0.00193731387177513,-0.09342469436834244
1557,Gjemnes,2021,0,0.00193731387177513,-0.17673237308465978
1557,Gjemnes,2022,0,0.00193731387177513,-0.2306182680721925
1557,Gjemnes,2023,0,0.00193731387177513,-0.2956023837350517
3230,Gjerdrum,2016,0,0.02206941273090175,-1.6657754209123705
3230,Gjerdrum,2017,0,0.02206941273090175,-1.722652160268086
3230,Gjerdrum,2018,0,0.02206941273090175,-1.71495142045914
3230,Gjerdrum,2019,0,0.02206941273090175,-1.7387929350570215
3230,Gjerdrum,2020,0,0.02206941273090175,-1.7748103879202448
3230,Gjerdrum,2021,0,0.02206941273090175,-1.8581180666365622
3230,Gjerdrum,2022,0,0.02206941273090175,-1.912003961624095
3230,Gjerdrum,2023,0,0.02206941273090175,-1.9769880772869541
4211,Gjerstad,2016,150,0.0025770852253774,2.4263079357192736
4211,Gjerstad,2017,150,0.0025770852253774,1.8637827755728296
4211,Gjerstad,2018,150,0.0025770852253774,1.3280394434090261
4211,Gjerstad,2019,150,0.0025770852253774,0.8214764778492185
4211,Gjerstad,2020,150,0.0025770852253774,0.5798393125603023
4211,Gjerstad,2021,150,0.0025770852253774,0.37680518276448627
4211,Gjerstad,2022,150,0.0025770852253774,0.25751406520042064
4211,Gjerstad,2023,150,0.0025770852253774,0.09251083681534833
1122,Gjesdal,2016,36.6,0.00302858924165586,0.5257171998503962
1122,Gjesdal,2017,55,0.00302858924165586,0.5857026364928155
1122,Gjesdal,2018,55,0.00302858924165586,0.3941405499117533
1122,Gjesdal,2019,55,0.00302858924165586,0.1933011699611656
1122,Gjesdal,2020,55,0.00302858924165586,0.0818898225418549
1122,Gjesdal,2021,105,0.00302858924165586,0.15700569817912924
1122,Gjesdal,2022,105,0.00302858924165586,0.057336147388023534
1122,Gjesdal,2023,105,0.00302858924165586,-0.07766134718038492
3407,Gjøvik,2016,11,0.01357058546973345,-0.7752704381441995
3407,Gjøvik,2017,11,0.01357058546973345,-0.869228061691235
3407,Gjøvik,2018,11,0.01357058546973345,-0.9013798871602907
3407,Gjøvik,2019,18.4,0.01357058546973345,-0.9146267226395449
3407,Gjøvik,2020,18.4,0.01357058546973345,-0.9758668602269865
3407,Gjøvik,2021,175.8,0.01357058546973345,-0.43694738290458635
3407,Gjøvik,2022,175.8,0.01357058546973345,-0.5674881987518157
3407,Gjøvik,2023,620,0.01357058546973345,0.557868467597278
4650,Gloppen,2016,0,0.002976622819629,-0.0711903738469512
4650,Gloppen,2017,50,0.002976622819629,0.5247600353600304
4650,Gloppen,2018,50,0.002976622819629,0.3513127511780598
4650,Gloppen,2019,50,0.002976622819629,0.16656408625953628
4650,Gloppen,2020,57.4,0.002976622819629,0.09785707563058299
4650,Gloppen,2021,57.4,0.002976622819629,-0.03126592503215586
4650,Gloppen,2022,214.8,0.002976622819629,0.45810150195518573
4650,Gloppen,2023,214.8,0.002976622819629,0.24989001687411735
3324,Gol,2016,50,0.00790826676921654,0.33830690872908165
3324,Gol,2017,50,0.00790826676921654,0.11288069577645668
3324,Gol,2018,50,0.00790826676921654,-0.06056658840551386
3324,Gol,2019,50,0.00790826676921654,-0.24531525332403742
3324,Gol,2020,550,0.00790826676921654,2.0724480907632494
3324,Gol,2021,550,0.00790826676921654,1.550143424755437
3324,Gol,2022,550,0.00790826676921654,1.256438380320617
3324,Gol,2023,561,0.00790826676921654,0.8570975157659382
3446,Gran,2016,0,0.00369104042003365,-0.13085685675802156
3446,Gran,2017,0,0.00369104042003365,-0.1877335961137369
3446,Gran,2018,0,0.00369104042003365,-0.180032856304791
3446,Gran,2019,0,0.00369104042003365,-0.20387437090267246
3446,Gran,2020,22,0.00369104042003365,-0.13330971291782984
3446,Gran,2021,172,0.00369104042003365,0.37279248812241667
3446,Gran,2022,172,0.00369104042003365,0.24390860458045957
3446,Gran,2023,247,0.00369104042003365,0.2850086183042015
1825,Grane,2016,0,0.00252006866119701,-0.033060041004323804
1825,Grane,2017,72,0.00252006866119701,0.8501343135702444
1825,Grane,2018,72,0.00252006866119701,0.5969818988322706
1825,Grane,2019,72,0.00252006866119701,0.34143408777266454
1825,Grane,2020,72,0.00252006866119701,0.20671917294510872
1825,Grane,2021,72,0.00252006866119701,0.06594279771063194
1825,Grane,2022,72,0.00252006866119701,-0.019337604113636497
1825,Grane,2023,72,0.00252006866119701,-0.13233089388315805
5414,Gratangen,2016,0,0.0018770783586961,0.020641001459389796
5414,Gratangen,2017,0,0.0018770783586961,-0.03623573789632556
5414,Gratangen,2018,0,0.0018770783586961,-0.028534998087379637
5414,Gratangen,2019,0,0.0018770783586961,-0.05237651268526111
5414,Gratangen,2020,0,0.0018770783586961,-0.08839396554848444
5414,Gratangen,2021,0,0.0018770783586961,-0.17170164426480178
5414,Gratangen,2022,0,0.0018770783586961,-0.2255875392523345
5414,Gratangen,2023,0,0.0018770783586961,-0.2905716549151937
4202,Grimstad,2016,66,0.00694104004737088,0.6819279357995882
4202,Grimstad,2017,77,0.00694104004737088,0.5461878639797453
4202,Grimstad,2018,77,0.00694104004737088,0.2749206468426799
4202,Grimstad,2019,77,0.00694104004737088,0.0032821207510096567
4202,Grimstad,2020,80.6,0.00694104004737088,-0.12084607544287064
4202,Grimstad,2021,180.6,0.00694104004737088,0.13615973895957714
4202,Grimstad,2022,180.6,0.00694104004737088,0.0035259559898988407
4202,Grimstad,2023,191.6,0.00694104004737088,-0.14950117363420992
5045,Grong,2016,0,0.00520845102338266,-0.25758743252003974
5045,Grong,2017,0,0.00520845102338266,-0.3144641718757551
5045,Grong,2018,0,0.00520845102338266,-0.30676343206680917
5045,Grong,2019,0,0.00520845102338266,-0.33060494666469065
5045,Grong,2020,0,0.00520845102338266,-0.366622399527914
5045,Grong,2021,7.4,0.00520845102338266,-0.41998623678798563
5045,Grong,2022,7.4,0.00520845102338266,-0.47709878942262723
5045,Grong,2023,57.4,0.00520845102338266,-0.39983537332995644
3417,Grue,2016,3.6,0.00280479789053873,0.0022991581531121574
3417,Grue,2017,3.6,0.00280479789053873,-0.06671314330158068
3417,Grue,2018,3.6,0.00280479789053873,-0.07205506121998073
3417,Grue,2019,3.6,0.00280479789053873,-0.10748189064094843
3417,Grue,2020,11,0.00280479789053873,-0.1125838702262208
3417,Grue,2021,33,0.00280479789053873,-0.11564925733196191
3417,Grue,2022,33,0.00280479789053873,-0.1839243012863318
3417,Grue,2023,95.5,0.00280479789053873,-0.08693536176912892
4635,Gulen,2016,46.6,0.00334583836319559,0.6634966214963549
4635,Gulen,2017,46.6,0.00334583836319559,0.4495317727483197
4635,Gulen,2018,46.6,0.00334583836319559,0.2884025541977315
4635,Gulen,2019,46.6,0.00334583836319559,0.11459557550101158
4635,Gulen,2020,46.6,0.00334583836319559,0.014698931977539686
4635,Gulen,2021,46.6,0.00334583836319559,-0.10580376420747528
4635,Gulen,2022,46.6,0.00334583836319559,-0.18000888167545087
4635,Gulen,2023,46.6,0.00334583836319559,-0.2760656016906777
5430,Guovdageaidnu-Kautokeino,2016,0,0.00226623970485798,-0.011860841716457293
5430,Guovdageaidnu-Kautokeino,2017,0,0.00226623970485798,-0.06873758107217265
5430,Guovdageaidnu-Kautokeino,2018,0,0.00226623970485798,-0.06103684126322673
5430,Guovdageaidnu-Kautokeino,2019,0,0.00226623970485798,-0.0848783558611082
5430,Guovdageaidnu-Kautokeino,2020,0,0.00226623970485798,-0.12089580872433153
5430,Guovdageaidnu-Kautokeino,2021,0,0.00226623970485798,-0.20420348744064887
5430,Guovdageaidnu-Kautokeino,2022,0,0.00226623970485798,-0.2580893824281816
5430,Guovdageaidnu-Kautokeino,2023,0,0.00226623970485798,-0.3230734980910408
5426,Gáivuotna - Kåfjord - Kaivuono,2016,0,0.00203377333799413,0.007554204186701052
5426,Gáivuotna - Kåfjord - Kaivuono,2017,0,0.00203377333799413,-0.0493225351690143
5426,Gáivuotna - Kåfjord - Kaivuono,2018,0,0.00203377333799413,-0.04162179536006838
5426,Gáivuotna - Kåfjord - Kaivuono,2019,0,0.00203377333799413,-0.06546330995794986
5426,Gáivuotna - Kåfjord - Kaivuono,2020,0,0.00203377333799413,-0.10148076282117319
5426,Gáivuotna - Kåfjord - Kaivuono,2021,0,0.00203377333799413,-0.18478844153749052
5426,Gáivuotna - Kåfjord - Kaivuono,2022,0,0.00203377333799413,-0.23867433652502323
5426,Gáivuotna - Kåfjord - Kaivuono,2023,0,0.00203377333799413,-0.30365845218788245
1866,Hadsel,2016,0,0.00542967993351261,-0.27606395238492953
1866,Hadsel,2017,0,0.00542967993351261,-0.3329406917406449
1866,Hadsel,2018,0,0.00542967993351261,-0.32523995193169897
1866,Hadsel,2019,0,0.00542967993351261,-0.34908146652958044
1866,Hadsel,2020,0,0.00542967993351261,-0.3850989193928038
1866,Hadsel,2021,0,0.00542967993351261,-0.4684065981091211
1866,Hadsel,2022,200,0.00542967993351261,0.19979355579893388
1866,Hadsel,2023,251.4,0.00542967993351261,0.15275352177981155
3101,Halden,2016,82.8,0.00566826299843174,1.0642098357282923
3101,Halden,2017,82.8,0.00566826299843174,0.7282151680960947
3101,Halden,2018,82.8,0.00566826299843174,0.4359347801760828
3101,Halden,2019,112.2,0.00566826299843174,0.3283649455068875
3101,Halden,2020,342.2,0.00566826299843174,1.2528114702517537
3101,Halden,2021,342.2,0.00566826299843174,0.8963678478060733
3101,Halden,2022,342.2,0.00566826299843174,0.6932708383806101
3101,Halden,2023,342.2,0.00566826299843174,0.40010978689414206
3403,Hamar,2016,29.2,0.01588595958012574,-0.6696639645859271
3403,Hamar,2017,29.2,0.01588595958012574,-0.8249735965222377
3403,Hamar,2018,329.2,0.01588595958012574,1.9070114447066953
3403,Hamar,2019,329.2,0.01588595958012574,0.8237572523977067
3403,Hamar,2020,336.6,0.01588595958012574,0.3723234170403976
3403,Hamar,2021,344,0.01588595958012574,0.05029342355793065
3403,Hamar,2022,494,0.01588595958012574,0.3879760881332398
3403,Hamar,2023,494,0.01588595958012574,-0.0064043054281076595
5406,Hammerfest,2016,22,0.00713873560663079,-0.057394561279071395
5406,Hammerfest,2017,22,0.00713873560663079,-0.18843306901742696
5406,Hammerfest,2018,22,0.00713873560663079,-0.2604374597644843
5406,Hammerfest,2019,22,0.00713873560663079,-0.3550781205034482
5406,Hammerfest,2020,22,0.00713873560663079,-0.42125313118910657
5406,Hammerfest,2021,22,0.00713873560663079,-0.5221206893970838
5406,Hammerfest,2022,22,0.00713873560663079,-0.5855993503625079
5406,Hammerfest,2023,44,0.00713873560663079,-0.6004929403787017
1517,Hareid,2016,0,0.00372076283827232,-0.13333920344000255
1517,Hareid,2017,7.4,0.00372076283827232,-0.0935975248084388
1517,Hareid,2018,14.8,0.00372076283827232,-0.042898182113524946
1517,Hareid,2019,14.8,0.00372076283827232,-0.11436821320631652
1517,Hareid,2020,14.8,0.00372076283827232,-0.17067347769554153
1517,Hareid,2021,36.8,0.00372076283827232,-0.17677193489529663
1517,Hareid,2022,102.8,0.00372076283827232,-0.008415515019394776
1517,Hareid,2023,102.8,0.00372076283827232,-0.14194606260121073
5402,Harstad,2016,0,0.01368883588610084,-0.9658492925359132
5402,Harstad,2017,0,0.01368883588610084,-1.0227260318916285
5402,Harstad,2018,0,0.01368883588610084,-1.0150252920826826
5402,Harstad,2019,0,0.01368883588610084,-1.0388668066805642
5402,Harstad,2020,7.4,0.01368883588610084,-1.0390339131676198
5402,Harstad,2021,7.4,0.01368883588610084,-1.128248096803859
5402,Harstad,2022,200.4,0.01368883588610084,-0.48854761225425863
5402,Harstad,2023,400.4,0.01368883588610084,-0.09843003058135769
5433,Hasvik,2016,0,0.00150764151774463,0.051495500207552614
5433,Hasvik,2017,0,0.00150764151774463,-0.005381239148162742
5433,Hasvik,2018,0,0.00150764151774463,0.0023195006607831803
5433,Hasvik,2019,0,0.00150764151774463,-0.021522013937098294
5433,Hasvik,2020,0,0.00150764151774463,-0.057539466800321626
5433,Hasvik,2021,0,0.00150764151774463,-0.14084714551663896
5433,Hasvik,2022,0,0.00150764151774463,-0.19473304050417167
5433,Hasvik,2023,0,0.00150764151774463,-0.2597171561670309
1826,Hattfjelldal,2016,0,0.00192088889291343,0.016982048362877977
1826,Hattfjelldal,2017,11,0.00192088889291343,0.10372728169095594
1826,Hattfjelldal,2018,11,0.00192088889291343,0.07157545622190026
1826,Hattfjelldal,2019,11,0.00192088889291343,0.012334368553477526
1826,Hattfjelldal,2020,11,0.00192088889291343,-0.03876186322096331
1826,Hattfjelldal,2021,11,0.00192088889291343,-0.13084948168311056
1826,Hattfjelldal,2022,11,0.00192088889291343,-0.18953175965958902
1826,Hattfjelldal,2023,11,0.00192088889291343,-0.26185061025541057
1106,Haugesund,2016,7.2,0.01579039689393994,-1.0230885068490414
1106,Haugesund,2017,7.2,0.01579039689393994,-1.1042363704027118
1106,Haugesund,2018,57.2,0.01579039689393994,-0.6509418214766773
1106,Haugesund,2019,57.2,0.01579039689393994,-0.8588611160413733
1106,Haugesund,2020,79.2,0.01579039689393994,-0.8667061083948615
1106,Haugesund,2021,101.2,0.01579039689393994,-0.9242071219247481
1106,Haugesund,2022,101.2,0.01579039689393994,-1.0222197404105817
1106,Haugesund,2023,301.2,0.01579039689393994,-0.5659561855240571
1832,Hemnes,2016,0,0.00319719019596799,-0.08961164396069951
1832,Hemnes,2017,11,0.00319719019596799,-0.002866410632621552
1832,Hemnes,2018,11,0.00319719019596799,-0.03501823610167723
1832,Hemnes,2019,11,0.00319719019596799,-0.09425932377009996
1832,Hemnes,2020,11,0.00319719019596799,-0.1453555555445408
1832,Hemnes,2021,11,0.00319719019596799,-0.23744317400668805
1832,Hemnes,2022,11,0.00319719019596799,-0.29612545198316653
1832,Hemnes,2023,11,0.00319719019596799,-0.3684443025789881
3326,Hemsedal,2016,33,0.00463332416375465,0.33255438493776324
3326,Hemsedal,2017,33,0.00463332416375465,0.16443499300808753
3326,Hemsedal,2018,33,0.00463332416375465,0.052578036983028584
3326,Hemsedal,2019,33,0.00463332416375465,-0.07746219682647665
3326,Hemsedal,2020,33,0.00463332416375465,-0.1587159864233524
3326,Hemsedal,2021,33,0.00463332416375465,-0.2683634843771595
3326,Hemsedal,2022,333,0.00463332416375465,0.7464905450118521
3326,Hemsedal,2023,333,0.00463332416375465,0.4594639991056798
1515,Herøy (Møre og Romsdal),2016,22,0.00504492329754276,0.11747573347350543
1515,Herøy (Møre og Romsdal),2017,72,0.00504492329754276,0.6392643742978468
1515,Herøy (Møre og Romsdal),2018,79.4,0.00504492329754276,0.4559204699964965
1515,Herøy (Møre og Romsdal),2019,79.4,0.00504492329754276,0.17655840068943543
1515,Herøy (Møre og Romsdal),2020,79.4,0.00504492329754276,0.03169958004887873
1515,Herøy (Møre og Romsdal),2021,79.4,0.00504492329754276,-0.11498330010551996
1515,Herøy (Møre og Romsdal),2022,79.4,0.00504492329754276,-0.2034903595768974
1515,Herøy (Møre og Romsdal),2023,101.4,0.00504492329754276,-0.2566579300614581
1818,Herøy (Nordland),2016,0,0.00325344491408352,-0.09430990611886333
1818,Herøy (Nordland),2017,0,0.00325344491408352,-0.1511866454745787
1818,Herøy (Nordland),2018,0,0.00325344491408352,-0.14348590566563277
1818,Herøy (Nordland),2019,0,0.00325344491408352,-0.16732742026351424
1818,Herøy (Nordland),2020,0,0.00325344491408352,-0.20334487312673757
1818,Herøy (Nordland),2021,0,0.00325344491408352,-0.28665255184305494
1818,Herøy (Nordland),2022,0,0.00325344491408352,-0.34053844683058765
1818,Herøy (Nordland),2023,0,0.00325344491408352,-0.40552256249344687
4024,Hjartdal,2016,0,0.00233788235704914,-0.017844268048964274
4024,Hjartdal,2017,0,0.00233788235704914,-0.07472100740467963
4024,Hjartdal,2018,11,0.00233788235704914,0.03674913981005801
4024,Hjartdal,2019,11,0.00233788235704914,-0.022491947858364725
4024,Hjartdal,2020,11,0.00233788235704914,-0.07358817963280556
4024,Hjartdal,2021,11,0.00233788235704914,-0.1656757980949528
4024,Hjartdal,2022,33,0.00233788235704914,-0.14492861069291657
4024,Hjartdal,2023,33,0.00233788235704914,-0.23191693115466278
1133,Hjelmeland,2016,0,0.00194585854855143,0.014896641269637023
1133,Hjelmeland,2017,0,0.00194585854855143,-0.04198009808607833
1133,Hjelmeland,2018,0,0.00194585854855143,-0.03427935827713241
1133,Hjelmeland,2019,0,0.00194585854855143,-0.058120872875013885
1133,Hjelmeland,2020,0,0.00194585854855143,-0.09413832573823722
1133,Hjelmeland,2021,0,0.00194585854855143,-0.17744600445455455
1133,Hjelmeland,2022,0,0.00194585854855143,-0.23133189944208726
1133,Hjelmeland,2023,0,0.00194585854855143,-0.2963160151049465
3330,Hol,2016,50,0.0022478298813417,0.8110533257382369
3330,Hol,2017,57.4,0.0022478298813417,0.682245530772891
3330,Hol,2018,57.4,0.0022478298813417,0.48198833904026483
3330,Hol,2019,64.8,0.0022478298813417,0.31941966806345473
3330,Hol,2020,68.4,0.0022478298813417,0.2120152084801975
3330,Hol,2021,425.8,0.0022478298813417,1.520318881107063
3330,Hol,2022,425.8,0.0022478298813417,1.2807693609656123
3330,Hol,2023,675.8,0.0022478298813417,1.6677733639044268
3310,Hole,2016,11,0.00837926462065757,-0.3417034927724356
3310,Hole,2017,33,0.00837926462065757,-0.14841717095188445
3310,Hole,2018,33,0.00837926462065757,-0.2602741269769434
3310,Hole,2019,33,0.00837926462065757,-0.39031436078644866
3310,Hole,2020,33,0.00837926462065757,-0.4715681503833244
3310,Hole,2021,33,0.00837926462065757,-0.5812156483371315
3310,Hole,2022,33,0.00837926462065757,-0.6494906922915014
3310,Hole,2023,33,0.00837926462065757,-0.7364790127532476
3903,Holmestrand,2016,22,0.00313623729071024,0.276884713522103
3903,Holmestrand,2017,22,0.00313623729071024,0.1458462057837474
3903,Holmestrand,2018,22,0.00313623729071024,0.07384181503669007
3903,Holmestrand,2019,106.5,0.00313623729071024,0.50440579078215
3903,Holmestrand,2020,306.5,0.00313623729071024,1.2913266225336482
3903,Holmestrand,2021,317.5,0.00313623729071024,1.0078890111230914
3903,Holmestrand,2022,317.5,0.00313623729071024,0.8155620616818973
3903,Holmestrand,2023,317.5,0.00313623729071024,0.5388708240903537
5026,Holtålen,2016,0,0.00200459303121346,0.009991274990783228
5026,Holtålen,2017,0,0.00200459303121346,-0.04688546436493213
5026,Holtålen,2018,0,0.00200459303121346,-0.039184724555986206
5026,Holtålen,2019,22,0.00200459303121346,0.07371342951663323
5026,Holtålen,2020,22,0.00200459303121346,0.007538418830974947
5026,Holtålen,2021,22,0.00200459303121346,-0.09332913937700227
5026,Holtålen,2022,22,0.00200459303121346,-0.15680780034242642
5026,Holtålen,2023,22,0.00200459303121346,-0.23646138587121024
3901,Horten,2016,14.6,0.00423853512896817,0.06325964251771948
3901,Horten,2017,33,0.00423853512896817,0.197406847542779
3901,Horten,2018,33,0.00423853512896817,0.08554989151772006
3901,Horten,2019,33,0.00423853512896817,-0.04449034229178517
3901,Horten,2020,40.4,0.00423853512896817,-0.0898937855124933
3901,Horten,2021,40.4,0.00423853512896817,-0.20544778838622227
3901,Horten,2022,40.4,0.00423853512896817,-0.2769494899877012
3901,Horten,2023,40.4,0.00423853512896817,-0.3688720866770765
3242,Hurdal,2016,0,0.00284811569351386,-0.06045775998083586
3242,Hurdal,2017,0,0.00284811569351386,-0.11733449933655121
3242,Hurdal,2018,0,0.00284811569351386,-0.10963375952760529
3242,Hurdal,2019,0,0.00284811569351386,-0.13347527412548676
3242,Hurdal,2020,0,0.00284811569351386,-0.1694927269887101
3242,Hurdal,2021,0,0.00284811569351386,-0.25280040570502743
3242,Hurdal,2022,0,0.00284811569351386,-0.30668630069256014
3242,Hurdal,2023,0,0.00284811569351386,-0.37167041635541936
1579,Hustadvika,2016,0,0.00435104346307504,-0.18597876342238492
1579,Hustadvika,2017,0,0.00435104346307504,-0.24285550277810028
1579,Hustadvika,2018,0,0.00435104346307504,-0.23515476296915436
1579,Hustadvika,2019,0,0.00435104346307504,-0.2589962775670358
1579,Hustadvika,2020,72,0.00435104346307504,0.053800450527047586
1579,Hustadvika,2021,72,0.00435104346307504,-0.08697592470742918
1579,Hustadvika,2022,83,0.00435104346307504,-0.13254159384244033
1579,Hustadvika,2023,83,0.00435104346307504,-0.2528696185449242
3110,Hvaler,2016,0,0.00146130026126912,0.055365813293354826
3110,Hvaler,2017,0,0.00146130026126912,-0.0015109260623605292
3110,Hvaler,2018,0,0.00146130026126912,0.006189813746585393
3110,Hvaler,2019,0,0.00146130026126912,-0.01765170085129608
3110,Hvaler,2020,0,0.00146130026126912,-0.05366915371451941
3110,Hvaler,2021,0,0.00146130026126912,-0.13697683243083675
3110,Hvaler,2022,0,0.00146130026126912,-0.19086272741836946
3110,Hvaler,2023,0,0.00146130026126912,-0.2558468430812287
4637,Hyllestad,2016,0,0.00289365166355168,-0.06426081743149453
4637,Hyllestad,2017,0,0.00289365166355168,-0.12113755678720989
4637,Hyllestad,2018,0,0.00289365166355168,-0.11343681697826397
4637,Hyllestad,2019,0,0.00289365166355168,-0.13727833157614544
4637,Hyllestad,2020,0,0.00289365166355168,-0.17329578443936877
4637,Hyllestad,2021,200,0.00289365166355168,0.5526895491752788
4637,Hyllestad,2022,200,0.00289365166355168,0.4115966907523689
4637,Hyllestad,2023,207.4,0.00289365166355168,0.23503666570806644
1119,Hå,2016,0,0.00453803455658761,-0.20159582111983065
1119,Hå,2017,0,0.00453803455658761,-0.258472560475546
1119,Hå,2018,0,0.00453803455658761,-0.2507718206666001
1119,Hå,2019,0,0.00453803455658761,-0.27461333526448156
1119,Hå,2020,0,0.00453803455658761,-0.3106307881277049
1119,Hå,2021,376,0.00453803455658761,1.1275323963381916
1119,Hå,2022,398,0.00453803455658761,0.9891268754706646
1119,Hå,2023,473,0.00453803455658761,0.8795314260262722
4226,Hægebostad,2016,0,0.00216392501427736,-0.003315758653522849
4226,Hægebostad,2017,0,0.00216392501427736,-0.060192498009238204
4226,Hægebostad,2018,0,0.00216392501427736,-0.05249175820029228
4226,Hægebostad,2019,0,0.00216392501427736,-0.07633327279817376
4226,Hægebostad,2020,0,0.00216392501427736,-0.11235072566139709
4226,Hægebostad,2021,0,0.00216392501427736,-0.19565840437771442
4226,Hægebostad,2022,0,0.00216392501427736,-0.24954429936524714
4226,Hægebostad,2023,0,0.00216392501427736,-0.31452841502810636
4638,Høyanger,2016,0,0.00334528580091431,-0.10198024165024311
4638,Høyanger,2017,22,0.00334528580091431,0.1283869643616282
4638,Høyanger,2018,22,0.00334528580091431,0.05638257361457086
4638,Høyanger,2019,22,0.00334528580091431,-0.0382580871243931
4638,Høyanger,2020,44,0.00334528580091431,0.002149013038014541
4638,Høyanger,2021,44,0.00334528580091431,-0.11627842466162241
4638,Høyanger,2022,244,0.00334528580091431,0.5327361972906496
4638,Høyanger,2023,244,0.00334528580091431,0.3050543249329904
5046,Høylandet,2016,0,0.00204467129945013,0.006644031998037703
5046,Høylandet,2017,0,0.00204467129945013,-0.05023270735767765
5046,Høylandet,2018,0,0.00204467129945013,-0.04253196754873173
5046,Høylandet,2019,0,0.00204467129945013,-0.0663734821466132
5046,Høylandet,2020,0,0.00204467129945013,-0.10239093500983654
5046,Høylandet,2021,0,0.00204467129945013,-0.18569861372615387
5046,Høylandet,2022,0,0.00204467129945013,-0.23958450871368658
5046,Høylandet,2023,62.5,0.00204467129945013,-0.12059136439759682
5413,Ibestad,2016,0,0.00204664916448149,0.006478845348062756
5413,Ibestad,2017,0,0.00204664916448149,-0.0503978940076526
5413,Ibestad,2018,0,0.00204664916448149,-0.04269715419870668
5413,Ibestad,2019,0,0.00204664916448149,-0.06653866879658815
5413,Ibestad,2020,0,0.00204664916448149,-0.10255612165981148
5413,Ibestad,2021,22,0.00204664916448149,-0.09684156901972274
5413,Ibestad,2022,22,0.00204664916448149,-0.1603202299851469
5413,Ibestad,2023,22,0.00204664916448149,-0.2399738155139307
5053,Inderøy,2016,22,0.00293395201993769,0.29377910504447763
5053,Inderøy,2017,22,0.00293395201993769,0.1627405973061221
5053,Inderøy,2018,22,0.00293395201993769,0.09073620655906475
5053,Inderøy,2019,22,0.00293395201993769,-0.0039044541798992083
5053,Inderøy,2020,22,0.00293395201993769,-0.0700794648655575
5053,Inderøy,2021,22,0.00293395201993769,-0.1709470230735347
5053,Inderøy,2022,22,0.00293395201993769,-0.23442568403895886
5053,Inderøy,2023,25.6,0.00293395201993769,-0.3034821793929553
5054,Indre Fosen,2016,0,0.00307788635458407,-0.0796476668566545
5054,Indre Fosen,2017,0,0.00307788635458407,-0.13652440621236986
5054,Indre Fosen,2018,0,0.00307788635458407,-0.12882366640342394
5054,Indre Fosen,2019,7.4,0.00307788635458407,-0.10667092881213694
5054,Indre Fosen,2020,7.4,0.00307788635458407,-0.1528322874883611
5054,Indre Fosen,2021,79.4,0.00307788635458407,0.049299013314546974
5054,Indre Fosen,2022,79.4,0.00307788635458407,-0.03920804615683046
5054,Indre Fosen,2023,140.4,0.00307788635458407,0.022426193585473098
3118,Indre Østfold,2016,55.400000000000006,0.00761467485556081,0.4515356921741961
3118,Indre Østfold,2017,55.400000000000006,0.00761467485556081,0.20790613607310487
3118,Indre Østfold,2018,55.400000000000006,0.00761467485556081,0.014894865300115273
3118,Indre Østfold,2019,55.400000000000006,0.00761467485556081,-0.18723177185303763
3118,Indre Østfold,2020,55.400000000000006,0.00761467485556081,-0.29919143850548346
3118,Indre Østfold,2021,55.400000000000006,0.00761467485556081,-0.42671808648716236
3118,Indre Østfold,2022,55.400000000000006,0.00761467485556081,-0.5047603103462945
3118,Indre Østfold,2023,55.400000000000006,0.00761467485556081,-0.6066848183078912
4218,Iveland,2016,0,0.00171379343280749,0.034278175620062634
4218,Iveland,2017,0,0.00171379343280749,-0.02259856373565272
4218,Iveland,2018,0,0.00171379343280749,-0.014897823926706799
4218,Iveland,2019,0,0.00171379343280749,-0.038739338524588274
4218,Iveland,2020,0,0.00171379343280749,-0.0747567913878116
4218,Iveland,2021,0,0.00171379343280749,-0.15806447010412894
4218,Iveland,2022,0,0.00171379343280749,-0.21195036509166165
4218,Iveland,2023,0,0.00171379343280749,-0.2769344807545209
3236,Jevnaker,2016,0,0.00412960198982552,-0.16748449078413946
3236,Jevnaker,2017,0,0.00412960198982552,-0.22436123013985482
3236,Jevnaker,2018,22,0.00412960198982552,-0.009121675519325495
3236,Jevnaker,2019,72,0.00412960198982552,0.20700963799284888
3236,Jevnaker,2020,72,0.00412960198982552,0.07229472316529305
3236,Jevnaker,2021,72,0.00412960198982552,-0.06848165206918372
3236,Jevnaker,2022,72,0.00412960198982552,-0.15376205389345216
3236,Jevnaker,2023,72,0.00412960198982552,-0.2667553436629737
5423,Karlsøy,2016,0,0.00229511410401159,-0.01427236383278041
5423,Karlsøy,2017,0,0.00229511410401159,-0.07114910318849577
5423,Karlsøy,2018,0,0.00229511410401159,-0.06344836337954984
5423,Karlsøy,2019,0,0.00229511410401159,-0.08728987797743132
5423,Karlsøy,2020,0,0.00229511410401159,-0.12330733084065465
5423,Karlsøy,2021,0,0.00229511410401159,-0.20661500955697198
5423,Karlsøy,2022,0,0.00229511410401159,-0.2605009045445047
5423,Karlsøy,2023,0,0.00229511410401159,-0.3254850202073639
1149,Karmøy,2016,50,0.00916735902528632,0.23315047566010766
1149,Karmøy,2017,72,0.00916735902528632,0.2949682080750693
1149,Karmøy,2018,72,0.00916735902528632,0.04181579333709551
1149,Karmøy,2019,122,0.00916735902528632,0.09703995652862785
1149,Karmøy,2020,122,0.00916735902528632,-0.10621486244082559
1149,Karmøy,2021,344,0.00916735902528632,0.6114151889855691
1149,Karmøy,2022,501.4,0.00916735902528632,0.975815037370015
1149,Karmøy,2023,551.4,0.00916735902528632,0.7236821755641976
4602,Kinn,2016,7.4,0.00704665221475774,-0.28954594596576183
4602,Kinn,2017,29.4,0.00704665221475774,-0.08412406204623318
4602,Kinn,2018,29.4,0.00704665221475774,-0.18293836034394612
4602,Kinn,2019,51.4,0.00704665221475774,-0.16465361065986428
4602,Kinn,2020,201.4,0.00704665221475774,0.45556612534676416
4602,Kinn,2021,201.4,0.00704665221475774,0.21150573164770647
4602,Kinn,2022,234.4,0.00704665221475774,0.1889466225485209
4602,Kinn,2023,234.4,0.00704665221475774,-0.03233402659491665
1120,Klepp,2016,22,0.00574250150568204,0.05921563712159232
1120,Klepp,2017,22,0.00574250150568204,-0.07182287061676323
1120,Klepp,2018,22,0.00574250150568204,-0.14382726136382057
1120,Klepp,2019,22,0.00574250150568204,-0.23846792210278453
1120,Klepp,2020,22,0.00574250150568204,-0.30464293278844284
1120,Klepp,2021,22,0.00574250150568204,-0.40551049099642006
1120,Klepp,2022,22,0.00574250150568204,-0.4689891519618442
1120,Klepp,2023,22,0.00574250150568204,-0.548642737490628
3303,Kongsberg,2016,11,0.01113689826765126,-0.5720145892237918
3303,Kongsberg,2017,11,0.01113689826765126,-0.6659722127708273
3303,Kongsberg,2018,14.6,0.01113689826765126,-0.6641631412707147
3303,Kongsberg,2019,194.6,0.01113689826765126,0.38378956354187443
3303,Kongsberg,2020,194.6,0.01113689826765126,0.08101480375838566
3303,Kongsberg,2021,198.2,0.01113689826765126,-0.14305071660311064
3303,Kongsberg,2022,198.2,0.01113689826765126,-0.2833587123551021
3303,Kongsberg,2023,220.2,0.01113689826765126,-0.41574142011565557
3401,Kongsvinger,2016,3.6,0.00822302326377859,-0.4502183210602121
3401,Kongsvinger,2017,14.4,0.00822302326377859,-0.3782199584253624
3401,Kongsvinger,2018,64.4,0.00822302326377859,0.04898927504598008
3401,Kongsvinger,2019,64.4,0.00822302326377859,-0.18210064916488838
3401,Kongsvinger,2020,71.8,0.00822302326377859,-0.2705471521867082
3401,Kongsvinger,2021,93.8,0.00822302326377859,-0.32214166079667284
3401,Kongsvinger,2022,93.8,0.00822302326377859,-0.4169276216353974
3401,Kongsvinger,2023,443.8,0.00822302326377859,0.4858156334282341
4014,Kragerø,2016,0,0.00317059577688712,-0.08739054043424693
4014,Kragerø,2017,11,0.00317059577688712,-6.453071061689741e-4
4014,Kragerø,2018,33,0.00317059577688712,0.17474168223635872
4014,Kragerø,2019,33,0.00317059577688712,0.0447014484268535
4014,Kragerø,2020,33,0.00317059577688712,-0.03655234117002226
4014,Kragerø,2021,83,0.00317059577688712,0.056123413958911905
4014,Kragerø,2022,83,0.00317059577688712,-0.033953370854302334
4014,Kragerø,2023,283,0.00317059577688712,0.43444583637585077
4204,Kristiansand,2016,72,0.02787285769746347,-0.9676832014366263
4204,Kristiansand,2017,94,0.02787285769746347,-0.980027237404305
4204,Kristiansand,2018,144,0.02787285769746347,-0.8412056581265016
4204,Kristiansand,2019,466,0.02787285769746347,0.6729117485294989
4204,Kristiansand,2020,528.5,0.02787285769746347,0.30089247670034114
4204,Kristiansand,2021,639.5,0.02787285769746347,0.24490622385760874
4204,Kristiansand,2022,661.5,0.02787285769746347,-0.008394471336027998
4204,Kristiansand,2023,881.3,0.02787285769746347,0.1325483537901213
1505,Kristiansund,2016,0,0.00955368172555576,-0.620490912626102
1505,Kristiansund,2017,0,0.00955368172555576,-0.6773676519818175
1505,Kristiansund,2018,0,0.00955368172555576,-0.6696669121728716
1505,Kristiansund,2019,0,0.00955368172555576,-0.693508426770753
1505,Kristiansund,2020,72,0.00955368172555576,-0.38071169867666954
1505,Kristiansund,2021,472,0.00955368172555576,1.0970979507507836
1505,Kristiansund,2022,494,0.00955368172555576,0.9168330874342752
1505,Kristiansund,2023,766,0.00955368172555576,1.323121729301314
3318,Krødsherad,2016,0,0.00212584103361746,-1.3507388323946712e-4
3318,Krødsherad,2017,0,0.00212584103361746,-0.05701181323895482
3318,Krødsherad,2018,0,0.00212584103361746,-0.0493110734300089
3318,Krødsherad,2019,0,0.00212584103361746,-0.07315258802789038
3318,Krødsherad,2020,0,0.00212584103361746,-0.1091700408911137
3318,Krødsherad,2021,0,0.00212584103361746,-0.19247771960743104
3318,Krødsherad,2022,0,0.00212584103361746,-0.24636361459496375
3318,Krødsherad,2023,22,0.00212584103361746,-0.24658773474523293
4622,Kvam,2016,53.6,0.0025852334244813,0.8420132897112464
4622,Kvam,2017,53.6,0.0025852334244813,0.6044515146596441
4622,Kvam,2018,103.6,0.0025852334244813,0.8896406973221078
4622,Kvam,2019,111,0.0025852334244813,0.5783938194490246
4622,Kvam,2020,111,0.0025852334244813,0.39021777939078856
4622,Kvam,2021,111,0.0025852334244813,0.21831252687564215
4622,Kvam,2022,118.4,0.0025852334244813,0.14274395099061188
4622,Kvam,2023,118.4,0.0025852334244813,-0.0011885843143142338
4227,Kvinesdal,2016,7.4,0.0032739833717511,0.025538510132302517
4227,Kvinesdal,2017,7.4,0.0032739833717511,-0.05628355131575549
4227,Kvinesdal,2018,7.4,0.0032739833717511,-0.07539271905746517
4227,Kvinesdal,2019,7.4,0.0032739833717511,-0.12304849190280168
4227,Kvinesdal,2020,7.4,0.0032739833717511,-0.16920985057902585
4227,Kvinesdal,2021,7.4,0.0032739833717511,-0.25842403421526516
4227,Kvinesdal,2022,7.4,0.0032739833717511,-0.3155365868499067
4227,Kvinesdal,2023,14.8,0.0032739833717511,-0.36367207115888756
4617,Kvinnherad,2016,0,0.00340334269479273,-0.10682901730261299
4617,Kvinnherad,2017,0,0.00340334269479273,-0.16370575665832834
4617,Kvinnherad,2018,0,0.00340334269479273,-0.15600501684938242
4617,Kvinnherad,2019,93,0.00340334269479273,0.39818934065985345
4617,Kvinnherad,2020,155.5,0.00340334269479273,0.5374777537292517
4617,Kvinnherad,2021,166.5,0.00340334269479273,0.37456476973872366
4617,Kvinnherad,2022,166.5,0.00340334269479273,0.2480790776912395
4617,Kvinnherad,2023,166.5,0.00340334269479273,0.07207374690672372
4028,Kviteseid,2016,7.4,0.0041036432610836,-0.043752738544689
4028,Kviteseid,2017,7.4,0.0041036432610836,-0.125574799992747
4028,Kviteseid,2018,7.4,0.0041036432610836,-0.1446839677344567
4028,Kviteseid,2019,7.4,0.0041036432610836,-0.1923397405797932
4028,Kviteseid,2020,7.4,0.0041036432610836,-0.23850109925601737
4028,Kviteseid,2021,29.4,0.0041036432610836,-0.23869305153585052
4028,Kviteseid,2022,29.4,0.0041036432610836,-0.3053983701483836
4028,Kviteseid,2023,29.4,0.0041036432610836,-0.38998623190479664
1144,Kvitsøy,2016,0,0.00169487797725191,0.035857950117531456
1144,Kvitsøy,2017,0,0.00169487797725191,-0.0210187892381839
1144,Kvitsøy,2018,0,0.00169487797725191,-0.013318049429237977
1144,Kvitsøy,2019,0,0.00169487797725191,-0.03715956402711945
1144,Kvitsøy,2020,0,0.00169487797725191,-0.07317701689034278
1144,Kvitsøy,2021,0,0.00169487797725191,-0.15648469560666012
1144,Kvitsøy,2022,0,0.00169487797725191,-0.21037059059419283
1144,Kvitsøy,2023,0,0.00169487797725191,-0.27535470625705205
5411,Kvæfjord,2016,0,0.00297984405894639,-0.07145940420199093
5411,Kvæfjord,2017,0,0.00297984405894639,-0.12833614355770628
5411,Kvæfjord,2018,7.4,0.00297984405894639,-0.050826893312136856
5411,Kvæfjord,2019,7.4,0.00297984405894639,-0.09848266615747336
5411,Kvæfjord,2020,7.4,0.00297984405894639,-0.14464402483369754
5411,Kvæfjord,2021,69.9,0.00297984405894639,0.019045857883489725
5411,Kvæfjord,2022,69.9,0.00297984405894639,-0.06531887082470728
5411,Kvæfjord,2023,69.9,0.00297984405894639,-0.17691189301611787
5429,Kvænangen,2016,0,0.00199721800538687,0.01060721985580576
5429,Kvænangen,2017,0,0.00199721800538687,-0.046269519499909595
5429,Kvænangen,2018,0,0.00199721800538687,-0.03856877969096367
5429,Kvænangen,2019,0,0.00199721800538687,-0.06241029428884515
5429,Kvænangen,2020,0,0.00199721800538687,-0.09842774715206848
5429,Kvænangen,2021,0,0.00199721800538687,-0.1817354258683858
5429,Kvænangen,2022,0,0.00199721800538687,-0.23562132085591853
5429,Kvænangen,2023,0,0.00199721800538687,-0.30060543651877775
5437,Kárásjohka-Karasjok,2016,0,0.00380190249443748,-0.14011579727706158
5437,Kárásjohka-Karasjok,2017,0,0.00380190249443748,-0.19699253663277694
5437,Kárásjohka-Karasjok,2018,0,0.00380190249443748,-0.18929179682383102
5437,Kárásjohka-Karasjok,2019,0,0.00380190249443748,-0.2131333114217125
5437,Kárásjohka-Karasjok,2020,0,0.00380190249443748,-0.24915076428493582
5437,Kárásjohka-Karasjok,2021,0,0.00380190249443748,-0.33245844300125316
5437,Kárásjohka-Karasjok,2022,0,0.00380190249443748,-0.38634433798878587
5437,Kárásjohka-Karasjok,2023,0,0.00380190249443748,-0.4513284536516451
3909,Larvik,2016,132,0.00595840856134761,1.8482121548147006
3909,Larvik,2017,154,0.00595840856134761,1.6336087505307304
3909,Larvik,2018,157.6,0.00595840856134761,1.1173344734168216
3909,Larvik,2019,157.6,0.00595840856134761,0.5863136210082764
3909,Larvik,2020,157.6,0.00595840856134761,0.33425839028979193
3909,Larvik,2021,920.1,0.00595840856134761,3.210587729817752
3909,Larvik,2022,942.1,0.00595840856134761,2.8349356649242807
3909,Larvik,2023,942.1,0.00595840856134761,2.141764841957442
5438,Lebesby,2016,0,0.00271427141694591,-0.04927939982276747
5438,Lebesby,2017,0,0.00271427141694591,-0.10615613917848282
5438,Lebesby,2018,0,0.00271427141694591,-0.0984553993695369
5438,Lebesby,2019,0,0.00271427141694591,-0.12229691396741837
5438,Lebesby,2020,22,0.00271427141694591,-0.05173225598257575
5438,Lebesby,2021,22,0.00271427141694591,-0.15259981419055296
5438,Lebesby,2022,22,0.00271427141694591,-0.2160784751559771
5438,Lebesby,2023,22,0.00271427141694591,-0.29573206068476093
1822,Leirfjord,2016,7.4,0.00279523987398311,0.06552204456955671
1822,Leirfjord,2017,7.4,0.00279523987398311,-0.0163000168785013
1822,Leirfjord,2018,7.4,0.00279523987398311,-0.035409184620210976
1822,Leirfjord,2019,7.4,0.00279523987398311,-0.08306495746554748
1822,Leirfjord,2020,7.4,0.00279523987398311,-0.12922631614177166
1822,Leirfjord,2021,7.4,0.00279523987398311,-0.21844049977801094
1822,Leirfjord,2022,7.4,0.00279523987398311,-0.27555305241265254
1822,Leirfjord,2023,7.4,0.00279523987398311,-0.345471444303141
5052,Leka,2016,0,0.00152111757454783,0.050370011540278314
5052,Leka,2017,0,0.00152111757454783,-0.006506727815437041
5052,Leka,2018,0,0.00152111757454783,0.001194011993508881
5052,Leka,2019,0,0.00152111757454783,-0.022647502604372594
5052,Leka,2020,0,0.00152111757454783,-0.058664955467595925
5052,Leka,2021,0,0.00152111757454783,-0.14197263418391326
5052,Leka,2022,0,0.00152111757454783,-0.19585852917144597
5052,Leka,2023,0,0.00152111757454783,-0.2608426448343052
3432,Lesja,2016,200,0.0025140975137544,3.252945143868129
3432,Lesja,2017,250,0.0025140975137544,3.174697658687472
3432,Lesja,2018,250,0.0025140975137544,2.2766582785418352
3432,Lesja,2019,250,0.0025140975137544,1.4482810123407435
3432,Lesja,2020,250,0.0025140975137544,1.0695640387680323
3432,Lesja,2021,250,0.0025140975137544,0.786712274919217
3432,Lesja,2022,250,0.0025140975137544,0.6238176756374629
3432,Lesja,2023,250,0.0025140975137544,0.39213503877091516
5037,Levanger,2016,0,0.00893843565707452,-0.569107003536591
5037,Levanger,2017,0,0.00893843565707452,-0.6259837428923064
5037,Levanger,2018,0,0.00893843565707452,-0.6182830030833605
5037,Levanger,2019,22,0.00893843565707452,-0.5053848490107411
5037,Levanger,2020,22,0.00893843565707452,-0.5715598596963993
5037,Levanger,2021,55,0.00893843565707452,-0.5388940708697674
5037,Levanger,2022,105,0.00893843565707452,-0.4362403685781318
5037,Levanger,2023,105,0.00893843565707452,-0.5712378631465402
3312,Lier,2016,0,0.00226828320600077,-0.012031510140563806
3312,Lier,2017,0,0.00226828320600077,-0.06890824949627916
3312,Lier,2018,50,0.00226828320600077,0.4104716148844472
3312,Lier,2019,262.5,0.00226828320600077,1.5465038405332616
3312,Lier,2020,302.9,0.00226828320600077,1.3463754035733428
3312,Lier,2021,324.9,0.00226828320600077,1.1103223426668971
3312,Lier,2022,524.9,0.00226828320600077,1.6368547844741816
3312,Lier,2023,674.9,0.00226828320600077,1.663415877641536
5042,Lierne,2016,0,0.00212210575502766,1.768878265785978e-4
5042,Lierne,2017,0,0.00212210575502766,-0.05669985152913676
5042,Lierne,2018,0,0.00212210575502766,-0.048999111720190835
5042,Lierne,2019,0,0.00212210575502766,-0.07284062631807231
5042,Lierne,2020,0,0.00212210575502766,-0.10885807918129564
5042,Lierne,2021,0,0.00212210575502766,-0.19216575789761298
5042,Lierne,2022,0,0.00212210575502766,-0.2460516528851457
5042,Lierne,2023,0,0.00212210575502766,-0.3110357685480049
3405,Lillehammer,2016,7.2,0.01427533873745537,-0.8965544019334256
3405,Lillehammer,2017,10.8,0.01427533873745537,-0.9306987107905818
3405,Lillehammer,2018,10.8,0.01427533873745537,-0.9621259441636738
3405,Lillehammer,2019,221.8,0.01427533873745537,0.29073432810899
3405,Lillehammer,2020,221.8,0.01427533873745537,-0.04932613952769094
3405,Lillehammer,2021,236.6,0.01427533873745537,-0.24978164766106908
3405,Lillehammer,2022,586.6,0.01427533873745537,0.8568172051746253
3405,Lillehammer,2023,616,0.01427533873745537,0.48723458245352924
4215,Lillesand,2016,22,0.00479299148684307,0.13851648760575797
4215,Lillesand,2017,22,0.00479299148684307,0.007477979867402396
4215,Lillesand,2018,44,0.00479299148684307,0.14301240393192846
4215,Lillesand,2019,44,0.00479299148684307,-0.02242740294811804
4215,Lillesand,2020,44,0.00479299148684307,-0.11875997145621126
4215,Lillesand,2021,244,0.00479299148684307,0.5721056031751167
4215,Lillesand,2022,244,0.00479299148684307,0.41182721279642376
4215,Lillesand,2023,444,0.00479299148684307,0.7728725723714015
3205,Lillestrøm,2016,73.6,0.01377663959609888,0.23588393529486484
3205,Lillestrøm,2017,73.6,0.01377663959609888,-0.06909762919550155
3205,Lillestrøm,2018,138.4,0.01377663959609888,0.2832493647438429
3205,Lillestrøm,2019,285.4,0.01377663959609888,0.7276864623567707
3205,Lillestrøm,2020,368.4,0.01377663959609888,0.7025484730329357
3205,Lillestrøm,2021,375.8,0.01377663959609888,0.35513647192161546
3205,Lillestrøm,2022,525.8,0.01377663959609888,0.6789532293106995
3205,Lillestrøm,2023,600.8,0.01377663959609888,0.48414149582698185
4205,Lindesnes,2016,50,0.00572345027843022,0.5207776593621708
4205,Lindesnes,2017,50,0.00572345027843022,0.2953514464095458
4205,Lindesnes,2018,50,0.00572345027843022,0.12190416222757525
4205,Lindesnes,2019,50,0.00572345027843022,-0.0628445026909483
4205,Lindesnes,2020,50,0.00572345027843022,-0.16740185969606922
4205,Lindesnes,2021,50,0.00572345027843022,-0.29061835543888614
4205,Lindesnes,2022,122,0.00572345027843022,-0.10635501368285157
4205,Lindesnes,2023,194,0.00572345027843022,-0.040746204197361496
5415,Loabák - Lavangen,2016,0,0.00256938205480307,-0.037178580014583795
5415,Loabák - Lavangen,2017,33,0.00256938205480307,0.3368105986810808
5415,Loabák - Lavangen,2018,33,0.00256938205480307,0.22495364265602186
5415,Loabák - Lavangen,2019,33,0.00256938205480307,0.09491340884651664
5415,Loabák - Lavangen,2020,33,0.00256938205480307,0.013659619249640875
5415,Loabák - Lavangen,2021,33,0.00256938205480307,-0.0959878787041662
5415,Loabák - Lavangen,2022,33,0.00256938205480307,-0.1642629226585361
5415,Loabák - Lavangen,2023,33,0.00256938205480307,-0.2512512431202823
3434,Lom,2016,200,0.00350252418453877,3.170394065860256
3434,Lom,2017,200,0.00350252418453877,2.4393194321169016
3434,Lom,2018,200,0.00350252418453877,1.7224280759621817
3434,Lom,2019,200,0.00350252418453877,1.0549579600817318
3434,Lom,2020,200,0.00350252418453877,0.7447808906509183
3434,Lom,2021,237,0.00350252418453877,0.6515571511098313
3434,Lom,2022,244.4,0.00350252418453877,0.5210481882605132
3434,Lom,2023,259.2,0.00350252418453877,0.3366654134319433
5432,Loppa,2016,0,0.00165246176882038,0.03940045239364953
5432,Loppa,2017,0,0.00165246176882038,-0.017476286962065823
5432,Loppa,2018,0,0.00165246176882038,-0.009775547153119901
5432,Loppa,2019,0,0.00165246176882038,-0.033617061751001376
5432,Loppa,2020,0,0.00165246176882038,-0.06963451461422471
5432,Loppa,2021,0,0.00165246176882038,-0.15294219333054204
5432,Loppa,2022,0,0.00165246176882038,-0.20682808831807475
5432,Loppa,2023,0,0.00165246176882038,-0.271812203980934
1112,Lund,2016,0,0.00259462608013851,-0.03928690182164807
1112,Lund,2017,0,0.00259462608013851,-0.09616364117736342
1112,Lund,2018,0,0.00259462608013851,-0.0884629013684175
1112,Lund,2019,0,0.00259462608013851,-0.11230441596629898
1112,Lund,2020,0,0.00259462608013851,-0.1483218688295223
1112,Lund,2021,150,0.00259462608013851,0.375340211702384
1112,Lund,2022,150,0.00259462608013851,0.25604909413831844
1112,Lund,2023,150,0.00259462608013851,0.09104586575324608
3234,Lunner,2016,0,0.0175807618700719,-1.290893825428483
3234,Lunner,2017,0,0.0175807618700719,-1.3477705647841984
3234,Lunner,2018,0,0.0175807618700719,-1.3400698249752525
3234,Lunner,2019,0,0.0175807618700719,-1.363911339573134
3234,Lunner,2020,0,0.0175807618700719,-1.3999287924363573
3234,Lunner,2021,0,0.0175807618700719,-1.4832364711526747
3234,Lunner,2022,0,0.0175807618700719,-1.5371223661402074
3234,Lunner,2023,0,0.0175807618700719,-1.6021064818030666
1834,Lurøy,2016,0,0.00360914924809814,-0.12401749808588067
1834,Lurøy,2017,0,0.00360914924809814,-0.18089423744159602
1834,Lurøy,2018,0,0.00360914924809814,-0.1731934976326501
1834,Lurøy,2019,0,0.00360914924809814,-0.19703501223053158
1834,Lurøy,2020,0,0.00360914924809814,-0.2330524650937549
1834,Lurøy,2021,11,0.00360914924809814,-0.2718490281318692
1834,Lurøy,2022,11,0.00360914924809814,-0.3305313061083477
1834,Lurøy,2023,11,0.00360914924809814,-0.40285015670416924
4644,Luster,2016,7.4,0.0033602567371695,0.01833316093527565
4644,Luster,2017,7.4,0.0033602567371695,-0.06348890051278236
4644,Luster,2018,57.4,0.0033602567371695,0.3890810563172884
4644,Luster,2019,57.4,0.0033602567371695,0.18051813315130982
4644,Luster,2020,57.4,0.0033602567371695,0.06581687033318809
4644,Luster,2021,57.4,0.0033602567371695,-0.06330613032955076
4644,Luster,2022,129.4,0.0033602567371695,0.11773055377937487
4644,Luster,2023,155.2,0.0033602567371695,0.042409096460796575
4225,Lyngdal,2016,50,0.00631507628150828,0.4713664427538345
4225,Lyngdal,2017,50,0.00631507628150828,0.2459402298012095
4225,Lyngdal,2018,50,0.00631507628150828,0.07249294561923895
4225,Lyngdal,2019,72,0.00631507628150828,0.024483949371216295
4225,Lyngdal,2020,72,0.00631507628150828,-0.11023096545633955
4225,Lyngdal,2021,72,0.00631507628150828,-0.2510073406908163
4225,Lyngdal,2022,72,0.00631507628150828,-0.33628774251508475
4225,Lyngdal,2023,72,0.00631507628150828,-0.4492810322846063
5424,Lyngen,2016,0,0.00243761058649592,-0.026173335942402565
5424,Lyngen,2017,0,0.00243761058649592,-0.08305007529811792
5424,Lyngen,2018,0,0.00243761058649592,-0.075349335489172
5424,Lyngen,2019,0,0.00243761058649592,-0.09919085008705347
5424,Lyngen,2020,0,0.00243761058649592,-0.1352083029502768
5424,Lyngen,2021,0,0.00243761058649592,-0.21851598166659414
5424,Lyngen,2022,22,0.00243761058649592,-0.1929724112756122
5424,Lyngen,2023,44,0.00243761058649592,-0.207866001291806
4642,Lærdal,2016,33,0.00384652479564884,0.39826602337575256
4642,Lærdal,2017,33,0.00384652479564884,0.23014663144607686
4642,Lærdal,2018,33,0.00384652479564884,0.11828967542101791
4642,Lærdal,2019,33,0.00384652479564884,-0.01175055838848732
4642,Lærdal,2020,40.4,0.00384652479564884,-0.057154001609195454
4642,Lærdal,2021,55.2,0.00384652479564884,-0.11282032157043306
4642,Lærdal,2022,55.2,0.00384652479564884,-0.19077533846612985
4642,Lærdal,2023,105.2,0.00384652479564884,-0.1453846796276043
1851,Lødingen,2016,0,0.00194795844567374,0.014721262785551026
1851,Lødingen,2017,0,0.00194795844567374,-0.04215547657016433
1851,Lødingen,2018,0,0.00194795844567374,-0.03445473676121841
1851,Lødingen,2019,0,0.00194795844567374,-0.05829625135909988
1851,Lødingen,2020,0,0.00194795844567374,-0.09431370422232321
1851,Lødingen,2021,0,0.00194795844567374,-0.17762138293864055
1851,Lødingen,2022,11,0.00194795844567374,-0.19179254523691597
1851,Lødingen,2023,11,0.00194795844567374,-0.2641113958327375
3222,Lørenskog,2016,14.6,0.00246381518747903,0.2114800908952794
3222,Lørenskog,2017,14.6,0.00246381518747903,0.10538690524926644
3222,Lørenskog,2018,14.6,0.00246381518747903,0.06019242205286479
3222,Lørenskog,2019,29.4,0.00246381518747903,0.08135452393969275
3222,Lørenskog,2020,186.8,0.00246381518747903,0.7675821641449238
3222,Lørenskog,2021,186.8,0.00246381518747903,0.535175145017604
3222,Lørenskog,2022,216.2,0.00246381518747903,0.5059845953690802
3222,Lørenskog,2023,516.2,0.00246381518747903,1.179930446468227
3412,Løten,2016,22,0.00232048467559956,0.34501445926408025
3412,Løten,2017,22,0.00232048467559956,0.2139759515257247
3412,Løten,2018,22,0.00232048467559956,0.14197156077866738
3412,Løten,2019,22,0.00232048467559956,0.047330900039703416
3412,Løten,2020,22,0.00232048467559956,-0.01884411064595487
3412,Løten,2021,22,0.00232048467559956,-0.11971166885393209
3412,Løten,2022,22,0.00232048467559956,-0.18319032981935623
3412,Løten,2023,22,0.00232048467559956,-0.26284391534814006
5031,Malvik,2016,0,0.00461801312282808,-0.20827544344875426
5031,Malvik,2017,0,0.00461801312282808,-0.2651521828044696
5031,Malvik,2018,0,0.00461801312282808,-0.2574514429955237
5031,Malvik,2019,0,0.00461801312282808,-0.28129295759340517
5031,Malvik,2020,0,0.00461801312282808,-0.3173104104566285
5031,Malvik,2021,0,0.00461801312282808,-0.40061808917294583
5031,Malvik,2022,75,0.00461801312282808,-0.18372171582463315
5031,Malvik,2023,75,0.00461801312282808,-0.29871538784859897
3122,Marker,2016,0,0.00168288134513972,0.036859880703377756
3122,Marker,2017,0,0.00168288134513972,-0.0200168586523376
3122,Marker,2018,0,0.00168288134513972,-0.012316118843391677
3122,Marker,2019,0,0.00168288134513972,-0.03615763344127315
3122,Marker,2020,0,0.00168288134513972,-0.07217508630449648
3122,Marker,2021,0,0.00168288134513972,-0.15548276502081382
3122,Marker,2022,150,0.00168288134513972,0.33219587666334427
3122,Marker,2023,150,0.00168288134513972,0.1671926482782719
4634,Masfjorden,2016,0,0.00237699339831235,-0.021110730512716114
4634,Masfjorden,2017,0,0.00237699339831235,-0.07798746986843147
4634,Masfjorden,2018,0,0.00237699339831235,-0.07028673005948555
4634,Masfjorden,2019,0,0.00237699339831235,-0.09412824465736702
4634,Masfjorden,2020,0,0.00237699339831235,-0.13014569752059035
4634,Masfjorden,2021,0,0.00237699339831235,-0.2134533762369077
4634,Masfjorden,2022,0,0.00237699339831235,-0.2673392712244404
4634,Masfjorden,2023,50,0.00237699339831235,-0.18514157890414046
5028,Melhus,2016,0,0.0057569456428184,-0.30339641709550386
5028,Melhus,2017,0,0.0057569456428184,-0.3602731564512192
5028,Melhus,2018,0,0.0057569456428184,-0.3525724166422733
5028,Melhus,2019,0,0.0057569456428184,-0.37641393124015476
5028,Melhus,2020,0,0.0057569456428184,-0.4124313841033781
5028,Melhus,2021,0,0.0057569456428184,-0.49573906281969543
5028,Melhus,2022,150,0.0057569456428184,-0.008060421135537357
5028,Melhus,2023,150,0.0057569456428184,-0.1730636495206097
1837,Meløy,2016,0,0.00408406280491323,-0.16368116483470285
1837,Meløy,2017,0,0.00408406280491323,-0.2205579041904182
1837,Meløy,2018,0,0.00408406280491323,-0.21285716438147229
1837,Meløy,2019,7.4,0.00408406280491323,-0.1907044267901853
1837,Meløy,2020,14.8,0.00408406280491323,-0.20101543909024183
1837,Meløy,2021,59,0.00408406280491323,-0.11728237192125984
1837,Meløy,2022,59,0.00408406280491323,-0.19689432112222877
1837,Meløy,2023,59,0.00408406280491323,-0.3012192877891585
5034,Meråker,2016,0,0.0015148835257361,0.05089066468023623
5034,Meråker,2017,22,0.0015148835257361,0.2812578706921075
5034,Meråker,2018,22,0.0015148835257361,0.2092534799450502
5034,Meråker,2019,22,0.0015148835257361,0.11461281920608624
5034,Meråker,2020,22,0.0015148835257361,0.04843780852042795
5034,Meråker,2021,22,0.0015148835257361,-0.052429749687549265
5034,Meråker,2022,22,0.0015148835257361,-0.11590841065297341
5034,Meråker,2023,72,0.0015148835257361,-0.04838018819859802
4020,Midt-Telemark,2016,0,0.00478229076351378,-0.22199552682168966
4020,Midt-Telemark,2017,0,0.00478229076351378,-0.278872266177405
4020,Midt-Telemark,2018,0,0.00478229076351378,-0.2711715263684591
4020,Midt-Telemark,2019,62.5,0.00478229076351378,0.09345192684758238
4020,Midt-Telemark,2020,69.7,0.00478229076351378,0.006641011902717778
4020,Midt-Telemark,2021,69.7,0.00478229076351378,-0.13229955774854002
4020,Midt-Telemark,2022,69.7,0.00478229076351378,-0.21657707949330163
4020,Midt-Telemark,2023,69.7,0.00478229076351378,-0.3280367428677492
5027,Midtre Gauldal,2016,50,0.00302371163345781,0.7462535009894821
5027,Midtre Gauldal,2017,50,0.00302371163345781,0.5208272880368571
5027,Midtre Gauldal,2018,50,0.00302371163345781,0.34738000385488654
5027,Midtre Gauldal,2019,50,0.00302371163345781,0.162631338936363
5027,Midtre Gauldal,2020,50,0.00302371163345781,0.05807398193124208
5027,Midtre Gauldal,2021,50,0.00302371163345781,-0.06514251381157488
5027,Midtre Gauldal,2022,50,0.00302371163345781,-0.14083014965795182
5027,Midtre Gauldal,2023,50,0.00302371163345781,-0.23915396956154883
4629,Modalen,2016,7.4,0.00149840814850399,0.17383038963693312
4629,Modalen,2017,7.4,0.00149840814850399,0.09200832818887511
4629,Modalen,2018,7.4,0.00149840814850399,0.07289916044716543
4629,Modalen,2019,7.4,0.00149840814850399,0.025243387601828926
4629,Modalen,2020,7.4,0.00149840814850399,-0.020917971074395247
4629,Modalen,2021,7.4,0.00149840814850399,-0.11013215471063453
4629,Modalen,2022,7.4,0.00149840814850399,-0.16724470734527613
4629,Modalen,2023,7.4,0.00149840814850399,-0.23716309923576456
3316,Modum,2016,0,0.00315604337038992,-0.08617515756421637
3316,Modum,2017,0,0.00315604337038992,-0.14305189691993173
3316,Modum,2018,3.6,0.00315604337038992,-0.1013902601418176
3316,Modum,2019,33,0.00315604337038992,0.045916831296884064
3316,Modum,2020,33,0.00315604337038992,-0.0353369582999917
3316,Modum,2021,108,0.00315604337038992,0.15850042337031306
3316,Modum,2022,108,0.00315604337038992,0.057522768127676704
3316,Modum,2023,415,0.00315604337038992,0.8242211923214218
1506,Molde,2016,36.6,0.01760936953844375,-0.6920353833944777
1506,Molde,2017,36.6,0.01760936953844375,-0.8722903374231309
1506,Molde,2018,86.6,0.01760936953844375,-0.5255108266037555
1506,Molde,2019,258.6,0.01760936953844375,0.24101206586692714
1506,Molde,2020,291.6,0.01760936953844375,0.010379395053908502
1506,Molde,2021,291.6,0.01760936953844375,-0.3056765045609544
1506,Molde,2022,291.6,0.01760936953844375,-0.48671015223726705
1506,Molde,2023,363.6,0.01760936953844375,-0.5341896195363592
1874,Moskenes,2016,0,0.00174433056683481,0.031727785785654716
1874,Moskenes,2017,0,0.00174433056683481,-0.02514895357006064
1874,Moskenes,2018,0,0.00174433056683481,-0.017448213761114717
1874,Moskenes,2019,0,0.00174433056683481,-0.04128972835899619
1874,Moskenes,2020,0,0.00174433056683481,-0.07730718122221952
1874,Moskenes,2021,0,0.00174433056683481,-0.16061485993853686
1874,Moskenes,2022,0,0.00174433056683481,-0.21450075492606957
1874,Moskenes,2023,200,0.00174433056683481,0.3092423613437081
3103,Moss,2016,83,0.00863913874438737,0.8193747656429871
3103,Moss,2017,83,0.00863913874438737,0.4827059001164017
3103,Moss,2018,205,0.00863913874438737,1.3405979840555704
3103,Moss,2019,227,0.00863913874438737,0.7937768218135572
3103,Moss,2020,227,0.00863913874438737,0.4465882041461191
3103,Moss,2021,227,0.00863913874438737,0.18209449612949366
3103,Moss,2022,252.6,0.00863913874438737,0.121655711901443
3103,Moss,2023,752.6,0.00863913874438737,1.3600574902459694
5418,Målselv,2016,0,0.00710995830756191,-0.416396862484384
5418,Målselv,2017,0,0.00710995830756191,-0.47327360184009937
5418,Målselv,2018,0,0.00710995830756191,-0.46557286203115344
5418,Målselv,2019,0,0.00710995830756191,-0.4894143766290349
5418,Målselv,2020,22,0.00710995830756191,-0.4188497186441923
5418,Målselv,2021,22,0.00710995830756191,-0.5197172768521695
5418,Målselv,2022,22,0.00710995830756191,-0.5831959378175937
5418,Målselv,2023,91.9,0.00710995830756191,-0.45708935578592086
5434,Måsøy,2016,0,0.0014443284462499,0.05678325949042584
5434,Måsøy,2017,0,0.0014443284462499,-9.347986528951413e-5
5434,Måsøy,2018,0,0.0014443284462499,0.007607259943656408
5434,Måsøy,2019,0,0.0014443284462499,-0.016234254654225067
5434,Måsøy,2020,0,0.0014443284462499,-0.0522517075174484
5434,Måsøy,2021,0,0.0014443284462499,-0.13555938623376573
5434,Måsøy,2022,0,0.0014443284462499,-0.18944528122129844
5434,Måsøy,2023,0,0.0014443284462499,-0.25442939688415767
5007,Namsos,2016,14.8,0.01275414223034529,-0.644658389797724
5007,Namsos,2017,14.8,0.01275414223034529,-0.7514257733381247
5007,Namsos,2018,36.8,0.01275414223034529,-0.5898060338189066
5007,Namsos,2019,36.8,0.01275414223034529,-0.7320752110527807
5007,Namsos,2020,36.8,0.01275414223034529,-0.8185380333644406
5007,Namsos,2021,59,0.01275414223034529,-0.8413870770435246
5007,Namsos,2022,197,0.01275414223034529,-0.422759652506538
5007,Namsos,2023,226.4,0.01275414223034529,-0.5325592997838061
5044,Namsskogan,2016,7.4,0.00247511201223955,0.0922583729876427
5044,Namsskogan,2017,51.4,0.00247511201223955,0.584924202274758
5044,Namsskogan,2018,51.4,0.00247511201223955,0.40640477342104175
5044,Namsskogan,2019,51.4,0.00247511201223955,0.21715070829354027
5044,Namsskogan,2020,51.4,0.00247511201223955,0.11067423397244622
5044,Namsskogan,2021,51.4,0.00247511201223955,-0.01365970864711269
5044,Namsskogan,2022,51.4,0.00247511201223955,-0.08995779323753728
5044,Namsskogan,2023,51.4,0.00247511201223955,-0.1892151248598749
3238,Nannestad,2016,0,0.0027386805180116,-0.05131799071244553
3238,Nannestad,2017,0,0.0027386805180116,-0.10819473006816088
3238,Nannestad,2018,0,0.0027386805180116,-0.10049399025921496
3238,Nannestad,2019,0,0.0027386805180116,-0.12433550485709643
3238,Nannestad,2020,0,0.0027386805180116,-0.16035295772031977
3238,Nannestad,2021,0,0.0027386805180116,-0.2436606364366371
3238,Nannestad,2022,0,0.0027386805180116,-0.2975465314241698
3238,Nannestad,2023,150,0.0027386805180116,0.07901477686244862
3228,Nes (Akershus),2016,7.4,0.00583647499565355,-0.18847478209445132
3228,Nes (Akershus),2017,47.8,0.00583647499565355,0.2571874924961498
3228,Nes (Akershus),2018,69.8,0.00583647499565355,0.29924953618136296
3228,Nes (Akershus),2019,69.8,0.00583647499565355,0.05078163973586518
3228,Nes (Akershus),2020,69.8,0.00583647499565355,-0.08091751930944717
3228,Nes (Akershus),2021,113.8,0.00583647499565355,-0.041893443881945665
3228,Nes (Akershus),2022,150.6,0.00583647499565355,-0.012536268067419844
3228,Nes (Akershus),2023,150.6,0.00583647499565355,-0.17793957290338103
3322,Nes (Buskerud),2016,0,0.0036181396199264,-0.12476835286150662
3322,Nes (Buskerud),2017,0,0.0036181396199264,-0.18164509221722197
3322,Nes (Buskerud),2018,0,0.0036181396199264,-0.17394435240827605
3322,Nes (Buskerud),2019,0,0.0036181396199264,-0.19778586700615752
3322,Nes (Buskerud),2020,350,0.0036181396199264,1.4618211708953046
3322,Nes (Buskerud),2021,350,0.0036181396199264,1.0991517729934903
3322,Nes (Buskerud),2022,350,0.0036181396199264,0.8926536919940475
3322,Nes (Buskerud),2023,800,0.0036181396199264,1.9189279184944577
1828,Nesna,2016,7.4,0.00217334833599944,0.11746096769046646
1828,Nesna,2017,7.4,0.00217334833599944,0.03563890624240845
1828,Nesna,2018,7.4,0.00217334833599944,0.016529738500698776
1828,Nesna,2019,7.4,0.00217334833599944,-0.031126034344637732
1828,Nesna,2020,7.4,0.00217334833599944,-0.0772873930208619
1828,Nesna,2021,7.4,0.00217334833599944,-0.1665015766571012
1828,Nesna,2022,7.4,0.00217334833599944,-0.2236141292917428
1828,Nesna,2023,7.4,0.00217334833599944,-0.2935325211822312
3212,Nesodden,2016,0,0.00222175859784614,-0.008145883952420996
3212,Nesodden,2017,0,0.00222175859784614,-0.06502262330813635
3212,Nesodden,2018,0,0.00222175859784614,-0.05732188349919043
3212,Nesodden,2019,200,0.00222175859784614,1.1619244989074815
3212,Nesodden,2020,200,0.00222175859784614,0.8517474294766679
3212,Nesodden,2021,200,0.00222175859784614,0.6088044826543524
3212,Nesodden,2022,200,0.00222175859784614,0.4677116242314424
3212,Nesodden,2023,200,0.00222175859784614,0.26936869160563237
4030,Nissedal,2016,0,0.0023017496253887,-0.014826547020077463
4030,Nissedal,2017,3.6,0.0023017496253887,-0.024699731679278636
4030,Nissedal,2018,3.6,0.0023017496253887,-0.030041649597678688
4030,Nissedal,2019,3.6,0.0023017496253887,-0.06546847901864639
4030,Nissedal,2020,3.6,0.0023017496253887,-0.10642080498008638
4030,Nissedal,2021,3.6,0.0023017496253887,-0.19260191852231173
4030,Nissedal,2022,3.6,0.0023017496253887,-0.24805753885168114
4030,Nissedal,2023,3.6,0.0023017496253887,-0.3154421132198736
3232,Nittedal,2016,3.6,0.00186732594090992,0.08059461732216533
3232,Nittedal,2017,3.6,0.00186732594090992,0.011582315867472492
3232,Nittedal,2018,3.6,0.00186732594090992,0.00624039794907244
3232,Nittedal,2019,53.6,0.00186732594090992,0.2815855427792431
3232,Nittedal,2020,53.6,0.00186732594090992,0.17209331267590555
3232,Nittedal,2021,53.6,0.00186732594090992,0.046003382107180635
3232,Nittedal,2022,128.6,0.00186732594090992,0.23952828925481223
3232,Nittedal,2023,150.6,0.00186732594090992,0.1535544497973657
4018,Nome,2016,0,0.0024904543820445,-0.030586725845268226
4018,Nome,2017,0,0.0024904543820445,-0.08746346520098358
4018,Nome,2018,0,0.0024904543820445,-0.07976272539203766
4018,Nome,2019,0,0.0024904543820445,-0.10360423998991913
4018,Nome,2020,0,0.0024904543820445,-0.13962169285314247
4018,Nome,2021,0,0.0024904543820445,-0.2229293715694598
4018,Nome,2022,0,0.0024904543820445,-0.2768152665569925
4018,Nome,2023,0,0.0024904543820445,-0.34179938221985173
3451,Nord-Aurdal,2016,0,0.01068972126220484,-0.7153702710872876
3451,Nord-Aurdal,2017,0,0.01068972126220484,-0.7722470104430028
3451,Nord-Aurdal,2018,0,0.01068972126220484,-0.7645462706340569
3451,Nord-Aurdal,2019,22,0.01068972126220484,-0.6516481165614375
3451,Nord-Aurdal,2020,172,0.01068972126220484,0.00887308308062662
3451,Nord-Aurdal,2021,379.4,0.01068972126220484,0.6275159275803612
3451,Nord-Aurdal,2022,529.4,0.01068972126220484,0.9497629596276085
3451,Nord-Aurdal,2023,679.4,0.01068972126220484,0.9733234794132966
3436,Nord-Fron,2016,0,0.00509443453964575,-0.2480650431295552
3436,Nord-Fron,2017,0,0.00509443453964575,-0.3049417824852706
3436,Nord-Fron,2018,0,0.00509443453964575,-0.2972410426763247
3436,Nord-Fron,2019,0,0.00509443453964575,-0.3210825572742061
3436,Nord-Fron,2020,0,0.00509443453964575,-0.3571000101374294
3436,Nord-Fron,2021,22,0.00509443453964575,-0.35138545749734074
3436,Nord-Fron,2022,172,0.00509443453964575,0.1267004182089259
3436,Nord-Fron,2023,172,0.00509443453964575,-0.052972280042070996
3414,Nord-Odal,2016,0,0.00188104158355601,0.020310002211551326
3414,Nord-Odal,2017,0,0.00188104158355601,-0.03656673714416403
3414,Nord-Odal,2018,0,0.00188104158355601,-0.028865997335218108
3414,Nord-Odal,2019,0,0.00188104158355601,-0.05270751193309958
3414,Nord-Odal,2020,0,0.00188104158355601,-0.08872496479632291
3414,Nord-Odal,2021,0,0.00188104158355601,-0.17203264351264025
3414,Nord-Odal,2022,0,0.00188104158355601,-0.22591853850017296
3414,Nord-Odal,2023,62.5,0.00188104158355601,-0.1069253941840832
5435,Nordkapp,2016,7.4,0.00288437388512386,0.05807778094907426
5435,Nordkapp,2017,7.4,0.00288437388512386,-0.02374428049898375
5435,Nordkapp,2018,7.4,0.00288437388512386,-0.042853448240693426
5435,Nordkapp,2019,7.4,0.00288437388512386,-0.09050922108602993
5435,Nordkapp,2020,7.4,0.00288437388512386,-0.1366705797622541
5435,Nordkapp,2021,7.4,0.00288437388512386,-0.2258847633984934
5435,Nordkapp,2022,7.4,0.00288437388512386,-0.282997316033135
5435,Nordkapp,2023,207.4,0.00288437388512386,0.23581152400901348
3207,Nordre Follo,2016,29.4,0.01420700631366823,-0.5261562178769583
3207,Nordre Follo,2017,29.4,0.01420700631366823,-0.6821400477076566
3207,Nordre Follo,2018,29.4,0.01420700631366823,-0.7809543460053695
3207,Nordre Follo,2019,123.4,0.01420700631366823,-0.31515795339964836
3207,Nordre Follo,2020,145.4,0.01420700631366823,-0.413749778837009
3207,Nordre Follo,2021,145.4,0.01420700631366823,-0.6131122974663871
3207,Nordre Follo,2022,145.4,0.01420700631366823,-0.730397654871439
3207,Nordre Follo,2023,149,0.01420700631366823,-0.881736540291576
3448,Nordre Land,2016,0,0.00342094544867356,-0.10829915803406112
3448,Nordre Land,2017,7.4,0.00342094544867356,-0.06855747940249737
3448,Nordre Land,2018,7.4,0.00342094544867356,-0.08766664714420705
3448,Nordre Land,2019,7.4,0.00342094544867356,-0.13532241998954356
3448,Nordre Land,2020,7.4,0.00342094544867356,-0.18148377866576773
3448,Nordre Land,2021,7.4,0.00342094544867356,-0.27069796230200704
3448,Nordre Land,2022,207.4,0.00342094544867356,0.39427553395893905
3448,Nordre Land,2023,207.4,0.00342094544867356,0.19099832510549986
5428,Nordreisa,2016,0,0.00386211042906842,-0.14514422280959755
5428,Nordreisa,2017,0,0.00386211042906842,-0.2020209621653129
5428,Nordreisa,2018,0,0.00386211042906842,-0.19432022235636698
5428,Nordreisa,2019,0,0.00386211042906842,-0.21816173695424845
5428,Nordreisa,2020,0,0.00386211042906842,-0.2541791898174718
5428,Nordreisa,2021,0,0.00386211042906842,-0.3374868685337891
5428,Nordreisa,2022,0,0.00386211042906842,-0.39137276352132183
5428,Nordreisa,2023,0,0.00386211042906842,-0.45635687918418105
3338,Nore og Uvdal,2016,0,0.00234610216722741,-0.01853076732229708
3338,Nore og Uvdal,2017,0,0.00234610216722741,-0.07540750667801244
3338,Nore og Uvdal,2018,0,0.00234610216722741,-0.06770676686906651
3338,Nore og Uvdal,2019,0,0.00234610216722741,-0.09154828146694799
3338,Nore og Uvdal,2020,0,0.00234610216722741,-0.12756573433017132
3338,Nore og Uvdal,2021,7.4,0.00234610216722741,-0.18092957159024298
3338,Nore og Uvdal,2022,7.4,0.00234610216722741,-0.23804212422488458
3338,Nore og Uvdal,2023,69.9,0.00234610216722741,-0.12398325613642402
4005,Notodden,2016,3.6,0.00314510730265786,-0.026122686033231535
4005,Notodden,2017,3.6,0.00314510730265786,-0.09513498748792437
4005,Notodden,2018,3.6,0.00314510730265786,-0.10047690540632442
4005,Notodden,2019,214.6,0.00314510730265786,1.175553996512512
4005,Notodden,2020,236.6,0.00314510730265786,0.95194538592033
4005,Notodden,2021,358.6,0.00314510730265786,1.1734579225565054
4005,Notodden,2022,458.6,0.00314510730265786,1.3242529665771352
4005,Notodden,2023,458.6,0.00314510730265786,0.9534770836182298
5060,Nærøysund,2016,0,0.00594948317197011,-0.31947670009295986
5060,Nærøysund,2017,0,0.00594948317197011,-0.3763534394486752
5060,Nærøysund,2018,0,0.00594948317197011,-0.3686526996397293
5060,Nærøysund,2019,0,0.00594948317197011,-0.3924942142376108
5060,Nærøysund,2020,7.4,0.00594948317197011,-0.3926613207246665
5060,Nærøysund,2021,7.4,0.00594948317197011,-0.48187550436090576
5060,Nærøysund,2022,29.4,0.00594948317197011,-0.4595585916170327
5060,Nærøysund,2023,51.4,0.00594948317197011,-0.4793864578608557
5021,Oppdal,2016,22,0.00315293730038686,0.2754899678699516
5021,Oppdal,2017,33,0.00315293730038686,0.2880734328153894
5021,Oppdal,2018,33,0.00315293730038686,0.17621647679033042
5021,Oppdal,2019,40.4,0.00315293730038686,0.09217049516999368
5021,Oppdal,2020,62.4,0.00315293730038686,0.10735491060818303
5021,Oppdal,2021,212.4,0.00315293730038686,0.581210787491018
5021,Oppdal,2022,223.4,0.00315293730038686,0.474425830024372
5021,Oppdal,2023,223.4,0.00315293730038686,0.2604799158138967
3430,Os,2016,0,0.003074218810953,-0.07934136221177329
3430,Os,2017,0,0.003074218810953,-0.13621810156748865
3430,Os,2018,0,0.003074218810953,-0.12851736175854273
3430,Os,2019,0,0.003074218810953,-0.1523588763564242
3430,Os,2020,0,0.003074218810953,-0.18837632921964753
3430,Os,2021,0,0.003074218810953,-0.27168400793596487
3430,Os,2022,0,0.003074218810953,-0.3255699029234976
3430,Os,2023,0,0.003074218810953,-0.3905540185863568
5020,Osen,2016,0,0.00181945619047092,0.02545346984449004
5020,Osen,2017,0,0.00181945619047092,-0.031423269511225316
5020,Osen,2018,0,0.00181945619047092,-0.023722529702279394
5020,Osen,2019,0,0.00181945619047092,-0.04756404430016087
5020,Osen,2020,50,0.00181945619047092,0.1586505729458566
5020,Osen,2021,94,0.00181945619047092,0.21347853991585194
5020,Osen,2022,94,0.00181945619047092,0.11860537211369199
5020,Osen,2023,94,0.00181945619047092,-0.009057387521754168
0301,Oslo,2016,298.8,0.1790551927990309,-9.86831299806169
0301,Oslo,2017,490,0.1790551927990309,-8.436030375528784
0301,Oslo,2018,620.2,0.1790551927990309,-8.975327830445902
0301,Oslo,2019,664.4,0.1790551927990309,-10.720339212383024
0301,Oslo,2020,818.8,0.1790551927990309,-10.919102278986447
0301,Oslo,2021,1277.6,0.1790551927990309,-9.799438575041487
0301,Oslo,2022,1986.4,0.1790551927990309,-7.851329595168246
0301,Oslo,2023,2542.8,0.1790551927990309,-7.602994321670536
4630,Osterøy,2016,14.8,0.0023085986598485,0.2277289178398208
4630,Osterøy,2017,22.200000000000003,0.0023085986598485,0.2175799522866994
4630,Osterøy,2018,22.200000000000003,0.0023085986598485,0.14485096944367842
4630,Osterøy,2019,44.2,0.0023085986598485,0.1863063487739327
4630,Osterøy,2020,144.2,0.0023085986598485,0.5741637608677534
4630,Osterøy,2021,177.2,0.0023085986598485,0.5092924008816205
4630,Osterøy,2022,177.2,0.0023085986598485,0.3781411362903436
4630,Osterøy,2023,184.6,0.0023085986598485,0.2167840163798176
5047,Overhalla,2016,36.8,0.0063381912347083,0.2525925078094092
5047,Overhalla,2017,36.8,0.0063381912347083,0.07166335588636838
5047,Overhalla,2018,36.8,0.0063381912347083,-0.05396084996200022
5047,Overhalla,2019,36.8,0.0063381912347083,-0.19623002719587426
5047,Overhalla,2020,36.8,0.0063381912347083,-0.2826928495075342
5047,Overhalla,2021,36.8,0.0063381912347083,-0.39537341755535527
5047,Overhalla,2022,59,0.0063381912347083,-0.3851538423875871
5047,Overhalla,2023,59,0.0063381912347083,-0.48947880905451685
5436,Porsanger - Porsá?gu - Porsanki,2016,0,0.00454782697964241,-0.2024136613333504
5436,Porsanger - Porsá?gu - Porsanki,2017,0,0.00454782697964241,-0.2592904006890657
5436,Porsanger - Porsá?gu - Porsanki,2018,22,0.00454782697964241,-0.04405084606853643
5436,Porsanger - Porsá?gu - Porsanki,2019,22,0.00454782697964241,-0.1386915068075004
5436,Porsanger - Porsá?gu - Porsanki,2020,22,0.00454782697964241,-0.20486651749315868
5436,Porsanger - Porsá?gu - Porsanki,2021,22,0.00454782697964241,-0.30573407570113587
5436,Porsanger - Porsá?gu - Porsanki,2022,22,0.00454782697964241,-0.36921273666656007
5436,Porsanger - Porsá?gu - Porsanki,2023,44,0.00454782697964241,-0.3841063266827538
4001,Porsgrunn,2016,25.6,0.01498737013690275,-0.6537549979806674
4001,Porsgrunn,2017,44,0.01498737013690275,-0.5566886771469279
4001,Porsgrunn,2018,44,0.01498737013690275,-0.7083981984499886
4001,Porsgrunn,2019,44,0.01498737013690275,-0.8738380053300351
4001,Porsgrunn,2020,116,0.01498737013690275,-0.6213563928808216
4001,Porsgrunn,2021,345.4,0.01498737013690275,0.13100655804499872
4001,Porsgrunn,2022,345.4,0.01498737013690275,-0.0734857627954304
4001,Porsgrunn,2023,645.4,0.01498737013690275,0.5143102925456499
5043,Raarvihke - Røyrvik,2016,0,0.00177292629476578,0.02933953763645397
5043,Raarvihke - Røyrvik,2017,0,0.00177292629476578,-0.027537201719261384
5043,Raarvihke - Røyrvik,2018,0,0.00177292629476578,-0.01983646191031546
5043,Raarvihke - Røyrvik,2019,0,0.00177292629476578,-0.043677976508196936
5043,Raarvihke - Røyrvik,2020,0,0.00177292629476578,-0.07969542937142027
5043,Raarvihke - Røyrvik,2021,0,0.00177292629476578,-0.1630031080877376
5043,Raarvihke - Røyrvik,2022,0,0.00177292629476578,-0.21688900307527031
5043,Raarvihke - Røyrvik,2023,0,0.00177292629476578,-0.28187311873812954
3120,Rakkestad,2016,0,0.00232375621385979,-0.016664485690957798
3120,Rakkestad,2017,0,0.00232375621385979,-0.07354122504667315
3120,Rakkestad,2018,0,0.00232375621385979,-0.06584048523772723
3120,Rakkestad,2019,0,0.00232375621385979,-0.0896819998356087
3120,Rakkestad,2020,0,0.00232375621385979,-0.12569945269883204
3120,Rakkestad,2021,0,0.00232375621385979,-0.20900713141514937
3120,Rakkestad,2022,0,0.00232375621385979,-0.2628930264026821
3120,Rakkestad,2023,0,0.00232375621385979,-0.3278771420655413
1833,Rana,2016,33,0.01227561461836231,-0.30571179516895586
1833,Rana,2017,83,0.01227561461836231,0.17899596146406538
1833,Rana,2018,83,0.01227561461836231,-0.11400901855191009
1833,Rana,2019,127,0.01227561461836231,-0.13147706534105563
1833,Rana,2020,177,0.01227561461836231,-0.09935380461545801
1833,Rana,2021,199,0.01227561461836231,-0.23491646424917773
1833,Rana,2022,199,0.01227561461836231,-0.37557328785491073
1833,Rana,2023,206.4,0.01227561461836231,-0.5514665188143985
1127,Randaberg,2016,0,0.00373637342874044,-0.13464296335419035
1127,Randaberg,2017,0,0.00373637342874044,-0.1915197027099057
1127,Randaberg,2018,0,0.00373637342874044,-0.18381896290095978
1127,Randaberg,2019,0,0.00373637342874044,-0.20766047749884126
1127,Randaberg,2020,200,0.00373637342874044,0.7252503500748986
1127,Randaberg,2021,211,0.00373637342874044,0.526818518930786
1127,Randaberg,2022,211,0.00373637342874044,0.38092927751893035
1127,Randaberg,2023,211,0.00373637342874044,0.17525160996015807
1539,Rauma,2016,7.4,0.00296477291133406,0.051363042789319385
1539,Rauma,2017,29.4,0.00296477291133406,0.25678492670884806
1539,Rauma,2018,29.4,0.00296477291133406,0.1579706284111351
1539,Rauma,2019,29.4,0.00296477291133406,0.03951570942471608
1539,Rauma,2020,149.3,0.00296477291133406,0.5440692970480165
1539,Rauma,2021,149.3,0.00296477291133406,0.34159389069057133
1539,Rauma,2022,156.7,0.00296477291133406,0.24932518130766626
1539,Rauma,2023,156.7,0.00296477291133406,0.07985443255433508
3424,Rendalen,2016,0,0.00197406250227579,0.012541113183590469
3424,Rendalen,2017,0,0.00197406250227579,-0.04433562617212489
3424,Rendalen,2018,0,0.00197406250227579,-0.036634886363178965
3424,Rendalen,2019,0,0.00197406250227579,-0.06047640096106044
3424,Rendalen,2020,0,0.00197406250227579,-0.09649385382428377
3424,Rendalen,2021,0,0.00197406250227579,-0.1798015325406011
3424,Rendalen,2022,0,0.00197406250227579,-0.23368742752813382
3424,Rendalen,2023,150,0.00197406250227579,0.14287388075848462
5022,Rennebu,2016,0,0.0024416571926169,-0.026511298997663968
5022,Rennebu,2017,0,0.0024416571926169,-0.08338803835337932
5022,Rennebu,2018,0,0.0024416571926169,-0.0756872985444334
5022,Rennebu,2019,0,0.0024416571926169,-0.09952881314231488
5022,Rennebu,2020,0,0.0024416571926169,-0.1355462660055382
5022,Rennebu,2021,0,0.0024416571926169,-0.21885394472185554
5022,Rennebu,2022,0,0.0024416571926169,-0.27273983970938825
5022,Rennebu,2023,200,0.0024416571926169,0.2510032765603894
5061,Rindal,2016,0,0.0021472478480828,-0.0019229208354327176
5061,Rindal,2017,0,0.0021472478480828,-0.05879966019114807
5061,Rindal,2018,0,0.0021472478480828,-0.05109892038220215
5061,Rindal,2019,0,0.0021472478480828,-0.07494043498008363
5061,Rindal,2020,0,0.0021472478480828,-0.11095788784330696
5061,Rindal,2021,0,0.0021472478480828,-0.1942655665596243
5061,Rindal,2022,50,0.0021472478480828,-0.06762994932326005
5061,Rindal,2023,72,0.0021472478480828,-0.10119377371426697
3439,Ringebu,2016,0,0.00375154058805724,-0.1359096889383203
3439,Ringebu,2017,0,0.00375154058805724,-0.19278642829403567
3439,Ringebu,2018,0,0.00375154058805724,-0.18508568848508974
3439,Ringebu,2019,0,0.00375154058805724,-0.20892720308297122
3439,Ringebu,2020,0,0.00375154058805724,-0.24494465594619455
3439,Ringebu,2021,436.6,0.00375154058805724,1.4384343112559848
3439,Ringebu,2022,436.6,0.00375154058805724,1.1941756150890235
3439,Ringebu,2023,686.6,0.00375154058805724,1.5739782419118389
3305,Ringerike,2016,22,0.00949283463164079,-0.25400339225855584
3305,Ringerike,2017,22,0.00949283463164079,-0.3850418999969114
3305,Ringerike,2018,22,0.00949283463164079,-0.45704629074396874
3305,Ringerike,2019,22,0.00949283463164079,-0.5516869514829327
3305,Ringerike,2020,22,0.00949283463164079,-0.617861962168591
3305,Ringerike,2021,22,0.00949283463164079,-0.7187295203765682
3305,Ringerike,2022,72,0.00949283463164079,-0.6016866691180953
3305,Ringerike,2023,802,0.00949283463164079,1.434174437666508
3411,Ringsaker,2016,25.6,0.0094596405615538209,-0.192091984558597
3411,Ringsaker,2017,47.6,0.0094596405615538209,-0.04802210902834342
3411,Ringsaker,2018,47.6,0.0094596405615538209,-0.21277428805874998
3411,Ringsaker,2019,69.6,0.0094596405615538209,-0.25305974109138185
3411,Ringsaker,2020,194.6,0.0094596405615538209,0.22109543475297533
3411,Ringsaker,2021,694.6,0.0094596405615538209,2.005695170996934
3411,Ringsaker,2022,694.6,0.0094596405615538209,1.6489394919983362
3411,Ringsaker,2023,1215.6,0.0094596405615538209,2.654434644207668
4201,Risør,2016,0,0.00401175617286973,-0.1576422844617432
4201,Risør,2017,0,0.00401175617286973,-0.21451902381745855
4201,Risør,2018,0,0.00401175617286973,-0.20681828400851263
4201,Risør,2019,0,0.00401175617286973,-0.2306597986063941
4201,Risør,2020,0,0.00401175617286973,-0.2666772514696174
4201,Risør,2021,0,0.00401175617286973,-0.3499849301859348
4201,Risør,2022,0,0.00401175617286973,-0.4038708251734675
4201,Risør,2023,22.200000000000003,0.00401175617286973,-0.403506218091804
3336,Rollag,2016,0,0.00254343498804176,-0.03501154183603217
3336,Rollag,2017,0,0.00254343498804176,-0.09188828119174752
3336,Rollag,2018,0,0.00254343498804176,-0.0841875413828016
3336,Rollag,2019,0,0.00254343498804176,-0.10802905598068308
3336,Rollag,2020,0,0.00254343498804176,-0.1440465088439064
3336,Rollag,2021,0,0.00254343498804176,-0.22735418756022374
3336,Rollag,2022,0,0.00254343498804176,-0.28124008254775645
3336,Rollag,2023,0,0.00254343498804176,-0.3462241982106157
3112,Råde,2016,0,0.00284173453384947,-0.05992482048739045
3112,Råde,2017,0,0.00284173453384947,-0.1168015598431058
3112,Råde,2018,0,0.00284173453384947,-0.10910082003415988
3112,Råde,2019,0,0.00284173453384947,-0.13294233463204136
3112,Råde,2020,0,0.00284173453384947,-0.1689597874952647
3112,Råde,2021,0,0.00284173453384947,-0.252267466211582
3112,Råde,2022,0,0.00284173453384947,-0.30615336119911474
3112,Råde,2023,0,0.00284173453384947,-0.37113747686197396
3224,Rælingen,2016,10.8,0.00241096166970548,0.15346966949144916
3224,Rælingen,2017,10.8,0.00241096166970548,0.060186243838801334
3224,Rælingen,2018,10.8,0.00241096166970548,0.028759010465709334
3224,Rælingen,2019,10.8,0.00241096166970548,-0.029838448601430867
3224,Rælingen,2020,10.8,0.00241096166970548,-0.08066052075930413
3224,Rælingen,2021,28.8,0.00241096166970548,-0.09975213284355855
3224,Rælingen,2022,28.8,0.00241096166970548,-0.16619583056578546
3224,Rælingen,2023,28.8,0.00241096166970548,-0.25038361587130964
1836,Rødøy,2016,0,0.00201643359005618,0.00900237927846248
1836,Rødøy,2017,0,0.00201643359005618,-0.047874360077252875
1836,Rødøy,2018,0,0.00201643359005618,-0.04017362026830695
1836,Rødøy,2019,0,0.00201643359005618,-0.06401513486618843
1836,Rødøy,2020,0,0.00201643359005618,-0.10003258772941176
1836,Rødøy,2021,25.6,0.00201643359005618,-0.07975076086736566
1836,Rødøy,2022,25.6,0.00201643359005618,-0.1447991471746266
1836,Rødøy,2023,33,0.00201643359005618,-0.20507028382723602
5025,Røros,2016,22,0.0070678079143669,-0.0514708467233437
5025,Røros,2017,22,0.0070678079143669,-0.18250935446169925
5025,Røros,2018,25.6,0.0070678079143669,-0.22055284823958837
5025,Røros,2019,25.6,0.0070678079143669,-0.3267788238016386
5025,Røros,2020,25.6,0.0070678079143669,-0.39788870758551353
5025,Røros,2021,25.6,0.0070678079143669,-0.5016297006193987
5025,Røros,2022,197.6,0.0070678079143669,0.05431591512354576
5025,Røros,2023,205,0.0070678079143669,-0.12064380411720126
1856,Røst,2016,0,0.00132930442383045,0.06638979614932872
1856,Røst,2017,0,0.00132930442383045,0.009513056793613361
1856,Røst,2018,0,0.00132930442383045,0.017213796602559284
1856,Røst,2019,0,0.00132930442383045,-0.006627717995322191
1856,Røst,2020,0,0.00132930442383045,-0.04264517085854552
1856,Røst,2021,0,0.00132930442383045,-0.12595284957486286
1856,Røst,2022,0,0.00132930442383045,-0.17983874456239557
1856,Røst,2023,0,0.00132930442383045,-0.2448228602252548
5417,Salangen,2016,0,0.00435756635769863,-0.18652354028730075
5417,Salangen,2017,0,0.00435756635769863,-0.2434002796430161
5417,Salangen,2018,0,0.00435756635769863,-0.2356995398340702
5417,Salangen,2019,0,0.00435756635769863,-0.25954105443195163
5417,Salangen,2020,0,0.00435756635769863,-0.29555850729517497
5417,Salangen,2021,0,0.00435756635769863,-0.37886618601149236
5417,Salangen,2022,0,0.00435756635769863,-0.43275208099902507
5417,Salangen,2023,0,0.00435756635769863,-0.4977361966618843
1840,Saltdal,2016,11,0.00295481495165574,0.11133382502899816
1840,Saltdal,2017,22,0.00295481495165574,0.16099817416575604
1840,Saltdal,2018,22,0.00295481495165574,0.08899378341869871
1840,Saltdal,2019,36.8,0.00295481495165574,0.08634162705807166
1840,Saltdal,2020,36.8,0.00295481495165574,-1.2119525358827987e-4
1840,Saltdal,2021,36.8,0.00295481495165574,-0.11280176330140934
1840,Saltdal,2022,36.8,0.00295481495165574,-0.18273373956105143
1840,Saltdal,2023,36.8,0.00295481495165574,-0.27225587754509367
4623,Samnanger,2016,0,0.00146933974609567,0.054694374370593934
4623,Samnanger,2017,0,0.00146933974609567,-0.002182364985121421
4623,Samnanger,2018,0,0.00146933974609567,0.005518374823824501
4623,Samnanger,2019,0,0.00146933974609567,-0.018323139774056973
4623,Samnanger,2020,22,0.00146933974609567,0.052241518210785653
4623,Samnanger,2021,22,0.00146933974609567,-0.04862603999719156
4623,Samnanger,2022,22,0.00146933974609567,-0.11210470096261571
4623,Samnanger,2023,22,0.00146933974609567,-0.19175828649139953
1514,Sande,2016,0,0.00254809257886997,-0.03540053290148287
1514,Sande,2017,0,0.00254809257886997,-0.09227727225719823
1514,Sande,2018,0,0.00254809257886997,-0.0845765324482523
1514,Sande,2019,0,0.00254809257886997,-0.10841804704613378
1514,Sande,2020,0,0.00254809257886997,-0.1444354999093571
1514,Sande,2021,0,0.00254809257886997,-0.22774317862567445
1514,Sande,2022,0,0.00254809257886997,-0.28162907361320716
1514,Sande,2023,0,0.00254809257886997,-0.3466131892760664
3907,Sandefjord,2016,69.4,0.00974074804257468,0.5039564987431102
3907,Sandefjord,2017,369.4,0.00974074804257468,4.130095981411065
3907,Sandefjord,2018,398.4,0.00974074804257468,3.073049012226753
3907,Sandefjord,2019,398.4,0.00974074804257468,1.7670993238739956
3907,Sandefjord,2020,398.4,0.00974074804257468,1.1849559148081323
3907,Sandefjord,2021,810.9,0.00974074804257468,2.4528216199572817
3907,Sandefjord,2022,810.9,0.00974074804257468,2.045355091721012
3907,Sandefjord,2023,810.9,0.00974074804257468,1.439667652681869
1108,Sandnes,2016,32.8,0.02572936076172787,-1.4326226349337141
1108,Sandnes,2017,76.8,0.02572936076172787,-1.0255799382338289
1108,Sandnes,2018,76.8,0.02572936076172787,-1.2961225632749307
1108,Sandnes,2019,270.8,0.02572936076172787,-0.36132220067090137
1108,Sandnes,2020,431.8,0.02572936076172787,0.011435491385113572
1108,Sandnes,2021,431.8,0.02572936076172787,-0.41652473117205413
1108,Sandnes,2022,431.8,0.02572936076172787,-0.6586904602165662
1108,Sandnes,2023,481.8,0.02572936076172787,-0.8644144537192772
3105,Sarpsborg,2016,57.2,0.01152368641031926,0.15463377086726338
3105,Sarpsborg,2017,60.8,0.01152368641031926,-0.04806001158680251
3105,Sarpsborg,2018,90.2,0.01152368641031926,0.016712056297395916
3105,Sarpsborg,2019,112.2,0.01152368641031926,-0.16066628880842293
3105,Sarpsborg,2020,319.6,0.01152368641031926,0.6542913402470665
3105,Sarpsborg,2021,319.6,0.01152368641031926,0.3158865030973639
3105,Sarpsborg,2022,469.6,0.01152368641031926,0.664208417211789
3105,Sarpsborg,2023,469.6,0.01152368641031926,0.2860977993199215
1135,Sauda,2016,50,0.0022452648221731,0.8112675534657767
1135,Sauda,2017,50,0.0022452648221731,0.5858413405131517
1135,Sauda,2018,50,0.0022452648221731,0.4123940563311812
1135,Sauda,2019,50,0.0022452648221731,0.22764539141265766
1135,Sauda,2020,72,0.0022452648221731,0.2296701452556027
1135,Sauda,2021,72,0.0022452648221731,0.08889377002112592
1135,Sauda,2022,72,0.0022452648221731,0.0036133681968574805
1135,Sauda,2023,72,0.0022452648221731,-0.10937992157266407
3437,Sel,2016,0,0.00675583956970424,-0.38682169579069264
3437,Sel,2017,11,0.00675583956970424,-0.30007646246261466
3437,Sel,2018,11,0.00675583956970424,-0.33222828793167036
3437,Sel,2019,11,0.00675583956970424,-0.3914693756000931
3437,Sel,2020,11,0.00675583956970424,-0.44256560737453393
3437,Sel,2021,25.8,0.00675583956970424,-0.4747655429241898
3437,Sel,2022,40.6,0.00675583956970424,-0.48646676857661264
3437,Sel,2023,40.6,0.00675583956970424,-0.5785227240829509
5032,Selbu,2016,0,0.00270160133440796,-0.04822122423638181
5032,Selbu,2017,0,0.00270160133440796,-0.10509796359209717
5032,Selbu,2018,0,0.00270160133440796,-0.09739722378315124
5032,Selbu,2019,7.4,0.00270160133440796,-0.07524448619186425
5032,Selbu,2020,7.4,0.00270160133440796,-0.12140584486808842
5032,Selbu,2021,29.4,0.00270160133440796,-0.12159779714792157
5032,Selbu,2022,29.4,0.00270160133440796,-0.18830311576045466
5032,Selbu,2023,29.4,0.00270160133440796,-0.2728909775168677
4022,Seljord,2016,25.6,0.00219625809424585,0.4145286888636848
4022,Seljord,2017,25.6,0.00219625809424585,0.2713546190263518
4022,Seljord,2018,25.6,0.00219625809424585,0.18630757055194844
4022,Seljord,2019,33,0.00219625809424585,0.1260758471790667
4022,Seljord,2020,33,0.00219625809424585,0.04482205758219093
4022,Seljord,2021,233,0.00219625809424585,0.7444675719593488
4022,Seljord,2022,233,0.00219625809424585,0.5889855645696016
4022,Seljord,2023,433,0.00219625809424585,0.9573656590775417
5421,Senja,2016,22,0.0108083821371362,-0.3638748353905331
5421,Senja,2017,22,0.0108083821371362,-0.4949133431288887
5421,Senja,2018,36.8,0.0108083821371362,-0.427300713002699
5421,Senja,2019,36.8,0.0108083821371362,-0.569569890236573
5421,Senja,2020,77.2,0.0108083821371362,-0.4603091998999664
5421,Senja,2021,77.2,0.0108083821371362,-0.6052360921051991
5421,Senja,2022,84.6,0.0108083821371362,-0.6660666911696507
5421,Senja,2023,99.4,0.0108083821371362,-0.7438957712448229
3332,Sigdal,2016,0,0.00206948254315874,0.00457185509771546
3332,Sigdal,2017,0,0.00206948254315874,-0.052304884257999895
3332,Sigdal,2018,0,0.00206948254315874,-0.04460414444905397
3332,Sigdal,2019,0,0.00206948254315874,-0.06844565904693545
3332,Sigdal,2020,0,0.00206948254315874,-0.10446311191015878
3332,Sigdal,2021,0,0.00206948254315874,-0.18777079062647611
3332,Sigdal,2022,0,0.00206948254315874,-0.24165668561400883
3332,Sigdal,2023,50,0.00206948254315874,-0.15945899329370888
4010,Siljan,2016,0,0.0014339786880784,0.057647647026124516
4010,Siljan,2017,0,0.0014339786880784,7.7090767040916e-4
4010,Siljan,2018,0,0.0014339786880784,0.008471647479355082
4010,Siljan,2019,0,0.0014339786880784,-0.015369867118526392
4010,Siljan,2020,0,0.0014339786880784,-0.051387319981749724
4010,Siljan,2021,0,0.0014339786880784,-0.13469499869806706
4010,Siljan,2022,0,0.0014339786880784,-0.18858089368559977
4010,Siljan,2023,0,0.0014339786880784,-0.253565009348459
4228,Sirdal,2016,0,0.00223422798505344,-0.009187297935355443
4228,Sirdal,2017,400,0.00223422798505344,5.156553151210504
4228,Sirdal,2018,400,0.00223422798505344,3.7150696990921186
4228,Sirdal,2019,400,0.00223422798505344,2.403970981929101
4228,Sirdal,2020,400,0.00223422798505344,1.8196342959306966
4228,Sirdal,2021,400,0.00223422798505344,1.4170560810023827
4228,Sirdal,2022,400,0.00223422798505344,1.1887562591440957
4228,Sirdal,2023,600,0.00223422798505344,1.4457817414879717
5029,Skaun,2016,0,0.00195002560974273,0.014548618089330001
5029,Skaun,2017,0,0.00195002560974273,-0.042328121266385355
5029,Skaun,2018,0,0.00195002560974273,-0.03462738145743943
5029,Skaun,2019,0,0.00195002560974273,-0.05846889605532091
5029,Skaun,2020,0,0.00195002560974273,-0.09448634891854424
5029,Skaun,2021,0,0.00195002560974273,-0.17779402763486157
5029,Skaun,2022,150,0.00195002560974273,0.30988461404929646
5029,Skaun,2023,150,0.00195002560974273,0.14488138566422415
4003,Skien,2016,62.4,0.00563986253117106,0.7314601143230132
4003,Skien,2017,62.4,0.00563986253117106,0.4642336319183546
4003,Skien,2018,69.8,0.00563986253117106,0.3156701482232602
4003,Skien,2019,219.8,0.00563986253117106,0.9995181745311776
4003,Skien,2020,219.8,0.00563986253117106,0.6621993030601726
4003,Skien,2021,227.2,0.00563986253117106,0.4333963061516087
4003,Skien,2022,227.2,0.00563986253117106,0.2804433007014875
4003,Skien,2023,427.2,0.00563986253117106,0.6526908009013531
3116,Skiptvet,2016,0,0.00148500503046259,0.053386046550217614
3116,Skiptvet,2017,0,0.00148500503046259,-0.0034906928054977415
3116,Skiptvet,2018,0,0.00148500503046259,0.004210047003448181
3116,Skiptvet,2019,0,0.00148500503046259,-0.019631467594433294
3116,Skiptvet,2020,0,0.00148500503046259,-0.055648920457656625
3116,Skiptvet,2021,0,0.00148500503046259,-0.13895659917397396
3116,Skiptvet,2022,0,0.00148500503046259,-0.19284249416150667
3116,Skiptvet,2023,0,0.00148500503046259,-0.2578266098243659
5427,Skjervøy,2016,0,0.00302440669912047,-0.07518117142456907
5427,Skjervøy,2017,0,0.00302440669912047,-0.13205791078028442
5427,Skjervøy,2018,0,0.00302440669912047,-0.1243571709713385
5427,Skjervøy,2019,0,0.00302440669912047,-0.14819868556921997
5427,Skjervøy,2020,0,0.00302440669912047,-0.1842161384324433
5427,Skjervøy,2021,0,0.00302440669912047,-0.2675238171487606
5427,Skjervøy,2022,0,0.00302440669912047,-0.3214097121362933
5427,Skjervøy,2023,62.5,0.00302440669912047,-0.2024165678202036
3433,Skjåk,2016,0,0.00258125840874883,-0.03817046524998269
3433,Skjåk,2017,50,0.00258125840874883,0.5577799439569988
3433,Skjåk,2018,50,0.00258125840874883,0.38433265977502834
3433,Skjåk,2019,50,0.00258125840874883,0.1995839948565048
3433,Skjåk,2020,50,0.00258125840874883,0.09502663785138388
3433,Skjåk,2021,79.4,0.00258125840874883,0.09077621492121879
3433,Skjåk,2022,101.4,0.00258125840874883,0.08169862082835602
3433,Skjåk,2023,101.4,0.00258125840874883,-0.05089841503471931
1573,Smøla,2016,0,0.00218785397086557,-0.005314249002222937
1573,Smøla,2017,0,0.00218785397086557,-0.06219098835793829
1573,Smøla,2018,0,0.00218785397086557,-0.05449024854899237
1573,Smøla,2019,0,0.00218785397086557,-0.07833176314687385
1573,Smøla,2020,0,0.00218785397086557,-0.11434921601009718
1573,Smøla,2021,0,0.00218785397086557,-0.1976568947264145
1573,Smøla,2022,44,0.00218785397086557,-0.09268385895691794
1573,Smøla,2023,44,0.00218785397086557,-0.18700691435162636
5041,Snåase - Snåsa,2016,0,0.00229012006651067,-0.013855273530081924
5041,Snåase - Snåsa,2017,0,0.00229012006651067,-0.07073201288579728
5041,Snåase - Snåsa,2018,0,0.00229012006651067,-0.06303127307685136
5041,Snåase - Snåsa,2019,0,0.00229012006651067,-0.08687278767473283
5041,Snåase - Snåsa,2020,0,0.00229012006651067,-0.12289024053795616
5041,Snåase - Snåsa,2021,18.4,0.00229012006651067,-0.13174296211982472
5041,Snåase - Snåsa,2022,18.4,0.00229012006651067,-0.19365189774341213
5041,Snåase - Snåsa,2023,40.4,0.00229012006651067,-0.20614502905427284
4640,Sogndal,2016,0,0.01189380782815996,-0.8159327578881698
4640,Sogndal,2017,22,0.01189380782815996,-0.5855655518762984
4640,Sogndal,2018,22,0.01189380782815996,-0.6575699426233558
4640,Sogndal,2019,22,0.01189380782815996,-0.7522106033623197
4640,Sogndal,2020,22,0.01189380782815996,-0.818385614047978
4640,Sogndal,2021,369.8,0.01189380782815996,0.4881073761875928
4640,Sogndal,2022,432.3,0.01189380782815996,0.4986276960879189
4640,Sogndal,2023,487.3,0.01189380782815996,0.3072884863411165
1111,Sokndal,2016,0,0.00173702318644525,0.032338081062382784
1111,Sokndal,2017,0,0.00173702318644525,-0.02453865829333257
1111,Sokndal,2018,0,0.00173702318644525,-0.01683791848438665
1111,Sokndal,2019,0,0.00173702318644525,-0.040679433082268124
1111,Sokndal,2020,0,0.00173702318644525,-0.07669688594549146
1111,Sokndal,2021,0,0.00173702318644525,-0.1600045646618088
1111,Sokndal,2022,22,0.00173702318644525,-0.13446099427082686
1111,Sokndal,2023,22,0.00173702318644525,-0.21411457979961068
1124,Sola,2016,22,0.03089701268688935,-2.041630157662478
1124,Sola,2017,44,0.03089701268688935,-1.8854247200332468
1124,Sola,2018,44,0.03089701268688935,-2.0371342413363074
1124,Sola,2019,44,0.03089701268688935,-2.202574048216354
1124,Sola,2020,224,0.03089701268688935,-1.42687116433118
1124,Sola,2021,224,0.03089701268688935,-1.6889703433262155
1124,Sola,2022,224,0.03089701268688935,-1.8405280373613708
1124,Sola,2023,246,0.03089701268688935,-1.9901140325101447
4636,Solund,2016,0,0.00137335620167088,0.06271069495105264
4636,Solund,2017,0,0.00137335620167088,0.005833955595337281
4636,Solund,2018,0,0.00137335620167088,0.013534695404283204
4636,Solund,2019,0,0.00137335620167088,-0.010306819193598271
4636,Solund,2020,22,0.00137335620167088,0.060257838791244356
4636,Solund,2021,22,0.00137335620167088,-0.04060971941673286
4636,Solund,2022,22,0.00137335620167088,-0.10408838038215701
4636,Solund,2023,22,0.00137335620167088,-0.18374196591094083
1870,Sortland,2016,0,0.01072545966982885,-0.7183550590972121
1870,Sortland,2017,0,0.01072545966982885,-0.7752317984529273
1870,Sortland,2018,0,0.01072545966982885,-0.7675310586439814
1870,Sortland,2019,44,0.01072545966982885,-0.5178932359008612
1870,Sortland,2020,44,0.01072545966982885,-0.6142258044089544
1870,Sortland,2021,66,0.01072545966982885,-0.6436310107521852
1870,Sortland,2022,273.4,0.01072545966982885,0.022508029031331978
1870,Sortland,2023,295.4,0.01072545966982885,-0.1600175939072909
4649,Stad,2016,14.4,0.00422645553410515,0.06098299546935633
4649,Stad,2017,18,0.00422645553410515,0.002567562414245189
4649,Stad,2018,21.6,0.00422645553410515,-0.02098408944437058
4649,Stad,2019,421.6,0.00422645553410515,2.3718383010283377
4649,Stad,2020,421.6,0.00422645553410515,1.7578923764406338
4649,Stad,2021,429,0.00422645553410515,1.368017394013118
4649,Stad,2022,429,0.00422645553410515,1.1270725624567008
4649,Stad,2023,429,0.00422645553410515,0.7760337844083123
3413,Stange,2016,0,0.00582980577012025,-0.30948152409467616
3413,Stange,2017,150,0.00582980577012025,1.592123182237699
3413,Stange,2018,150,0.00582980577012025,1.0563798500738957
3413,Stange,2019,172,0.00582980577012025,0.686556553184589
3413,Stange,2020,172,0.00582980577012025,0.41476183007323797
3413,Stange,2021,172,0.00582980577012025,0.19416782078576206
3413,Stange,2022,183,0.00582980577012025,0.1049986699330623
3413,Stange,2023,495.5,0.00582980577012025,0.8378775366438485
1103,Stavanger,2016,46.8,0.05882594749110101,-3.9667865037361683
1103,Stavanger,2017,46.8,0.05882594749110101,-4.181425550378591
1103,Stavanger,2018,286.6,0.05882594749110101,-2.0811062795788837
1103,Stavanger,2019,716.8,0.05882594749110101,-0.3533855133578916
1103,Stavanger,2020,1024.2,0.05882594749110101,0.11725173503225506
1103,Stavanger,2021,1160.1,0.05882594749110101,-0.23363354977598938
1103,Stavanger,2022,1182.1,0.05882594749110101,-0.7139339707919135
1103,Stavanger,2023,1482.1,0.05882594749110101,-0.6840445262153381
1848,Steigen,2016,0,0.00172913010806395,0.03299729246211147
1848,Steigen,2017,0,0.00172913010806395,-0.023879446893603884
1848,Steigen,2018,0,0.00172913010806395,-0.01617870708465796
1848,Steigen,2019,0,0.00172913010806395,-0.040020221682539436
1848,Steigen,2020,0,0.00172913010806395,-0.07603767454576277
1848,Steigen,2021,0,0.00172913010806395,-0.1593453532620801
1848,Steigen,2022,0,0.00172913010806395,-0.21323124824961281
1848,Steigen,2023,72,0.00172913010806395,-0.06627356041672278
5006,Steinkjer,2016,18.4,0.00913768706486773,-0.2834814169816088
5006,Steinkjer,2017,18.4,0.00913768706486773,-0.40238436262098687
5006,Steinkjer,2018,18.4,0.00913768706486773,-0.4613460956406982
5006,Steinkjer,2019,18.4,0.00913768706486773,-0.5444014415565759
5006,Steinkjer,2020,33.2,0.00913768706486773,-0.5339408863916824
5006,Steinkjer,2021,66.2,0.00913768706486773,-0.5102146725789862
5006,Steinkjer,2022,366.7,0.00913768706486773,0.49196821600199175
5006,Steinkjer,2023,366.7,0.00913768706486773,0.18247070943756227
5035,Stjørdal,2016,11,0.01034679360380456,-0.5060269002353567
5035,Stjørdal,2017,61,0.01034679360380456,0.05284262478030477
5035,Stjørdal,2018,83,0.01034679360380456,0.047081590131915985
5035,Stjørdal,2019,90.4,0.01034679360380456,-0.19787154180906283
5035,Stjørdal,2020,90.4,0.01034679360380456,-0.35780914136083697
5035,Stjørdal,2021,152.9,0.01034679360380456,-0.26036789490763906
5035,Stjørdal,2022,152.9,0.01034679360380456,-0.3809235134415176
5035,Stjørdal,2023,240.9,0.01034679360380456,-0.28882046262219246
3423,Stor-Elvdal,2016,22,0.00245960872550008,0.3333951448166107
3423,Stor-Elvdal,2017,22,0.00245960872550008,0.20235663707825516
3423,Stor-Elvdal,2018,22,0.00245960872550008,0.13035224633119782
3423,Stor-Elvdal,2019,22,0.00245960872550008,0.03571158559223386
3423,Stor-Elvdal,2020,22,0.00245960872550008,-0.030463425093424423
3423,Stor-Elvdal,2021,44,0.00245960872550008,-0.04230875194499545
3423,Stor-Elvdal,2022,44,0.00245960872550008,-0.11538017888831115
3423,Stor-Elvdal,2023,44,0.00245960872550008,-0.20970323428301957
4614,Stord,2016,50,0.00769981099164329,0.35571664651163826
4614,Stord,2017,119.9,0.00769981099164329,1.0429427872496637
4614,Stord,2018,141.9,0.00769981099164329,0.8237893803399752
4614,Stord,2019,141.9,0.00769981099164329,0.3432933731321115
4614,Stord,2020,191.9,0.00769981099164329,0.3549917424234237
4614,Stord,2021,202.9,0.00769981099164329,0.16302513963760398
4614,Stord,2022,202.9,0.00769981099164329,0.02066778024488114
4614,Stord,2023,202.9,0.00769981099164329,-0.17960885522689168
5425,Storfjord - Omasvuotna - Omasvuono,2016,0,0.00282726651233262,-0.058716485253063666
5425,Storfjord - Omasvuotna - Omasvuono,2017,0,0.00282726651233262,-0.11559322460877902
5425,Storfjord - Omasvuotna - Omasvuono,2018,0,0.00282726651233262,-0.1078924847998331
5425,Storfjord - Omasvuotna - Omasvuono,2019,0,0.00282726651233262,-0.13173399939771457
5425,Storfjord - Omasvuotna - Omasvuono,2020,0,0.00282726651233262,-0.1677514522609379
5425,Storfjord - Omasvuotna - Omasvuono,2021,22,0.00282726651233262,-0.16203689962084916
5425,Storfjord - Omasvuotna - Omasvuono,2022,22,0.00282726651233262,-0.2255155605862733
5425,Storfjord - Omasvuotna - Omasvuono,2023,22,0.00282726651233262,-0.30516914611505713
1130,Strand,2016,0,0.00252740556164222,-0.03367280172688497
1130,Strand,2017,0,0.00252740556164222,-0.09054954108260033
1130,Strand,2018,0,0.00252740556164222,-0.0828488012736544
1130,Strand,2019,22,0.00252740556164222,0.030049352798965034
1130,Strand,2020,22,0.00252740556164222,-0.03612565788669325
1130,Strand,2021,44,0.00252740556164222,-0.04797098473826428
1130,Strand,2022,244,0.00252740556164222,0.6010436372140078
1130,Strand,2023,244,0.00252740556164222,0.37336176485634853
1525,Stranda,2016,36.6,0.00345102417250998,0.4904364248966855
1525,Stranda,2017,36.6,0.00345102417250998,0.31018147086803227
1525,Stranda,2018,36.6,0.00345102417250998,0.18528185711562734
1525,Stranda,2019,36.6,0.00345102417250998,0.043656308483035866
1525,Stranda,2020,99.1,0.00345102417250998,0.2602577334244945
1525,Stranda,2021,99.1,0.00345102417250998,0.09785077936165495
1525,Stranda,2022,99.1,0.00345102417250998,7.538339918928827e-4
1525,Stranda,2023,106.5,0.00345102417250998,-0.10852666789460091
4651,Stryn,2016,22,0.00311293338280926,0.27883100126997956
4651,Stryn,2017,122,0.00311293338280926,1.4534467906570177
4651,Stryn,2018,122,0.00311293338280926,1.0191463519281276
4651,Stryn,2019,122,0.00311293338280926,0.6026913905478795
4651,Stryn,2020,129.4,0.00311293338280926,0.4352869179545937
4651,Stryn,2021,180.8,0.00311293338280926,0.45668352494275344
4651,Stryn,2022,380.8,0.00311293338280926,1.0460485839052274
4651,Stryn,2023,380.8,0.00311293338280926,0.7271492807449099
1531,Sula,2016,0,0.00347245996630115,-0.11260152976168608
1531,Sula,2017,0,0.00347245996630115,-0.16947826911740144
1531,Sula,2018,0,0.00347245996630115,-0.16177752930845551
1531,Sula,2019,0,0.00347245996630115,-0.185619043906337
1531,Sula,2020,0,0.00347245996630115,-0.22163649676956032
1531,Sula,2021,22,0.00347245996630115,-0.21592194412947158
1531,Sula,2022,22,0.00347245996630115,-0.2794006050948957
1531,Sula,2023,22,0.00347245996630115,-0.35905419062367955
1134,Suldal,2016,0,0.00338777693513514,-0.10552900155260714
1134,Suldal,2017,7.4,0.00338777693513514,-0.06578732292104339
1134,Suldal,2018,14.8,0.00338777693513514,-0.015087980226129533
1134,Suldal,2019,14.8,0.00338777693513514,-0.0865580113189211
1134,Suldal,2020,14.8,0.00338777693513514,-0.14286327580814612
1134,Suldal,2021,222.2,0.00338777693513514,0.6012528894229032
1134,Suldal,2022,222.2,0.00338777693513514,0.4504800580586664
1134,Suldal,2023,266.2,0.00338777693513514,0.36685428777514906
1563,Sunndal,2016,50,0.00446867897756214,0.6255732163839202
1563,Sunndal,2017,100,0.00446867897756214,1.0529741519939921
1563,Sunndal,2018,100,0.00446867897756214,0.6983788438211049
1563,Sunndal,2019,100,0.00446867897756214,0.35272302858193944
1563,Sunndal,2020,100,0.00446867897756214,0.17962576743492092
1563,Sunndal,2021,100,0.00446867897756214,0.01650045466560443
1563,Sunndal,2022,300,0.00446867897756214,0.6410971268559708
1563,Sunndal,2023,300,0.00446867897756214,0.37607478574868547
4647,Sunnfjord,2016,0,0.01162188193610839,-0.7932221449609648
4647,Sunnfjord,2017,72,0.01162188193610839,0.08997220961360342
4647,Sunnfjord,2018,72,0.01162188193610839,-0.16318020512437037
4647,Sunnfjord,2019,72,0.01162188193610839,-0.4187280161839764
4647,Sunnfjord,2020,94,0.01162188193610839,-0.4468608201634663
4647,Sunnfjord,2021,160.2,0.01162188193610839,-0.33732108780805353
4647,Sunnfjord,2022,563.8,0.01162188193610839,0.9961098861639724
4647,Sunnfjord,2023,571.2,0.01162188193610839,0.576970173064063
1566,Surnadal,2016,0,0.00469582122590248,-0.2147737937830712
1566,Surnadal,2017,0,0.00469582122590248,-0.27165053313878657
1566,Surnadal,2018,0,0.00469582122590248,-0.26394979332984064
1566,Surnadal,2019,0,0.00469582122590248,-0.2877913079277221
1566,Surnadal,2020,0,0.00469582122590248,-0.32380876079094545
1566,Surnadal,2021,222,0.00469582122590248,0.49119880418010825
1566,Surnadal,2022,244,0.00469582122590248,0.4199426451578215
1566,Surnadal,2023,244,0.00469582122590248,0.1922607728001623
4612,Sveio,2016,0,0.00205257073237629,0.0059842898816216405
4612,Sveio,2017,0,0.00205257073237629,-0.050892449474093715
4612,Sveio,2018,0,0.00205257073237629,-0.04319170966514779
4612,Sveio,2019,0,0.00205257073237629,-0.06703322426302927
4612,Sveio,2020,0,0.00205257073237629,-0.1030506771262526
4612,Sveio,2021,0,0.00205257073237629,-0.18635835584256993
4612,Sveio,2022,0,0.00205257073237629,-0.24024425083010265
4612,Sveio,2023,0,0.00205257073237629,-0.30522836649296187
1528,Sykkylven,2016,0,0.00298571157374737,-0.07194944528077293
1528,Sykkylven,2017,0,0.00298571157374737,-0.1288261846364883
1528,Sykkylven,2018,0,0.00298571157374737,-0.12112544482754237
1528,Sykkylven,2019,0,0.00298571157374737,-0.14496695942542384
1528,Sykkylven,2020,0,0.00298571157374737,-0.18098441228864717
1528,Sykkylven,2021,350,0.00298571157374737,1.151970680574224
1528,Sykkylven,2022,350,0.00298571157374737,0.9454725995747812
1528,Sykkylven,2023,372,0.00298571157374737,0.7118705497393483
1812,Sømna,2016,0,0.00300557967011212,-0.07360878210499366
1812,Sømna,2017,0,0.00300557967011212,-0.13048552146070902
1812,Sømna,2018,0,0.00300557967011212,-0.1227847816517631
1812,Sømna,2019,0,0.00300557967011212,-0.14662629624964457
1812,Sømna,2020,0,0.00300557967011212,-0.1826437491128679
1812,Sømna,2021,0,0.00300557967011212,-0.26595142782918524
1812,Sømna,2022,0,0.00300557967011212,-0.31983732281671795
1812,Sømna,2023,0,0.00300557967011212,-0.38482143847957717
3447,Søndre Land,2016,3.6,0.00231489783862409,0.04321446183423783
3447,Søndre Land,2017,3.6,0.00231489783862409,-0.02579783962045501
3447,Søndre Land,2018,3.6,0.00231489783862409,-0.031139757538855062
3447,Søndre Land,2019,3.6,0.00231489783862409,-0.06656658695982276
3447,Søndre Land,2020,3.6,0.00231489783862409,-0.10751891292126275
3447,Søndre Land,2021,3.6,0.00231489783862409,-0.1937000264634881
3447,Søndre Land,2022,3.6,0.00231489783862409,-0.2491556467928575
3447,Søndre Land,2023,14.6,0.00231489783862409,-0.2841602234047549
3449,Sør-Aurdal,2016,0,0.00290433050699723,-0.06515268939768493
3449,Sør-Aurdal,2017,0,0.00290433050699723,-0.12202942875340028
3449,Sør-Aurdal,2018,0,0.00290433050699723,-0.11432868894445436
3449,Sør-Aurdal,2019,0,0.00290433050699723,-0.13817020354233583
3449,Sør-Aurdal,2020,0,0.00290433050699723,-0.17418765640555917
3449,Sør-Aurdal,2021,150,0.00290433050699723,0.34947442412634716
3449,Sør-Aurdal,2022,150,0.00290433050699723,0.23018330656228156
3449,Sør-Aurdal,2023,150,0.00290433050699723,0.06518007817720922
3438,Sør-Fron,2016,0,0.00296707756488511,-0.07039317655123012
3438,Sør-Fron,2017,7.4,0.00296707756488511,-0.03065149791966637
3438,Sør-Fron,2018,7.4,0.00296707756488511,-0.04976066566137605
3438,Sør-Fron,2019,14.8,0.00296707756488511,-0.05142218631754408
3438,Sør-Fron,2020,14.8,0.00296707756488511,-0.1077274508067691
3438,Sør-Fron,2021,14.8,0.00296707756488511,-0.20284813936293034
3438,Sør-Fron,2022,14.8,0.00296707756488511,-0.2631873496446808
3438,Sør-Fron,2023,22.200000000000003,0.00296707756488511,-0.3162571101812909
3415,Sør-Odal,2016,0,0.00325744683924509,-0.09464413752515699
3415,Sør-Odal,2017,0,0.00325744683924509,-0.15152087688087235
3415,Sør-Odal,2018,0,0.00325744683924509,-0.14382013707192642
3415,Sør-Odal,2019,0,0.00325744683924509,-0.1676616516698079
3415,Sør-Odal,2020,0,0.00325744683924509,-0.20367910453303123
3415,Sør-Odal,2021,0,0.00325744683924509,-0.28698678324934856
3415,Sør-Odal,2022,0,0.00325744683924509,-0.3408726782368813
3415,Sør-Odal,2023,0,0.00325744683924509,-0.4058567938997405
5444,Sør-Varanger,2016,0,0.00559683117471061,-0.2900240321350025
5444,Sør-Varanger,2017,0,0.00559683117471061,-0.34690077149071785
5444,Sør-Varanger,2018,7.4,0.00559683117471061,-0.2693915212451484
5444,Sør-Varanger,2019,57.4,0.00559683117471061,-0.006275319839346531
5444,Sør-Varanger,2020,57.4,0.00559683117471061,-0.12097658265746827
5444,Sør-Varanger,2021,57.4,0.00559683117471061,-0.25009958332020715
5444,Sør-Varanger,2022,64.8,0.00559683117471061,-0.30229669300455636
5444,Sør-Varanger,2023,86.8,0.00559683117471061,-0.3457290698508217
1845,Sørfold,2016,0,0.00274726480896468,-0.05203493056550279
1845,Sørfold,2017,50,0.00274726480896468,0.5439154786414788
1845,Sørfold,2018,50,0.00274726480896468,0.37046819445950824
1845,Sørfold,2019,50,0.00274726480896468,0.1857195295409847
1845,Sørfold,2020,50,0.00274726480896468,0.08116217253586377
1845,Sørfold,2021,50,0.00274726480896468,-0.04205432320695318
1845,Sørfold,2022,50,0.00274726480896468,-0.11774195905333013
1845,Sørfold,2023,50,0.00274726480896468,-0.21606577895692713
5419,Sørreisa,2016,0,0.0031550534929877,-0.08609248532452046
5419,Sørreisa,2017,0,0.0031550534929877,-0.14296922468023582
5419,Sørreisa,2018,7.4,0.0031550534929877,-0.06545997443466639
5419,Sørreisa,2019,7.4,0.0031550534929877,-0.1131157472800029
5419,Sørreisa,2020,7.4,0.0031550534929877,-0.15927710595622707
5419,Sørreisa,2021,7.4,0.0031550534929877,-0.24849128959246636
5419,Sørreisa,2022,7.4,0.0031550534929877,-0.30560384222710796
5419,Sørreisa,2023,7.4,0.0031550534929877,-0.3755222341175964
1121,Time,2016,0,0.00505080775193209,-0.24442143611020467
1121,Time,2017,0,0.00505080775193209,-0.30129817546592
1121,Time,2018,50,0.00505080775193209,0.17808168891480636
1121,Time,2019,50,0.00505080775193209,-0.006666976003717184
1121,Time,2020,50,0.00505080775193209,-0.11122433300883809
1121,Time,2021,50,0.00505080775193209,-0.23444082875165506
1121,Time,2022,50,0.00505080775193209,-0.310128464598032
1121,Time,2023,50,0.00505080775193209,-0.408452284501629
1560,Tingvoll,2016,50,0.00195308536223912,0.8356696968945532
1560,Tingvoll,2017,72,0.00195308536223912,0.8974874293095148
1560,Tingvoll,2018,72,0.00195308536223912,0.644335014571541
1560,Tingvoll,2019,72,0.00195308536223912,0.38878720351193496
1560,Tingvoll,2020,72,0.00195308536223912,0.25407228868437914
1560,Tingvoll,2021,72,0.00195308536223912,0.11329591344990236
1560,Tingvoll,2022,72,0.00195308536223912,0.028015511625633926
1560,Tingvoll,2023,72,0.00195308536223912,-0.08497777814388763
4026,Tinn,2016,0,0.00407881568731823,-0.16324293787593652
4026,Tinn,2017,11,0.00407881568731823,-0.07649770454785856
4026,Tinn,2018,11,0.00407881568731823,-0.10864953001691424
4026,Tinn,2019,11,0.00407881568731823,-0.16789061768533697
4026,Tinn,2020,25.8,0.00407881568731823,-0.14728615670744255
4026,Tinn,2021,47.8,0.00407881568731823,-0.1621645536530275
4026,Tinn,2022,477.2,0.00407881568731823,1.3134258340772114
4026,Tinn,2023,657.2,0.00407881568731823,1.4601020898801251
5412,Tjeldsund,2016,0,0.00381836854226829,-0.14149100298441455
5412,Tjeldsund,2017,0,0.00381836854226829,-0.1983677423401299
5412,Tjeldsund,2018,0,0.00381836854226829,-0.190667002531184
5412,Tjeldsund,2019,0,0.00381836854226829,-0.21450851712906546
5412,Tjeldsund,2020,0,0.00381836854226829,-0.2505259699922888
5412,Tjeldsund,2021,0,0.00381836854226829,-0.3338336487086061
5412,Tjeldsund,2022,0,0.00381836854226829,-0.3877195436961388
5412,Tjeldsund,2023,0,0.00381836854226829,-0.45270365935899803
4034,Tokke,2016,0,0.00338718924498416,-0.10547991904913778
4034,Tokke,2017,0,0.00338718924498416,-0.16235665840485314
4034,Tokke,2018,0,0.00338718924498416,-0.15465591859590722
4034,Tokke,2019,3.6,0.00338718924498416,-0.1561218510477067
4034,Tokke,2020,3.6,0.00338718924498416,-0.1970741770091467
4034,Tokke,2021,25.6,0.00338718924498416,-0.19423305919496592
4034,Tokke,2022,25.6,0.00338718924498416,-0.25928144550222687
4034,Tokke,2023,25.6,0.00338718924498416,-0.34133548973634387
3426,Tolga,2016,0,0.00336990386455132,-0.10403628460392919
3426,Tolga,2017,0,0.00336990386455132,-0.16091302395964455
3426,Tolga,2018,0,0.00336990386455132,-0.15321228415069862
3426,Tolga,2019,0,0.00336990386455132,-0.1770537987485801
3426,Tolga,2020,0,0.00336990386455132,-0.21307125161180343
3426,Tolga,2021,0,0.00336990386455132,-0.2963789303281208
3426,Tolga,2022,0,0.00336990386455132,-0.3502648253156535
3426,Tolga,2023,0,0.00336990386455132,-0.4152489409785127
5401,Tromsø,2016,18.4,0.04109817231296525,-2.952746208057599
5401,Tromsø,2017,18.4,0.04109817231296525,-3.071649153696977
5401,Tromsø,2018,40.4,0.04109817231296525,-2.9230720719051053
5401,Tromsø,2019,291.8,0.04109817231296525,-1.5143650774273416
5401,Tromsø,2020,313.8,0.04109817231296525,-1.8437993000146133
5401,Tromsø,2021,463.8,0.04109817231296525,-1.5706049551410184
5401,Tromsø,2022,474.8,0.04109817231296525,-1.7870090656459334
5401,Tromsø,2023,718.8,0.04109817231296525,-1.4503397898210209
5001,Trondheim,2016,136.6,0.06144498483863785,-2.7103299488210553
5001,Trondheim,2017,144,0.06144498483863785,-3.131065432056249
5001,Trondheim,2018,344,0.06144498483863785,-1.7583545030540209
5001,Trondheim,2019,369.6,0.06144498483863785,-2.7301219610413368
5001,Trondheim,2020,563.6,0.06144498483863785,-2.3329259532976128
5001,Trondheim,2021,951.8,0.06144498483863785,-1.2952480806022302
5001,Trondheim,2022,973.8,0.06144498483863785,-1.6847224492002089
5001,Trondheim,2023,1173.8,0.06144498483863785,-1.8103034127230382
3421,Trysil,2016,11,0.00302594536158139,0.10539317996946665
3421,Trysil,2017,11,0.00302594536158139,0.011435556422431187
3421,Trysil,2018,11,0.00302594536158139,-0.02071626904662449
3421,Trysil,2019,11,0.00302594536158139,-0.07995735671504722
3421,Trysil,2020,11,0.00302594536158139,-0.13105358848948806
3421,Trysil,2021,51.4,0.00302594536158139,-0.0596640184607804
3421,Trysil,2022,73.4,0.00302594536158139,-0.056532637672690345
3421,Trysil,2023,469.4,0.00302594536158139,0.9952204800656685
1835,Træna,2016,0,0.00129773302107904,0.06902656568255205
1835,Træna,2017,0,0.00129773302107904,0.012149826326836699
1835,Træna,2018,0,0.00129773302107904,0.01985056613578262
1835,Træna,2019,0,0.00129773302107904,-0.003990948462098853
1835,Træna,2020,0,0.00129773302107904,-0.040008401325322185
1835,Træna,2021,0,0.00129773302107904,-0.12331608004163952
1835,Træna,2022,0,0.00129773302107904,-0.17720197502917223
1835,Træna,2023,0,0.00129773302107904,-0.24218609069203145
4213,Tvedestrand,2016,0,0.0040926075299568,-0.16439480023576683
4213,Tvedestrand,2017,0,0.0040926075299568,-0.22127153959148219
4213,Tvedestrand,2018,0,0.0040926075299568,-0.21357079978253626
4213,Tvedestrand,2019,0,0.0040926075299568,-0.23741231438041774
4213,Tvedestrand,2020,0,0.0040926075299568,-0.2734297672436411
4213,Tvedestrand,2021,11,0.0040926075299568,-0.3122263302817554
4213,Tvedestrand,2022,33,0.0040926075299568,-0.2914791428797191
4213,Tvedestrand,2023,33,0.0040926075299568,-0.3784674633414653
5033,Tydal,2016,0,0.00148340141040015,0.05351997713786999
5033,Tydal,2017,0,0.00148340141040015,-0.003356762217845366
5033,Tydal,2018,0,0.00148340141040015,0.004343977591100556
5033,Tydal,2019,11,0.00148340141040015,0.04887229732846954
5033,Tydal,2020,11,0.00148340141040015,-0.0022239344459712984
5033,Tydal,2021,11,0.00148340141040015,-0.09431155290811855
5033,Tydal,2022,11,0.00148340141040015,-0.152993830884597
5033,Tydal,2023,191,0.00148340141040015,0.30454182725895473
3427,Tynset,2016,0,0.01050642079126831,-0.7000614455340943
3427,Tynset,2017,0,0.01050642079126831,-0.7569381848898098
3427,Tynset,2018,0,0.01050642079126831,-0.7492374450808639
3427,Tynset,2019,0,0.01050642079126831,-0.7730789596787453
3427,Tynset,2020,0,0.01050642079126831,-0.8090964125419686
3427,Tynset,2021,22,0.01050642079126831,-0.8033818599018798
3427,Tynset,2022,277,0.01050642079126831,0.053799191474570296
3427,Tynset,2023,277,0.01050642079126831,-0.1958868856819758
4616,Tysnes,2016,50,0.00182361830164434,0.8464824822376769
4616,Tysnes,2017,50,0.00182361830164434,0.6210562692850519
4616,Tysnes,2018,50,0.00182361830164434,0.44760898510308134
4616,Tysnes,2019,50,0.00182361830164434,0.2628603201845578
4616,Tysnes,2020,50,0.00182361830164434,0.15830296317943687
4616,Tysnes,2021,50,0.00182361830164434,0.03508646743661992
4616,Tysnes,2022,50,0.00182361830164434,-0.04060116840975703
4616,Tysnes,2023,72,0.00182361830164434,-0.07416499280076394
1146,Tysvær,2016,0,0.0062090793288386,-0.341157562446855
1146,Tysvær,2017,0,0.0062090793288386,-0.3980343018025704
1146,Tysvær,2018,50,0.0062090793288386,0.08134556257815602
1146,Tysvær,2019,50,0.0062090793288386,-0.10340310234036752
1146,Tysvær,2020,50,0.0062090793288386,-0.20796045934548843
1146,Tysvær,2021,50,0.0062090793288386,-0.3311769550883054
1146,Tysvær,2022,50,0.0062090793288386,-0.40686459093468236
1146,Tysvær,2023,50,0.0062090793288386,-0.5051884108382794
3905,Tønsberg,2016,36.6,0.01196245882835827,-0.22041864103984365
3905,Tønsberg,2017,36.6,0.01196245882835827,-0.40067359506849687
3905,Tønsberg,2018,171,0.01196245882835827,0.742300278028044
3905,Tønsberg,2019,171,0.01196245882835827,0.16815630933356662
3905,Tønsberg,2020,178.4,0.01196245882835827,-0.06641726931877873
3905,Tønsberg,2021,335.4,0.01196245882835827,0.34317540749416076
3905,Tønsberg,2022,335.4,0.01196245882835827,0.14304343482550053
3905,Tønsberg,2023,335.4,0.01196245882835827,-0.14558341688422716
3209,Ullensaker,2016,0,0.00330822876903022,-0.09888532523385768
3209,Ullensaker,2017,0,0.00330822876903022,-0.15576206458957303
3209,Ullensaker,2018,29.2,0.00330822876903022,0.12739928396929268
3209,Ullensaker,2019,29.2,0.00330822876903022,0.00958799358415624
3209,Ullensaker,2020,329.2,0.00330822876903022,1.3869356573575093
3209,Ullensaker,2021,479.2,0.00330822876903022,1.6478380865869426
3209,Ullensaker,2022,479.2,0.00330822876903022,1.385004307208246
3209,Ullensaker,2023,823.2,0.00330822876903022,2.0131033050262928
4618,Ullensvang,2016,72,0.00387352546533662,1.0366847560356283
4618,Ullensvang,2017,72,0.00387352546533662,0.73709677470036294
4618,Ullensvang,2018,72,0.00387352546533662,0.4839443599623892
4618,Ullensvang,2019,922,0.00387352546533662,5.5115201111721355
4618,Ullensvang,2020,922,0.00387352546533662,4.211626825932321
4618,Ullensvang,2021,922,0.00387352546533662,3.3924005612473516
4618,Ullensvang,2022,922,0.00387352546533662,2.9364905648227295
4618,Ullensvang,2023,972,0.00387352546533662,2.403904110943827
1516,Ulstein,2016,0,0.00985009923018732,-0.6452470076111971
1516,Ulstein,2017,0,0.00985009923018732,-0.7021237469669124
1516,Ulstein,2018,50,0.00985009923018732,-0.22274388258618605
1516,Ulstein,2019,50,0.00985009923018732,-0.4074925475047096
1516,Ulstein,2020,112.5,0.00985009923018732,-0.20925981687327952
1516,Ulstein,2021,112.5,0.00985009923018732,-0.3823623338992209
1516,Ulstein,2022,112.5,0.00985009923018732,-0.4853021458191533
1516,Ulstein,2023,112.5,0.00985009923018732,-0.6253005960236724
4620,Ulvik,2016,50,0.00174007764460009,0.8534596020385987
4620,Ulvik,2017,50,0.00174007764460009,0.6280333890859737
4620,Ulvik,2018,50,0.00174007764460009,0.45458610490400314
4620,Ulvik,2019,50,0.00174007764460009,0.2698374399854796
4620,Ulvik,2020,50,0.00174007764460009,0.16528008298035868
4620,Ulvik,2021,50,0.00174007764460009,0.04206358723754172
4620,Ulvik,2022,61,0.00174007764460009,0.006090684080422071
4620,Ulvik,2023,61,0.00174007764460009,-0.09956787075613716
5442,Unjárga-Nesseby,2016,0,0.00225023872146492,-0.010524477100521734
5442,Unjárga-Nesseby,2017,0,0.00225023872146492,-0.06740121645623709
5442,Unjárga-Nesseby,2018,0,0.00225023872146492,-0.05970047664729117
5442,Unjárga-Nesseby,2019,0,0.00225023872146492,-0.08354199124517264
5442,Unjárga-Nesseby,2020,0,0.00225023872146492,-0.11955944410839597
5442,Unjárga-Nesseby,2021,0,0.00225023872146492,-0.2028671228247133
5442,Unjárga-Nesseby,2022,0,0.00225023872146492,-0.256753017812246
5442,Unjárga-Nesseby,2023,0,0.00225023872146492,-0.32173713347510524
1151,Utsira,2016,0,0.0012189265998927,0.07560829320485002
1151,Utsira,2017,0,0.0012189265998927,0.018731553849134663
1151,Utsira,2018,0,0.0012189265998927,0.026432293658080586
1151,Utsira,2019,0,0.0012189265998927,0.002590779060199111
1151,Utsira,2020,0,0.0012189265998927,-0.03342667380302422
1151,Utsira,2021,0,0.0012189265998927,-0.11673435251934156
1151,Utsira,2022,0,0.0012189265998927,-0.17062024750687427
1151,Utsira,2023,0,0.0012189265998927,-0.2356043631697335
5405,Vadsø,2016,0,0.00721193478078312,-0.42491369842646914
5405,Vadsø,2017,0,0.00721193478078312,-0.4817904377821845
5405,Vadsø,2018,0,0.00721193478078312,-0.4740896979732386
5405,Vadsø,2019,0,0.00721193478078312,-0.49793121257112005
5405,Vadsø,2020,0,0.00721193478078312,-0.5339486654343434
5405,Vadsø,2021,0,0.00721193478078312,-0.6172563441506607
5405,Vadsø,2022,0,0.00721193478078312,-0.6711422391381934
5405,Vadsø,2023,7.4,0.00721193478078312,-0.7143434472195451
4628,Vaksdal,2016,0,0.00254022447560236,-0.034743407364691115
4628,Vaksdal,2017,43,0.00254022447560236,0.4698112010435129
4628,Vaksdal,2018,46.6,0.00254022447560236,0.35568553718943885
4628,Vaksdal,2019,46.6,0.00254022447560236,0.18187855849271894
4628,Vaksdal,2020,46.6,0.00254022447560236,0.08198191496924706
4628,Vaksdal,2021,46.6,0.00254022447560236,-0.03852078121576791
4628,Vaksdal,2022,46.6,0.00254022447560236,-0.1127258986837435
4628,Vaksdal,2023,46.6,0.00254022447560236,-0.2087826186989703
4221,Valle,2016,22,0.00285323876732992,0.30052008665619984
4221,Valle,2017,22,0.00285323876732992,0.1694815789178443
4221,Valle,2018,22,0.00285323876732992,0.09747718817078696
4221,Valle,2019,22,0.00285323876732992,0.0028365274318229994
4221,Valle,2020,22,0.00285323876732992,-0.06333848325383529
4221,Valle,2021,22,0.00285323876732992,-0.1642060414618125
4221,Valle,2022,22,0.00285323876732992,-0.22768470242723665
4221,Valle,2023,29.4,0.00285323876732992,-0.2855553803745129
3454,Vang,2016,11,0.0021709671890193,0.17679895229873152
3454,Vang,2017,11,0.0021709671890193,0.08284132875169606
3454,Vang,2018,11,0.0021709671890193,0.05068950328264038
3454,Vang,2019,11,0.0021709671890193,-0.008551584385782351
3454,Vang,2020,11,0.0021709671890193,-0.05964781616022319
3454,Vang,2021,22,0.0021709671890193,-0.1072243189441674
3454,Vang,2022,66,0.0021709671890193,-0.011844049152562264
3454,Vang,2023,366,0.0021709671890193,0.7622542734857601
1511,Vanylven,2016,0,0.00187265947646283,0.021010056142684475
1511,Vanylven,2017,0,0.00187265947646283,-0.03586668321303088
1511,Vanylven,2018,0,0.00187265947646283,-0.02816594340408496
1511,Vanylven,2019,0,0.00187265947646283,-0.05200745800196643
1511,Vanylven,2020,0,0.00187265947646283,-0.08802491086518976
1511,Vanylven,2021,0,0.00187265947646283,-0.1713325895815071
1511,Vanylven,2022,0,0.00187265947646283,-0.2252184845690398
1511,Vanylven,2023,0,0.00187265947646283,-0.29020260023189903
5404,Vardø,2016,0,0.00176628183749631,0.029894467128529167
5404,Vardø,2017,0,0.00176628183749631,-0.026982272227186188
5404,Vardø,2018,0,0.00176628183749631,-0.019281532418240266
5404,Vardø,2019,0,0.00176628183749631,-0.04312304701612174
5404,Vardø,2020,25.6,0.00176628183749631,0.04488232001658621
5404,Vardø,2021,25.6,0.00176628183749631,-0.05885867301729897
5404,Vardø,2022,25.6,0.00176628183749631,-0.12390705932455992
5404,Vardø,2023,25.6,0.00176628183749631,-0.20596110355867692
1824,Vefsn,2016,33,0.01136460626342166,-0.2296265133798164
1824,Vefsn,2017,33,0.01136460626342166,-0.3977459053094921
1824,Vefsn,2018,33,0.01136460626342166,-0.509602861334551
1824,Vefsn,2019,33,0.01136460626342166,-0.6396430951440563
1824,Vefsn,2020,44,0.01136460626342166,-0.667605829316899
1824,Vefsn,2021,66,0.01136460626342166,-0.6970110356601299
1824,Vefsn,2022,66,0.01136460626342166,-0.7796752285813371
1824,Vefsn,2023,66,0.01136460626342166,-0.88866775384197
1815,Vega,2016,0,0.00152889086035616,0.04972080493536979
1815,Vega,2017,0,0.00152889086035616,-0.007155934420345567
1815,Vega,2018,0,0.00152889086035616,5.448053886003557e-4
1815,Vega,2019,0,0.00152889086035616,-0.02329670920928112
1815,Vega,2020,0,0.00152889086035616,-0.05931416207250445
1815,Vega,2021,7.4,0.00152889086035616,-0.1126779993325761
1815,Vega,2022,7.4,0.00152889086035616,-0.1697905519672177
1815,Vega,2023,29.4,0.00152889086035616,-0.1749489483451161
4212,Vegårshei,2016,0,0.00168879626848039,0.03636588017451836
4212,Vegårshei,2017,0,0.00168879626848039,-0.020510859181196994
4212,Vegårshei,2018,0,0.00168879626848039,-0.012810119372251072
4212,Vegårshei,2019,0,0.00168879626848039,-0.03665163397013255
4212,Vegårshei,2020,0,0.00168879626848039,-0.07266908683335588
4212,Vegårshei,2021,0,0.00168879626848039,-0.1559767655496732
4212,Vegårshei,2022,0,0.00168879626848039,-0.20986266053720593
4212,Vegårshei,2023,69.9,0.00168879626848039,-0.06908660863960858
4223,Vennesla,2016,0,0.00482007221225223,-0.22515094483523157
4223,Vennesla,2017,0,0.00482007221225223,-0.2820276841909469
4223,Vennesla,2018,0,0.00482007221225223,-0.274326944382001
4223,Vennesla,2019,0,0.00482007221225223,-0.2981684589798825
4223,Vennesla,2020,0,0.00482007221225223,-0.3341859118431058
4223,Vennesla,2021,0,0.00482007221225223,-0.41749359055942314
4223,Vennesla,2022,0,0.00482007221225223,-0.47137948554695586
4223,Vennesla,2023,72,0.00482007221225223,-0.3244217977140658
5038,Verdal,2016,0,0.0063143547854277,-0.3499499217447934
5038,Verdal,2017,0,0.0063143547854277,-0.40682666110050875
5038,Verdal,2018,0,0.0063143547854277,-0.3991259212915628
5038,Verdal,2019,134.5,0.0063143547854277,0.41300917484611793
5038,Verdal,2020,134.5,0.0063143547854277,0.1926193798411901
5038,Verdal,2021,141.9,0.0063143547854277,0.03190082477983461
5038,Verdal,2022,191.9,0.0063143547854277,0.09666310145879871
5038,Verdal,2023,241.9,0.0063143547854277,0.05090300890314743
3216,Vestby,2016,150,0.00497061525012994,2.2264059200940416
3216,Vestby,2017,150,0.00497061525012994,1.663880759947597
3216,Vestby,2018,150,0.00497061525012994,1.1281374277837937
3216,Vestby,2019,229.4,0.00497061525012994,1.1150803573347938
3216,Vestby,2020,229.4,0.00497061525012994,0.7646018242685445
3216,Vestby,2021,229.4,0.00497061525012994,0.498192493034647
3216,Vestby,2022,429.4,0.00497061525012994,1.066366259882324
3216,Vestby,2023,451.4,0.00497061525012994,0.7798207597125998
1535,Vestnes,2016,62.5,0.00288275573487423,0.9633699626837787
1535,Vestnes,2017,62.5,0.00288275573487423,0.6958063813319264
1535,Vestnes,2018,62.5,0.00288275573487423,0.47707209115222665
1535,Vestnes,2019,62.5,0.00288275573487423,0.2520966386535426
1535,Vestnes,2020,62.5,0.00288275573487423,0.13040430561294727
1535,Vestnes,2021,62.5,0.00288275573487423,-0.002789394386494559
1535,Vestnes,2022,62.5,0.00288275573487423,-0.08392746544758262
1535,Vestnes,2023,62.5,0.00288275573487423,-0.190586211411364
3452,Vestre Slidre,2016,0,0.00335138110239763,-0.10248930693864913
3452,Vestre Slidre,2017,0,0.00335138110239763,-0.1593660462943645
3452,Vestre Slidre,2018,0,0.00335138110239763,-0.15166530648541857
3452,Vestre Slidre,2019,0,0.00335138110239763,-0.17550682108330004
3452,Vestre Slidre,2020,0,0.00335138110239763,-0.21152427394652337
3452,Vestre Slidre,2021,0,0.00335138110239763,-0.2948319526628407
3452,Vestre Slidre,2022,0,0.00335138110239763,-0.3487178476503734
3452,Vestre Slidre,2023,22,0.00335138110239763,-0.34894196780064257
3443,Vestre Toten,2016,0,0.00587890363570661,-0.3135820627100732
3443,Vestre Toten,2017,0,0.00587890363570661,-0.3704588020657886
3443,Vestre Toten,2018,0,0.00587890363570661,-0.36275806225684265
3443,Vestre Toten,2019,0,0.00587890363570661,-0.3865995768547241
3443,Vestre Toten,2020,62.5,0.00587890363570661,-0.11982694208139649
3443,Vestre Toten,2021,84.5,0.00587890363570661,-0.1639984107244322
3443,Vestre Toten,2022,84.5,0.00587890363570661,-0.2547292477634117
3443,Vestre Toten,2023,84.5,0.00587890363570661,-0.37605746359311765
1860,Vestvågøy,2016,0,0.00723151985502243,-0.4265493979063671
1860,Vestvågøy,2017,0,0.00723151985502243,-0.48342613726208244
1860,Vestvågøy,2018,0,0.00723151985502243,-0.4757253974531365
1860,Vestvågøy,2019,0,0.00723151985502243,-0.499566912051018
1860,Vestvågøy,2020,0,0.00723151985502243,-0.5355843649142413
1860,Vestvågøy,2021,350,0.00723151985502243,0.7973707279486298
1860,Vestvågøy,2022,412.5,0.00723151985502243,0.8165245372290582
1860,Vestvågøy,2023,469.9,0.00723151985502243,0.6454525771447797
1816,Vevelstad,2016,0,0.00130910212823727,0.06807704450952046
1816,Vevelstad,2017,0,0.00130910212823727,0.011200305153805101
1816,Vevelstad,2018,0,0.00130910212823727,0.018901044962751024
1816,Vevelstad,2019,0,0.00130910212823727,-0.004940469635130451
1816,Vevelstad,2020,0,0.00130910212823727,-0.04095792249835378
1816,Vevelstad,2021,0,0.00130910212823727,-0.12426560121467112
1816,Vevelstad,2022,0,0.00130910212823727,-0.17815149620220383
1816,Vevelstad,2023,0,0.00130910212823727,-0.24313561186506305
4639,Vik,2016,0,0.00194666965136388,0.01482889986451097
4639,Vik,2017,0,0.00194666965136388,-0.042047839491204386
4639,Vik,2018,0,0.00194666965136388,-0.034347099682258464
4639,Vik,2019,0,0.00194666965136388,-0.05818861428013994
4639,Vik,2020,0,0.00194666965136388,-0.09420606714336327
4639,Vik,2021,22,0.00194666965136388,-0.08849151450327453
4639,Vik,2022,22,0.00194666965136388,-0.15197017546869868
4639,Vik,2023,22,0.00194666965136388,-0.2316237609974825
1160,Vindafjord,2016,0,0.00578961819516253,-0.30612515206087687
1160,Vindafjord,2017,0,0.00578961819516253,-0.3630018914165922
1160,Vindafjord,2018,50,0.00578961819516253,0.11637797296413413
1160,Vindafjord,2019,50,0.00578961819516253,-0.06837069195438941
1160,Vindafjord,2020,50,0.00578961819516253,-0.1729280489595103
1160,Vindafjord,2021,57.4,0.00578961819516253,-0.2662007032460815
1160,Vindafjord,2022,257.4,0.00578961819516253,0.3769710521560201
1160,Vindafjord,2023,257.4,0.00578961819516253,0.14035413906184324
4036,Vinje,2016,0,0.0040345495481237,-0.15954593371997303
4036,Vinje,2017,0,0.0040345495481237,-0.21642267307568838
4036,Vinje,2018,0,0.0040345495481237,-0.20872193326674246
4036,Vinje,2019,0,0.0040345495481237,-0.23256344786462393
4036,Vinje,2020,0,0.0040345495481237,-0.26858090072784724
4036,Vinje,2021,372,0.0040345495481237,1.1533964234914302
4036,Vinje,2022,922,0.0040345495481237,2.923042210976962
4036,Vinje,2023,1222,0.0040345495481237,3.126364797013855
1577,Volda,2016,150,0.00665027738101908,2.0861244771784357
1577,Volda,2017,172,0.00665027738101908,1.8108432623995783
1577,Volda,2018,172,0.00665027738101908,1.1953947996797714
1577,Volda,2019,172,0.00665027738101908,0.6180326879788811
1577,Volda,2020,172,0.00665027738101908,0.3462379648675302
1577,Volda,2021,194,0.00665027738101908,0.21466618693646045
1577,Volda,2022,194,0.00665027738101908,0.07618953741661186
1577,Volda,2023,394,0.00665027738101908,0.47057460123232725
4621,Voss,2016,550,0.00618779916415823,8.69576255076792
4621,Voss,2017,572,0.00618779916415823,7.072085547213788
4621,Voss,2018,691,0.00618779916415823,6.130049209047486
4621,Voss,2019,935,0.00618779916415823,5.399038111363886
4621,Voss,2020,1035,0.00618779916415823,4.56578859126566
4621,Voss,2021,1035,0.00618779916415823,3.6563684001008014
4621,Voss,2022,1035,0.00618779916415823,3.1511864693351916
4621,Voss,2023,1042.4,0.00618779916415823,2.41785338347057
1865,Vågan,2016,22,0.00472945880019166,0.14382258863159164
1865,Vågan,2017,22,0.00472945880019166,0.012784080893236072
1865,Vågan,2018,22,0.00472945880019166,-0.05922030985382126
1865,Vågan,2019,91.6,0.00472945880019166,0.2787336175647993
1865,Vågan,2020,91.6,0.00472945880019166,0.11715106031361965
1865,Vågan,2021,113.6,0.00472945880019166,0.04975266016116121
1865,Vågan,2022,113.6,0.00472945880019166,-0.053666790057665725
1865,Vågan,2023,121,0.00472945880019166,-0.17261580617397346
3435,Vågå,2016,0,0.00403398058624765,-0.1594984153581141
3435,Vågå,2017,7.4,0.00403398058624765,-0.11975673672655035
3435,Vågå,2018,7.4,0.00403398058624765,-0.13886590446826003
3435,Vågå,2019,7.4,0.00403398058624765,-0.18652167731359653
3435,Vågå,2020,7.4,0.00403398058624765,-0.2326830359898207
3435,Vågå,2021,92.2,0.00403398058624765,0.021243017602269126
3435,Vågå,2022,121.6,0.00403398058624765,0.03330136165867892
3435,Vågå,2023,129,0.00403398058624765,-0.09098200713614685
3419,Våler (Hedmark),2016,25.6,0.00279527005470329,0.36450061441266796
3419,Våler (Hedmark),2017,25.6,0.00279527005470329,0.22132654457533488
3419,Våler (Hedmark),2018,25.6,0.00279527005470329,0.13627949610093157
3419,Våler (Hedmark),2019,25.6,0.00279527005470329,0.030053520538881356
3419,Våler (Hedmark),2020,25.6,0.00279527005470329,-0.041056363244993566
3419,Våler (Hedmark),2021,25.6,0.00279527005470329,-0.14479735627887874
3419,Våler (Hedmark),2022,25.6,0.00279527005470329,-0.2098457425861397
3419,Våler (Hedmark),2023,325.6,0.00279527005470329,0.5911910610786988
3114,Våler (Østfold),2016,7.4,0.00184275142900823,0.14507164622116211
3114,Våler (Østfold),2017,7.4,0.00184275142900823,0.0632495847731041
3114,Våler (Østfold),2018,7.4,0.00184275142900823,0.04414041703139443
3114,Våler (Østfold),2019,7.4,0.00184275142900823,-0.003515355813942078
3114,Våler (Østfold),2020,7.4,0.00184275142900823,-0.04967671449016625
3114,Våler (Østfold),2021,7.4,0.00184275142900823,-0.13889089812640554
3114,Våler (Østfold),2022,7.4,0.00184275142900823,-0.19600345076104714
3114,Våler (Østfold),2023,69.9,0.00184275142900823,-0.08194458267258659
1857,Værøy,2016,0,0.00136086275746837,0.06375411811782122
1857,Værøy,2017,0,0.00136086275746837,0.006877378762105868
1857,Værøy,2018,0,0.00136086275746837,0.01457811857105179
1857,Værøy,2019,0,0.00136086275746837,-0.009263396026829684
1857,Værøy,2020,0,0.00136086275746837,-0.045280848890053016
1857,Værøy,2021,0,0.00136086275746837,-0.12858852760637035
1857,Værøy,2022,0,0.00136086275746837,-0.18247442259390306
1857,Værøy,2023,0,0.00136086275746837,-0.24745853825676228
5058,Åfjord,2016,0,0.00463916783792361,-0.21004223565267122
5058,Åfjord,2017,0,0.00463916783792361,-0.26691897500838657
5058,Åfjord,2018,0,0.00463916783792361,-0.25921823519944065
5058,Åfjord,2019,3.6,0.00463916783792361,-0.26068416765124014
5058,Åfjord,2020,3.6,0.00463916783792361,-0.30163649361268013
5058,Åfjord,2021,36.6,0.00463916783792361,-0.25428426012029626
5058,Åfjord,2022,36.6,0.00463916783792361,-0.32412902941650296
5058,Åfjord,2023,110,0.00463916783792361,-0.19745491446430447
3328,Ål,2016,0,0.00793816280403676,-0.48556656016232297
3328,Ål,2017,0,0.00793816280403676,-0.5424432995180384
3328,Ål,2018,0,0.00793816280403676,-0.5347425597090925
3328,Ål,2019,0,0.00793816280403676,-0.5585840743069739
3328,Ål,2020,0,0.00793816280403676,-0.5946015271701972
3328,Ål,2021,40.4,0.00793816280403676,-0.5144320173956596
3328,Ål,2022,40.4,0.00793816280403676,-0.5859337189971385
3328,Ål,2023,40.4,0.00793816280403676,-0.6778563156865138
1507,Ålesund,2016,86.8,0.02207462984245546,-0.24030132576784569
1507,Ålesund,2017,136.8,0.02207462984245546,0.06304719727490093
1507,Ålesund,2018,195.6,0.02207462984245546,0.12982159394111292
1507,Ålesund,2019,195.6,0.02207462984245546,-0.5234886927111203
1507,Ålesund,2020,267.6,0.02207462984245546,-0.4788200696201401
1507,Ålesund,2021,417.6,0.02207462984245546,-0.16874997781405954
1507,Ålesund,2022,417.6,0.02207462984245546,-0.40472401245465994
1507,Ålesund,2023,1033.6,0.02207462984245546,1.0651185364163611
4217,Åmli,2016,0,0.00244053811254494,-0.026417836053929222
4217,Åmli,2017,0,0.00244053811254494,-0.08329457540964458
4217,Åmli,2018,0,0.00244053811254494,-0.07559383560069866
4217,Åmli,2019,0,0.00244053811254494,-0.09943535019858013
4217,Åmli,2020,0,0.00244053811254494,-0.13545280306180346
4217,Åmli,2021,0,0.00244053811254494,-0.2187604817781208
4217,Åmli,2022,0,0.00244053811254494,-0.2726463767656535
4217,Åmli,2023,73.5,0.00244053811254494,-0.12127323469326867
3422,Åmot,2016,11,0.00279955234458723,0.12430099393152003
3422,Åmot,2017,11,0.00279955234458723,0.030343370384484564
3422,Åmot,2018,11,0.00279955234458723,-0.0018084550845711145
3422,Åmot,2019,11,0.00279955234458723,-0.061049542752993846
3422,Åmot,2020,11,0.00279955234458723,-0.11214577452743468
3422,Åmot,2021,11,0.00279955234458723,-0.20423339298958193
3422,Åmot,2022,11,0.00279955234458723,-0.2629156709660604
3422,Åmot,2023,73.5,0.00279955234458723,-0.15125726158293284
4643,Årdal,2016,0,0.00361425016687043,-0.12444351486176247
4643,Årdal,2017,0,0.00361425016687043,-0.18132025421747783
4643,Årdal,2018,0,0.00361425016687043,-0.1736195144085319
4643,Årdal,2019,0,0.00361425016687043,-0.19746102900641338
4643,Årdal,2020,0,0.00361425016687043,-0.2334784818696367
4643,Årdal,2021,0,0.00361425016687043,-0.31678616058595405
4643,Årdal,2022,22,0.00361425016687043,-0.2912425901949721
4643,Årdal,2023,22,0.00361425016687043,-0.37089617572375594
3218,Ås,2016,11,0.00708207900316032,-0.23336559147346564
3218,Ås,2017,33,0.00708207900316032,-0.04007926965291445
3218,Ås,2018,33,0.00708207900316032,-0.1519362256779734
3218,Ås,2019,83,0.00708207900316032,0.028795514763659727
3218,Ås,2020,283,0.00708207900316032,0.8479301014618497
3218,Ås,2021,283,0.00708207900316032,0.5387385183755448
3218,Ås,2022,283,0.00708207900316032,0.3614547701269532
3218,Ås,2023,933,0.00708207900316032,2.021131432242589
4224,Åseral,2016,0,0.00251202357772324,-0.032388134495674015
4224,Åseral,2017,0,0.00251202357772324,-0.08926487385138937
4224,Åseral,2018,0,0.00251202357772324,-0.08156413404244345
4224,Åseral,2019,0,0.00251202357772324,-0.10540564864032492
4224,Åseral,2020,0,0.00251202357772324,-0.14142310150354825
4224,Åseral,2021,0,0.00251202357772324,-0.2247307802198656
4224,Åseral,2022,0,0.00251202357772324,-0.2786166752073983
4224,Åseral,2023,50,0.00251202357772324,-0.19641898288709836
3418,Åsnes,2016,0,0.00404664577495705,-0.1605561822234137
3418,Åsnes,2017,0,0.00404664577495705,-0.21743292157912905
3418,Åsnes,2018,50,0.00404664577495705,0.2619469428015973
3418,Åsnes,2019,50,0.00404664577495705,0.07719827788307378
3418,Åsnes,2020,50,0.00404664577495705,-0.02735907912204713
3418,Åsnes,2021,50,0.00404664577495705,-0.1505755748648641
3418,Åsnes,2022,50,0.00404664577495705,-0.22626321071124103
3418,Åsnes,2023,50,0.00404664577495705,-0.32458703061483807
1868,Øksnes,2016,0,0.00284887645724411,-0.06052129718384519
1868,Øksnes,2017,0,0.00284887645724411,-0.11739803653956055
1868,Øksnes,2018,0,0.00284887645724411,-0.10969729673061462
1868,Øksnes,2019,0,0.00284887645724411,-0.1335388113284961
1868,Øksnes,2020,0,0.00284887645724411,-0.16955626419171943
1868,Øksnes,2021,0,0.00284887645724411,-0.25286394290803677
1868,Øksnes,2022,0,0.00284887645724411,-0.3067498378955695
1868,Øksnes,2023,66,0.00284887645724411,-0.17745396702065858
5057,Ørland,2016,0,0.00268866237871985,-0.047140592994913966
5057,Ørland,2017,0,0.00268866237871985,-0.10401733235062932
5057,Ørland,2018,0,0.00268866237871985,-0.0963165925416834
5057,Ørland,2019,0,0.00268866237871985,-0.12015810713956487
5057,Ørland,2020,0,0.00268866237871985,-0.1561755600027882
5057,Ørland,2021,116,0.00268866237871985,0.22990670843285407
5057,Ørland,2022,116,0.00268866237871985,0.12544077465280262
5057,Ørland,2023,288,0.00268866237871985,0.4894139646134997
1520,Ørsta,2016,0,0.0047689991108767,-0.22088543915800246
1520,Ørsta,2017,0,0.0047689991108767,-0.2777621785137178
1520,Ørsta,2018,0,0.0047689991108767,-0.2700614387047719
1520,Ørsta,2019,0,0.0047689991108767,-0.29390295330265337
1520,Ørsta,2020,0,0.0047689991108767,-0.3299204061658767
1520,Ørsta,2021,350,0.0047689991108767,1.0030346866969946
1520,Ørsta,2022,350,0.0047689991108767,0.7965366056975518
1520,Ørsta,2023,372,0.0047689991108767,0.5629345558621187
3442,Østre Toten,2016,0,0.00396706425087153,-0.15390971992433808
3442,Østre Toten,2017,0,0.00396706425087153,-0.21078645928005343
3442,Østre Toten,2018,0,0.00396706425087153,-0.2030857194711075
3442,Østre Toten,2019,0,0.00396706425087153,-0.226927234068989
3442,Østre Toten,2020,0,0.00396706425087153,-0.2629446869322123
3442,Østre Toten,2021,59,0.00396706425087153,-0.10751092701089507
3442,Østre Toten,2022,59,0.00396706425087153,-0.187122876211864
3442,Østre Toten,2023,66.4,0.00396706425087153,-0.2696649352972862
3314,Øvre Eiker,2016,0,0.00608720002376558,-0.33097848865411317
3314,Øvre Eiker,2017,0,0.00608720002376558,-0.3878552280098285
3314,Øvre Eiker,2018,0,0.00608720002376558,-0.3801544882008826
3314,Øvre Eiker,2019,0,0.00608720002376558,-0.4039960027987641
3314,Øvre Eiker,2020,0,0.00608720002376558,-0.4400134556619874
3314,Øvre Eiker,2021,0,0.00608720002376558,-0.5233211343783047
3314,Øvre Eiker,2022,0,0.00608720002376558,-0.5772070293658375
3314,Øvre Eiker,2023,150,0.00608720002376558,-0.20064572107921902
3440,Øyer,2016,22,0.00299919506239671,0.28833015911181525
3440,Øyer,2017,22,0.00299919506239671,0.1572916513734597
3440,Øyer,2018,22,0.00299919506239671,0.08528726062640238
3440,Øyer,2019,22,0.00299919506239671,-0.009353400112561583
3440,Øyer,2020,44,0.00299919506239671,0.03105370004984606
3440,Øyer,2021,73.4,0.00299919506239671,0.031592335162860946
3440,Øyer,2022,73.4,0.00299919506239671,-0.05429851540545516
3440,Øyer,2023,73.4,0.00299919506239671,-0.1682253168937174
4626,Øygarden,2016,22,0.00861320857783007,-0.1805390866785948
4626,Øygarden,2017,22,0.00861320857783007,-0.3115775944169504
4626,Øygarden,2018,22,0.00861320857783007,-0.3835819851640077
4626,Øygarden,2019,395.6,0.00861320857783007,1.8438655457015345
4626,Øygarden,2020,675.6,0.00861320857783007,2.622059963879366
4626,Øygarden,2021,675.6,0.00861320857783007,1.999504349500986
4626,Øygarden,2022,675.6,0.00861320857783007,1.6510333320287491
4626,Øygarden,2023,675.6,0.00861320857783007,1.1355631326650426
3453,Øystre Slidre,2016,0,0.00336106259169141,-0.10329788222455175
3453,Øystre Slidre,2017,0,0.00336106259169141,-0.1601746215802671
3453,Øystre Slidre,2018,0,0.00336106259169141,-0.15247388177132118
3453,Øystre Slidre,2019,0,0.00336106259169141,-0.17631539636920265
3453,Øystre Slidre,2020,0,0.00336106259169141,-0.21233284923242599
3453,Øystre Slidre,2021,0,0.00336106259169141,-0.2956405279487433
3453,Øystre Slidre,2022,7.4,0.00336106259169141,-0.3228092391271392
3453,Øystre Slidre,2023,164.8,0.00336106259169141,0.07060070051335757
